"FullName","Length","LastWriteTime"
"C:\Users\Ghanam\OneDrive\projects\Greeny-Life\app\globals.css","379","7/16/2026 5:45:38 PM"
"C:\Users\Ghanam\OneDrive\projects\Greeny-Life\app\layout.tsx","316","7/16/2026 5:33:59 PM"
"C:\Users\Ghanam\OneDrive\projects\Greeny-Life\app\page.tsx","4746","7/22/2026 5:09:48 PM"
"C:\Users\Ghanam\OneDrive\projects\Greeny-Life\app\api\products\route.ts","1679","7/25/2026 12:25:58 AM"
"C:\Users\Ghanam\OneDrive\projects\Greeny-Life\app\api\sales-orders\route.ts","1879","7/25/2026 12:26:01 AM"
"C:\Users\Ghanam\OneDrive\projects\Greeny-Life\app\api\suppliers\route.ts","1471","7/25/2026 12:38:57 AM"
"C:\Users\Ghanam\OneDrive\projects\Greeny-Life\app\api\workflow\route.ts","1971","7/25/2026 12:27:41 AM"
"C:\Users\Ghanam\OneDrive\projects\Greeny-Life\app\assets\css\style.css","12404","7/14/2026 1:25:36 AM"
"C:\Users\Ghanam\OneDrive\projects\Greeny-Life\app\assets\images\categories\bee-products.jpg","117546","7/14/2026 2:26:02 PM"
"C:\Users\Ghanam\OneDrive\projects\Greeny-Life\app\assets\images\categories\honey.jpg","138294","7/14/2026 2:27:13 PM"
"C:\Users\Ghanam\OneDrive\projects\Greeny-Life\app\assets\images\categories\natural-oils.jpg","145009","7/14/2026 2:11:34 PM"
"C:\Users\Ghanam\OneDrive\projects\Greeny-Life\app\assets\images\categories\premium-spices.jpg","158296","7/14/2026 2:13:01 PM"
"C:\Users\Ghanam\OneDrive\projects\Greeny-Life\app\assets\images\categories\large\bee-products.jpg","103132","7/14/2026 1:55:03 PM"
"C:\Users\Ghanam\OneDrive\projects\Greeny-Life\app\assets\images\categories\large\honey.jpg","142599","7/14/2026 1:53:15 PM"
"C:\Users\Ghanam\OneDrive\projects\Greeny-Life\app\assets\images\categories\large\natural-oils.jpg","145009","7/14/2026 4:50:19 PM"
"C:\Users\Ghanam\OneDrive\projects\Greeny-Life\app\assets\images\categories\large\primum-spices.jpg","144564","7/14/2026 1:54:30 PM"
"C:\Users\Ghanam\OneDrive\projects\Greeny-Life\app\assets\images\products\bee-pollen\bee-pollen.jpg","208466","7/14/2026 3:17:58 PM"
"C:\Users\Ghanam\OneDrive\projects\Greeny-Life\app\assets\images\products\black-seed-oil\black-seed-oil.jpg","247646","7/14/2026 3:31:19 PM"
"C:\Users\Ghanam\OneDrive\projects\Greeny-Life\app\assets\images\products\citrus-honey\citrus-honey.jpg","248537","7/14/2026 3:19:29 PM"
"C:\Users\Ghanam\OneDrive\projects\Greeny-Life\app\assets\images\products\clove-honey\clover-honey.jpg","241003","7/14/2026 3:20:39 PM"
"C:\Users\Ghanam\OneDrive\projects\Greeny-Life\app\assets\images\products\cumin-powder\cumin-powder.jpg","272630","7/14/2026 3:48:21 PM"
"C:\Users\Ghanam\OneDrive\projects\Greeny-Life\app\assets\images\products\garlic-powder\garlic-powder.jpg","248631","7/14/2026 3:13:50 PM"
"C:\Users\Ghanam\OneDrive\projects\Greeny-Life\app\assets\images\products\hibiscus-flower\hibiscus-flowers.jpg","272474","7/14/2026 3:42:15 PM"
"C:\Users\Ghanam\OneDrive\projects\Greeny-Life\app\assets\images\products\onion-powder\union-powder.jpg","252158","7/14/2026 3:22:33 PM"
"C:\Users\Ghanam\OneDrive\projects\Greeny-Life\app\assets\images\products\propolis\propolis.jpg","278408","7/14/2026 3:59:18 PM"
"C:\Users\Ghanam\OneDrive\projects\Greeny-Life\app\assets\images\products\pure-beeswax\pure-beeswax.jpg","229342","7/14/2026 3:18:51 PM"
"C:\Users\Ghanam\OneDrive\projects\Greeny-Life\app\assets\images\products\royal-jelly\Royal-jelly.jpg","226718","7/14/2026 3:17:24 PM"
"C:\Users\Ghanam\OneDrive\projects\Greeny-Life\app\assets\images\products\seven-spices-blend\seven-spices-blend.jpg","278225","7/14/2026 3:52:52 PM"
"C:\Users\Ghanam\OneDrive\projects\Greeny-Life\app\assets\images\products\sweet-paprika\sweet-paprika.jpg","264677","7/14/2026 3:57:19 PM"
"C:\Users\Ghanam\OneDrive\projects\Greeny-Life\app\assets\images\products\turmeric-powder\turmeric-powder.jpg","268832","7/14/2026 3:21:45 PM"
"C:\Users\Ghanam\OneDrive\projects\Greeny-Life\app\assets\images\products\wildflower-honey\wildflower-honey.jpg","260512","7/14/2026 3:20:02 PM"
"C:\Users\Ghanam\OneDrive\projects\Greeny-Life\app\assets\logos\logo.jpg","21523","7/10/2026 8:49:03 PM"
"C:\Users\Ghanam\OneDrive\projects\Greeny-Life\app\js\script.js","0","7/22/2026 6:49:56 PM"
"C:\Users\Ghanam\OneDrive\projects\Greeny-Life\app\views\about.html","2706","7/13/2026 6:16:57 PM"
"C:\Users\Ghanam\OneDrive\projects\Greeny-Life\app\views\contact.html","2999","7/13/2026 6:16:57 PM"
"C:\Users\Ghanam\OneDrive\projects\Greeny-Life\app\views\home.html","5660","7/14/2026 1:17:26 AM"
"C:\Users\Ghanam\OneDrive\projects\Greeny-Life\app\views\packaging.html","3052","7/13/2026 6:16:57 PM"
"C:\Users\Ghanam\OneDrive\projects\Greeny-Life\app\views\product.html","3590","7/13/2026 6:16:57 PM"
"C:\Users\Ghanam\OneDrive\projects\Greeny-Life\app\views\products.html","0","7/13/2026 5:56:53 PM"
"C:\Users\Ghanam\OneDrive\projects\Greeny-Life\application\customer\commands\customer-command.ts","0","7/30/2026 1:30:14 PM"
"C:\Users\Ghanam\OneDrive\projects\Greeny-Life\application\customer\queries\customer-query.ts","0","7/30/2026 1:30:14 PM"
"C:\Users\Ghanam\OneDrive\projects\Greeny-Life\application\customer\workflows\customer-workflow.ts","0","7/30/2026 1:30:14 PM"
"C:\Users\Ghanam\OneDrive\projects\Greeny-Life\application\inventory\commands\inventory-command.ts","0","7/30/2026 1:30:14 PM"
"C:\Users\Ghanam\OneDrive\projects\Greeny-Life\application\inventory\queries\inventory-query.ts","0","7/30/2026 1:30:14 PM"
"C:\Users\Ghanam\OneDrive\projects\Greeny-Life\application\inventory\workflows\inventory-workflow.ts","0","7/30/2026 1:30:14 PM"
"C:\Users\Ghanam\OneDrive\projects\Greeny-Life\application\logistics\commands\logistics-command.ts","0","7/30/2026 1:30:14 PM"
"C:\Users\Ghanam\OneDrive\projects\Greeny-Life\application\logistics\queries\logistics-query.ts","0","7/30/2026 1:30:14 PM"
"C:\Users\Ghanam\OneDrive\projects\Greeny-Life\application\logistics\workflows\logistics-workflow.ts","0","7/30/2026 1:30:14 PM"
"C:\Users\Ghanam\OneDrive\projects\Greeny-Life\application\product\commands\product-command.ts","0","7/30/2026 1:30:13 PM"
"C:\Users\Ghanam\OneDrive\projects\Greeny-Life\application\product\queries\product-query.ts","0","7/30/2026 1:30:14 PM"
"C:\Users\Ghanam\OneDrive\projects\Greeny-Life\application\product\workflows\product-workflow.ts","0","7/30/2026 1:30:14 PM"
"C:\Users\Ghanam\OneDrive\projects\Greeny-Life\application\quality\commands\quality-command.ts","0","7/30/2026 1:30:14 PM"
"C:\Users\Ghanam\OneDrive\projects\Greeny-Life\application\quality\queries\quality-query.ts","0","7/30/2026 1:30:14 PM"
"C:\Users\Ghanam\OneDrive\projects\Greeny-Life\application\quality\workflows\quality-workflow.ts","0","7/30/2026 1:30:14 PM"
"C:\Users\Ghanam\OneDrive\projects\Greeny-Life\application\supplier\commands\supplier-command.ts","0","7/30/2026 1:30:14 PM"
"C:\Users\Ghanam\OneDrive\projects\Greeny-Life\application\supplier\queries\supplier-query.ts","0","7/30/2026 1:30:14 PM"
"C:\Users\Ghanam\OneDrive\projects\Greeny-Life\application\supplier\workflows\supplier-workflow.ts","0","7/30/2026 1:30:14 PM"
"C:\Users\Ghanam\OneDrive\projects\Greeny-Life\components\layout\Footer.tsx","233","7/21/2026 8:20:40 PM"
"C:\Users\Ghanam\OneDrive\projects\Greeny-Life\components\layout\Header.tsx","233","7/21/2026 8:31:44 PM"
"C:\Users\Ghanam\OneDrive\projects\Greeny-Life\components\layout\Navigation.tsx","249","7/21/2026 8:33:36 PM"
"C:\Users\Ghanam\OneDrive\projects\Greeny-Life\components\sections\Collections.tsx","257","7/21/2026 8:36:59 PM"
"C:\Users\Ghanam\OneDrive\projects\Greeny-Life\components\sections\Contact.tsx","241","7/21/2026 8:38:06 PM"
"C:\Users\Ghanam\OneDrive\projects\Greeny-Life\components\sections\Hero.tsx","229","7/21/2026 8:41:35 PM"
"C:\Users\Ghanam\OneDrive\projects\Greeny-Life\components\ui\Loader.tsx","108","7/19/2026 4:37:01 PM"
"C:\Users\Ghanam\OneDrive\projects\Greeny-Life\components\ui\Modal.tsx","289","7/19/2026 4:37:50 PM"
"C:\Users\Ghanam\OneDrive\projects\Greeny-Life\components\ui\Toast.tsx","131","7/19/2026 4:37:30 PM"
"C:\Users\Ghanam\OneDrive\projects\Greeny-Life\data\01_global.json","1069","7/15/2026 7:05:41 PM"
"C:\Users\Ghanam\OneDrive\projects\Greeny-Life\data\02_collections.json","2452","7/18/2026 1:49:51 PM"
"C:\Users\Ghanam\OneDrive\projects\Greeny-Life\data\03_packaging_system.json","4424","7/18/2026 1:49:51 PM"
"C:\Users\Ghanam\OneDrive\projects\Greeny-Life\data\04_packaging_profiles.json","4440","7/18/2026 1:49:51 PM"
"C:\Users\Ghanam\OneDrive\projects\Greeny-Life\data\05_master_products.json","9106","7/18/2026 1:49:51 PM"
"C:\Users\Ghanam\OneDrive\projects\Greeny-Life\data\06_markets.json","2004","7/18/2026 1:49:51 PM"
"C:\Users\Ghanam\OneDrive\projects\Greeny-Life\data\07_documents.json","2670","7/18/2026 1:49:51 PM"
"C:\Users\Ghanam\OneDrive\projects\Greeny-Life\data\08_media.json","3576","7/16/2026 8:33:32 PM"
"C:\Users\Ghanam\OneDrive\projects\Greeny-Life\data\09_design_system.json","3721","7/18/2026 3:29:07 PM"
"C:\Users\Ghanam\OneDrive\projects\Greeny-Life\data\customers.json","1378","7/26/2026 12:51:18 PM"
"C:\Users\Ghanam\OneDrive\projects\Greeny-Life\data\legacy_brand.json","111","7/21/2026 10:01:50 PM"
"C:\Users\Ghanam\OneDrive\projects\Greeny-Life\data\legacy_categories.json","116","7/21/2026 10:01:50 PM"
"C:\Users\Ghanam\OneDrive\projects\Greeny-Life\data\legacy_certificates.json","118","7/21/2026 10:01:50 PM"
"C:\Users\Ghanam\OneDrive\projects\Greeny-Life\data\legacy_countries.json","115","7/21/2026 10:01:51 PM"
"C:\Users\Ghanam\OneDrive\projects\Greeny-Life\data\legacy_incoterms.json","115","7/21/2026 10:01:51 PM"
"C:\Users\Ghanam\OneDrive\projects\Greeny-Life\data\legacy_markets.json","113","7/21/2026 10:01:51 PM"
"C:\Users\Ghanam\OneDrive\projects\Greeny-Life\data\legacy_packaging.json","115","7/21/2026 10:01:51 PM"
"C:\Users\Ghanam\OneDrive\projects\Greeny-Life\data\legacy_products.json","3531","7/24/2026 4:50:10 PM"
"C:\Users\Ghanam\OneDrive\projects\Greeny-Life\data\legacy_units.json","111","7/21/2026 10:01:51 PM"
"C:\Users\Ghanam\OneDrive\projects\Greeny-Life\data\migrated_categories.json","936","7/19/2026 4:18:13 PM"
"C:\Users\Ghanam\OneDrive\projects\Greeny-Life\data\migrated_products.json","3656","7/24/2026 4:50:36 PM"
"C:\Users\Ghanam\OneDrive\projects\Greeny-Life\data\opportunities.json","389","7/26/2026 12:51:18 PM"
"C:\Users\Ghanam\OneDrive\projects\Greeny-Life\data\packaging_policies.json","432","7/25/2026 10:36:28 PM"
"C:\Users\Ghanam\OneDrive\projects\Greeny-Life\data\product_master_extended.json","3182","7/26/2026 1:52:54 PM"
"C:\Users\Ghanam\OneDrive\projects\Greeny-Life\data\suppliers.json","720","7/26/2026 12:51:18 PM"
"C:\Users\Ghanam\OneDrive\projects\Greeny-Life\database\connections\index.ts","0","7/30/2026 1:31:04 PM"
"C:\Users\Ghanam\OneDrive\projects\Greeny-Life\database\indexes\README.md","0","7/30/2026 1:33:36 PM"
"C:\Users\Ghanam\OneDrive\projects\Greeny-Life\database\migrations\README.md","0","7/30/2026 1:33:36 PM"
"C:\Users\Ghanam\OneDrive\projects\Greeny-Life\database\models\entities.ts","0","7/30/2026 1:33:36 PM"
"C:\Users\Ghanam\OneDrive\projects\Greeny-Life\database\models\index.ts","0","7/30/2026 1:31:04 PM"
"C:\Users\Ghanam\OneDrive\projects\Greeny-Life\database\repositories\index.ts","0","7/30/2026 1:31:04 PM"
"C:\Users\Ghanam\OneDrive\projects\Greeny-Life\database\repositories\repository-contracts.ts","0","7/30/2026 1:33:36 PM"
"C:\Users\Ghanam\OneDrive\projects\Greeny-Life\database\schemas\index.ts","0","7/30/2026 1:31:04 PM"
"C:\Users\Ghanam\OneDrive\projects\Greeny-Life\database\schemas\core\enterprise-schema.ts","0","7/30/2026 1:33:36 PM"
"C:\Users\Ghanam\OneDrive\projects\Greeny-Life\database\schemas\domain\domain-schema.ts","0","7/30/2026 1:33:36 PM"
"C:\Users\Ghanam\OneDrive\projects\Greeny-Life\database\seed\README.md","0","7/30/2026 1:31:04 PM"
"C:\Users\Ghanam\OneDrive\projects\Greeny-Life\database\seeds\README.md","0","7/30/2026 1:33:36 PM"
"C:\Users\Ghanam\OneDrive\projects\Greeny-Life\domain\customer\entities\customer-entity.ts","0","7/30/2026 1:29:00 PM"
"C:\Users\Ghanam\OneDrive\projects\Greeny-Life\domain\customer\rules\customer-rules.ts","0","7/30/2026 1:29:00 PM"
"C:\Users\Ghanam\OneDrive\projects\Greeny-Life\domain\customer\services\customer-service.ts","0","7/30/2026 1:29:00 PM"
"C:\Users\Ghanam\OneDrive\projects\Greeny-Life\domain\inventory\entities\inventory-entity.ts","0","7/30/2026 1:29:00 PM"
"C:\Users\Ghanam\OneDrive\projects\Greeny-Life\domain\inventory\rules\inventory-rules.ts","0","7/30/2026 1:29:00 PM"
"C:\Users\Ghanam\OneDrive\projects\Greeny-Life\domain\inventory\services\inventory-service.ts","0","7/30/2026 1:29:00 PM"
"C:\Users\Ghanam\OneDrive\projects\Greeny-Life\domain\logistics\entities\logistics-entity.ts","0","7/30/2026 1:29:00 PM"
"C:\Users\Ghanam\OneDrive\projects\Greeny-Life\domain\logistics\rules\logistics-rules.ts","0","7/30/2026 1:29:00 PM"
"C:\Users\Ghanam\OneDrive\projects\Greeny-Life\domain\logistics\services\logistics-service.ts","0","7/30/2026 1:29:00 PM"
"C:\Users\Ghanam\OneDrive\projects\Greeny-Life\domain\product\entities\product-entity.ts","0","7/30/2026 1:29:00 PM"
"C:\Users\Ghanam\OneDrive\projects\Greeny-Life\domain\product\rules\product-rules.ts","0","7/30/2026 1:29:00 PM"
"C:\Users\Ghanam\OneDrive\projects\Greeny-Life\domain\product\services\product-service.ts","0","7/30/2026 1:29:00 PM"
"C:\Users\Ghanam\OneDrive\projects\Greeny-Life\domain\quality\entities\quality-entity.ts","0","7/30/2026 1:29:00 PM"
"C:\Users\Ghanam\OneDrive\projects\Greeny-Life\domain\quality\rules\quality-rules.ts","0","7/30/2026 1:29:00 PM"
"C:\Users\Ghanam\OneDrive\projects\Greeny-Life\domain\quality\services\quality-service.ts","0","7/30/2026 1:29:00 PM"
"C:\Users\Ghanam\OneDrive\projects\Greeny-Life\domain\supplier\entities\supplier-entity.ts","0","7/30/2026 1:29:00 PM"
"C:\Users\Ghanam\OneDrive\projects\Greeny-Life\domain\supplier\rules\supplier-rules.ts","0","7/30/2026 1:29:00 PM"
"C:\Users\Ghanam\OneDrive\projects\Greeny-Life\domain\supplier\services\supplier-service.ts","0","7/30/2026 1:29:00 PM"
"C:\Users\Ghanam\OneDrive\projects\Greeny-Life\eos-core\architecture\architecture\application-architecture\assurance","2664","7/30/2026 7:03:11 PM"
"C:\Users\Ghanam\OneDrive\projects\Greeny-Life\eos-core\architecture\architecture\application-architecture\operations","2805","7/30/2026 7:05:07 PM"
"C:\Users\Ghanam\OneDrive\projects\Greeny-Life\eos-core\architecture\architecture\application-architecture\compliance\46-application-enterprise-architecture-compliance-foundation.json","2498","7/30/2026 7:03:42 PM"
"C:\Users\Ghanam\OneDrive\projects\Greeny-Life\eos-core\architecture\architecture\application-architecture\data\59-application-enterprise-architecture-data-interaction-foundation.json","2900","7/30/2026 7:08:53 PM"
"C:\Users\Ghanam\OneDrive\projects\Greeny-Life\eos-core\architecture\architecture\application-architecture\governance\39-application-enterprise-architecture-governance-foundation.json","2990","7/30/2026 7:00:49 PM"
"C:\Users\Ghanam\OneDrive\projects\Greeny-Life\eos-core\architecture\architecture\application-architecture\governance\40-application-enterprise-architecture-maturity-foundation.json","2154","7/30/2026 7:00:56 PM"
"C:\Users\Ghanam\OneDrive\projects\Greeny-Life\eos-core\architecture\architecture\application-architecture\governance\41-application-enterprise-architecture-metrics-foundation.json","2812","7/30/2026 7:01:34 PM"
"C:\Users\Ghanam\OneDrive\projects\Greeny-Life\eos-core\architecture\architecture\application-architecture\governance\42-application-enterprise-architecture-continuous-improvement-foundation.json","1605","7/30/2026 7:02:00 PM"
"C:\Users\Ghanam\OneDrive\projects\Greeny-Life\eos-core\architecture\architecture\application-architecture\governance\43-application-enterprise-architecture-knowledge-management-foundation.json","2842","7/30/2026 7:02:30 PM"
"C:\Users\Ghanam\OneDrive\projects\Greeny-Life\eos-core\architecture\architecture\application-architecture\governance\44-application-enterprise-architecture-reference-model-foundation.json","2625","7/30/2026 7:02:46 PM"
"C:\Users\Ghanam\OneDrive\projects\Greeny-Life\eos-core\architecture\architecture\application-architecture\integration\54-application-enterprise-architecture-dependency-management-foundation.json","2398","7/30/2026 7:06:24 PM"
"C:\Users\Ghanam\OneDrive\projects\Greeny-Life\eos-core\architecture\architecture\application-architecture\integration\55-application-enterprise-architecture-integration-governance-foundation.json","3063","7/30/2026 7:07:17 PM"
"C:\Users\Ghanam\OneDrive\projects\Greeny-Life\eos-core\architecture\architecture\application-architecture\integration\56-application-enterprise-architecture-api-management-foundation.json","2567","7/30/2026 7:07:43 PM"
"C:\Users\Ghanam\OneDrive\projects\Greeny-Life\eos-core\architecture\architecture\application-architecture\integration\57-application-enterprise-architecture-event-management-foundation.json","2691","7/30/2026 7:07:50 PM"
"C:\Users\Ghanam\OneDrive\projects\Greeny-Life\eos-core\architecture\architecture\application-architecture\integration\58-application-enterprise-architecture-message-architecture-foundation.json","2854","7/30/2026 7:08:21 PM"
"C:\Users\Ghanam\OneDrive\projects\Greeny-Life\eos-core\architecture\architecture\application-architecture\portfolio\51-application-enterprise-architecture-portfolio-management-foundation.json","2750","7/30/2026 7:05:30 PM"
"C:\Users\Ghanam\OneDrive\projects\Greeny-Life\eos-core\architecture\architecture\application-architecture\portfolio\52-application-enterprise-architecture-lifecycle-management-foundation.json","2378","7/30/2026 7:05:58 PM"
"C:\Users\Ghanam\OneDrive\projects\Greeny-Life\eos-core\architecture\architecture\application-architecture\portfolio\53-application-enterprise-architecture-application-catalog-foundation.json","2740","7/30/2026 7:06:17 PM"
"C:\Users\Ghanam\OneDrive\projects\Greeny-Life\eos-core\architecture\architecture\application-architecture\security\47-application-enterprise-architecture-security-foundation.json","2700","7/30/2026 7:04:01 PM"
"C:\Users\Ghanam\OneDrive\projects\Greeny-Life\eos-core\architecture\architecture\application-architecture\security\48-application-enterprise-architecture-risk-management-foundation.json","2190","7/30/2026 7:04:09 PM"
"C:\Users\Ghanam\OneDrive\projects\Greeny-Life\eos-core\architecture\eos_architecture\01.Master_Data\honey_reference.json","1228","7/24/2026 10:02:58 PM"
"C:\Users\Ghanam\OneDrive\projects\Greeny-Life\eos-core\architecture\eos_architecture\01.Master_Data\schema_v1.json","499","7/25/2026 12:20:46 PM"
"C:\Users\Ghanam\OneDrive\projects\Greeny-Life\eos-core\documentation\docs\certificates_data.json","56","7/25/2026 11:52:40 PM"
"C:\Users\Ghanam\OneDrive\projects\Greeny-Life\eos-core\documentation\docs\GOVERN_STOP.md","428","7/25/2026 2:31:57 PM"
"C:\Users\Ghanam\OneDrive\projects\Greeny-Life\eos-core\documentation\docs\legacy_brand.md","4235","7/13/2026 4:22:16 PM"
"C:\Users\Ghanam\OneDrive\projects\Greeny-Life\eos-core\documentation\docs\migrated_brand.md","4235","7/19/2026 4:18:13 PM"
"C:\Users\Ghanam\OneDrive\projects\Greeny-Life\eos-core\documentation\docs\README.md","1057","7/13/2026 4:22:16 PM"
"C:\Users\Ghanam\OneDrive\projects\Greeny-Life\eos-core\documentation\docs\architecture\SYSTEM_ARCHITECTURE.md","4235","7/13/2026 4:22:16 PM"
"C:\Users\Ghanam\OneDrive\projects\Greeny-Life\eos-core\documentation\docs\auto-generated\administration.md","116","7/24/2026 9:38:40 PM"
"C:\Users\Ghanam\OneDrive\projects\Greeny-Life\eos-core\documentation\docs\auto-generated\analytics.md","106","7/24/2026 9:38:40 PM"
"C:\Users\Ghanam\OneDrive\projects\Greeny-Life\eos-core\documentation\docs\auto-generated\compliance.md","108","7/24/2026 9:38:40 PM"
"C:\Users\Ghanam\OneDrive\projects\Greeny-Life\eos-core\documentation\docs\auto-generated\crm.md","94","7/24/2026 9:38:40 PM"
"C:\Users\Ghanam\OneDrive\projects\Greeny-Life\eos-core\documentation\docs\auto-generated\finance.md","102","7/24/2026 9:38:40 PM"
"C:\Users\Ghanam\OneDrive\projects\Greeny-Life\eos-core\documentation\docs\auto-generated\gl_dos.md","100","7/24/2026 9:38:40 PM"
"C:\Users\Ghanam\OneDrive\projects\Greeny-Life\eos-core\documentation\docs\auto-generated\INDEX.md","17233","7/26/2026 12:49:44 PM"
"C:\Users\Ghanam\OneDrive\projects\Greeny-Life\eos-core\documentation\docs\auto-generated\logistics.md","106","7/24/2026 9:38:40 PM"
"C:\Users\Ghanam\OneDrive\projects\Greeny-Life\eos-core\documentation\docs\auto-generated\master_data.md","110","7/24/2026 9:38:40 PM"
"C:\Users\Ghanam\OneDrive\projects\Greeny-Life\eos-core\documentation\docs\auto-generated\operations.md","108","7/24/2026 9:38:40 PM"
"C:\Users\Ghanam\OneDrive\projects\Greeny-Life\eos-core\documentation\docs\calibration\improvement_claim_ledger.jsonl","0","7/25/2026 2:31:57 PM"
"C:\Users\Ghanam\OneDrive\projects\Greeny-Life\eos-core\documentation\docs\improvements\0000-template.md","776","7/25/2026 2:31:57 PM"
"C:\Users\Ghanam\OneDrive\projects\Greeny-Life\eos-core\documentation\docs\packaging\packaging_master.md","3456","7/15/2026 9:04:01 PM"
"C:\Users\Ghanam\OneDrive\projects\Greeny-Life\eos-core\documentation\docs\packaging\PACKING_CODES.md","734","7/13/2026 4:22:16 PM"
"C:\Users\Ghanam\OneDrive\projects\Greeny-Life\eos-core\documentation\docs\products\PRODUCT_CODE.md","801","7/13/2026 4:22:16 PM"
"C:\Users\Ghanam\OneDrive\projects\Greeny-Life\eos-core\documentation\docs\products\PRODUCT_DATABASE.md","774","7/13/2026 4:22:16 PM"
"C:\Users\Ghanam\OneDrive\projects\Greeny-Life\eos-core\documentation\docs\products\PRODUCT_LIBRARY.md","803","7/13/2026 4:22:16 PM"
"C:\Users\Ghanam\OneDrive\projects\Greeny-Life\eos-core\documentation\docs\products\PRODUCT_MASTER.md","1114","7/13/2026 4:22:16 PM"
"C:\Users\Ghanam\OneDrive\projects\Greeny-Life\eos-core\documentation\docs\products\PRODUCT_TEMPLATE.md","712","7/13/2026 4:22:16 PM"
"C:\Users\Ghanam\OneDrive\projects\Greeny-Life\eos-core\documentation\docs\standards\01_BRAND_STANDARD.md","1447","7/13/2026 4:22:16 PM"
"C:\Users\Ghanam\OneDrive\projects\Greeny-Life\eos-core\governance\guardrails\.gitignore","16","7/25/2026 2:00:31 PM"
"C:\Users\Ghanam\OneDrive\projects\Greeny-Life\eos-core\governance\guardrails\guardrails.jsonl","0","7/25/2026 2:00:31 PM"
"C:\Users\Ghanam\OneDrive\projects\Greeny-Life\eos-core\governance\guardrails\links.jsonl","0","7/25/2026 2:00:31 PM"
"C:\Users\Ghanam\OneDrive\projects\Greeny-Life\eos-core\governance\guardrails\references.jsonl","0","7/25/2026 2:00:31 PM"
"C:\Users\Ghanam\OneDrive\projects\Greeny-Life\eos-core\governance\guardrails\taxonomy.json","17","7/25/2026 2:00:31 PM"
"C:\Users\Ghanam\OneDrive\projects\Greeny-Life\eos-core\intelligence\intelligence\comprehensive_report.json","95823","7/26/2026 12:51:18 PM"
"C:\Users\Ghanam\OneDrive\projects\Greeny-Life\eos-core\intelligence\intelligence\comprehensive_report.md","4511","7/26/2026 12:51:18 PM"
"C:\Users\Ghanam\OneDrive\projects\Greeny-Life\eos-core\intelligence\intelligence\duplicate-engine.ts","8880","7/23/2026 10:30:03 PM"
"C:\Users\Ghanam\OneDrive\projects\Greeny-Life\eos-core\intelligence\intelligence\gl-dos.ts","712","7/23/2026 4:39:34 PM"
"C:\Users\Ghanam\OneDrive\projects\Greeny-Life\eos-core\intelligence\intelligence\index.ts","3134","7/23/2026 9:46:03 PM"
"C:\Users\Ghanam\OneDrive\projects\Greeny-Life\eos-core\intelligence\intelligence\intelligence-test.ts","1741","7/23/2026 8:38:51 PM"
"C:\Users\Ghanam\OneDrive\projects\Greeny-Life\eos-core\intelligence\intelligence\knowledge-base.json","848","7/22/2026 5:40:53 PM"
"C:\Users\Ghanam\OneDrive\projects\Greeny-Life\eos-core\intelligence\intelligence\product-audit.ts","1100","7/22/2026 7:09:52 PM"
"C:\Users\Ghanam\OneDrive\projects\Greeny-Life\eos-core\intelligence\intelligence\project-memory.json","592","7/23/2026 4:24:51 PM"
"C:\Users\Ghanam\OneDrive\projects\Greeny-Life\eos-core\intelligence\intelligence\project-scan.ts","1535","7/22/2026 8:20:57 PM"
"C:\Users\Ghanam\OneDrive\projects\Greeny-Life\eos-core\intelligence\intelligence\analytics\index.ts","0","7/30/2026 1:31:29 PM"
"C:\Users\Ghanam\OneDrive\projects\Greeny-Life\eos-core\intelligence\intelligence\core\confidence.ts","259","7/23/2026 3:37:11 PM"
"C:\Users\Ghanam\OneDrive\projects\Greeny-Life\eos-core\intelligence\intelligence\core\engine-registry.ts","1217","7/23/2026 8:11:27 PM"
"C:\Users\Ghanam\OneDrive\projects\Greeny-Life\eos-core\intelligence\intelligence\core\report-writer.ts","6607","7/23/2026 9:41:43 PM"
"C:\Users\Ghanam\OneDrive\projects\Greeny-Life\eos-core\intelligence\intelligence\decision-support\index.ts","0","7/30/2026 1:31:29 PM"
"C:\Users\Ghanam\OneDrive\projects\Greeny-Life\eos-core\intelligence\intelligence\engines\audit-engine.ts","4836","7/24/2026 2:03:32 PM"
"C:\Users\Ghanam\OneDrive\projects\Greeny-Life\eos-core\intelligence\intelligence\engines\cleanup-engine.ts","3579","7/23/2026 4:45:24 PM"
"C:\Users\Ghanam\OneDrive\projects\Greeny-Life\eos-core\intelligence\intelligence\engines\data-integrity-engine.ts","11442","7/26/2026 1:45:17 PM"
"C:\Users\Ghanam\OneDrive\projects\Greeny-Life\eos-core\intelligence\intelligence\engines\duplicate-engine-v2.ts","2886","7/23/2026 9:06:59 PM"
"C:\Users\Ghanam\OneDrive\projects\Greeny-Life\eos-core\intelligence\intelligence\health\health-reporter.ts","1235","7/23/2026 4:33:19 PM"
"C:\Users\Ghanam\OneDrive\projects\Greeny-Life\eos-core\intelligence\intelligence\knowledge_base\project_metadata.json","16786","7/26/2026 12:50:30 PM"
"C:\Users\Ghanam\OneDrive\projects\Greeny-Life\eos-core\intelligence\intelligence\knowledge_base\tools_manifest.json","77","7/26/2026 12:49:44 PM"
"C:\Users\Ghanam\OneDrive\projects\Greeny-Life\eos-core\intelligence\intelligence\memory\project-memory.ts","1979","7/23/2026 2:14:52 PM"
"C:\Users\Ghanam\OneDrive\projects\Greeny-Life\eos-core\intelligence\intelligence\metrics\index.ts","0","7/30/2026 1:31:29 PM"
"C:\Users\Ghanam\OneDrive\projects\Greeny-Life\eos-core\intelligence\intelligence\recommendations\index.ts","0","7/30/2026 1:31:29 PM"
"C:\Users\Ghanam\OneDrive\projects\Greeny-Life\eos-core\intelligence\intelligence\reporting\index.ts","0","7/30/2026 1:31:29 PM"
"C:\Users\Ghanam\OneDrive\projects\Greeny-Life\eos-core\intelligence\intelligence\rules\duplicate-rules.ts","667","7/23/2026 9:39:28 PM"
"C:\Users\Ghanam\OneDrive\projects\Greeny-Life\eos-core\intelligence\intelligence\rules\project.rules.json","278","7/22/2026 6:00:38 PM"
"C:\Users\Ghanam\OneDrive\projects\Greeny-Life\eos-core\intelligence\intelligence\scanners\duplicate-scanner.ts","298","7/22/2026 5:52:59 PM"
"C:\Users\Ghanam\OneDrive\projects\Greeny-Life\eos-core\intelligence\intelligence\scanners\json-scanner.ts","747","7/22/2026 5:51:32 PM"
"C:\Users\Ghanam\OneDrive\projects\Greeny-Life\eos-core\intelligence\intelligence\scanners\system-scanner.ts","0","7/23/2026 3:52:41 PM"
"C:\Users\Ghanam\OneDrive\projects\Greeny-Life\eos-core\intelligence\intelligence\schemas\product-schema-map.ts","5349","7/23/2026 10:50:37 PM"
"C:\Users\Ghanam\OneDrive\projects\Greeny-Life\eos-core\intelligence\intelligence\test\test-audit.ts","172","7/23/2026 9:53:18 PM"
"C:\Users\Ghanam\OneDrive\projects\Greeny-Life\eos-core\intelligence\intelligence\test\test-cleanup.ts","141","7/23/2026 7:39:31 PM"
"C:\Users\Ghanam\OneDrive\projects\Greeny-Life\eos-core\intelligence\intelligence\test\test-duplicate-v2.ts","703","7/23/2026 8:49:51 PM"
"C:\Users\Ghanam\OneDrive\projects\Greeny-Life\eos-core\intelligence\intelligence\test\test-health.ts","149","7/23/2026 7:39:31 PM"
"C:\Users\Ghanam\OneDrive\projects\Greeny-Life\eos-core\intelligence\intelligence\test\test-integrity.ts","173","7/24/2026 2:37:48 PM"
"C:\Users\Ghanam\OneDrive\projects\Greeny-Life\eos-core\intelligence\intelligence\test\test-registry.ts","131","7/23/2026 7:39:31 PM"
"C:\Users\Ghanam\OneDrive\projects\Greeny-Life\eos-core\master-data\master-data\contracts\master-data-contracts.ts","0","7/30/2026 1:34:19 PM"
"C:\Users\Ghanam\OneDrive\projects\Greeny-Life\eos-core\master-data\master-data\events\master-data-events.ts","0","7/30/2026 1:34:19 PM"
"C:\Users\Ghanam\OneDrive\projects\Greeny-Life\eos-core\master-data\master-data\mapping\entity-mapping.ts","0","7/30/2026 1:34:19 PM"
"C:\Users\Ghanam\OneDrive\projects\Greeny-Life\eos-core\master-data\master-data\schemas\master-data-schema.ts","0","7/30/2026 1:34:19 PM"
"C:\Users\Ghanam\OneDrive\projects\Greeny-Life\eos-core\master-data\master-data\validation\master-data-rules.ts","0","7/30/2026 1:34:19 PM"
"C:\Users\Ghanam\OneDrive\projects\Greeny-Life\eos-core\products\products_data\catalog.json","6804","7/24/2026 9:49:41 PM"
"C:\Users\Ghanam\OneDrive\projects\Greeny-Life\governance\eos-asset-preservation-report-v1.json","278","7/31/2026 11:18:23 AM"
"C:\Users\Ghanam\OneDrive\projects\Greeny-Life\governance\eos-assets-registry-v1.json","81452","7/31/2026 11:18:24 AM"
"C:\Users\Ghanam\OneDrive\projects\Greeny-Life\governance\eos-canonical-validation-report-v1.json","331","7/31/2026 11:14:37 AM"
"C:\Users\Ghanam\OneDrive\projects\Greeny-Life\governance\eos-critical-product-assets-v1.json","1980","7/31/2026 11:18:24 AM"
"C:\Users\Ghanam\OneDrive\projects\Greeny-Life\governance\eos-deep-asset-discovery-v1.json","167992","7/31/2026 11:45:48 AM"
"C:\Users\Ghanam\OneDrive\projects\Greeny-Life\governance\eos-knowledge-registry-v1.json","11386","7/31/2026 11:18:24 AM"
"C:\Users\Ghanam\OneDrive\projects\Greeny-Life\governance\eos-real-product-master-v2.json","8294","7/31/2026 11:52:38 AM"
"C:\Users\Ghanam\OneDrive\projects\Greeny-Life\governance\keep-assets-files-v1.json","116784","7/31/2026 11:14:37 AM"
"C:\Users\Ghanam\OneDrive\projects\Greeny-Life\governance\keep-core-files-v1.json","299457","7/31/2026 11:14:37 AM"
"C:\Users\Ghanam\OneDrive\projects\Greeny-Life\governance\keep-knowledge-files-v1.json","26247","7/31/2026 11:14:37 AM"
"C:\Users\Ghanam\OneDrive\projects\Greeny-Life\governance\review-required-files-v1.json","3875733","7/31/2026 11:14:38 AM"
"C:\Users\Ghanam\OneDrive\projects\Greeny-Life\GREENY-LIFE-EOS\governance\archive-plan-v1.json","7407965","7/31/2026 11:10:47 AM"
"C:\Users\Ghanam\OneDrive\projects\Greeny-Life\GREENY-LIFE-EOS\governance\canonical-file-map-v1.json","2526","7/31/2026 11:10:12 AM"
"C:\Users\Ghanam\OneDrive\projects\Greeny-Life\GREENY-LIFE-EOS\governance\domain-merge-plan-v1.json","3728","7/31/2026 11:10:12 AM"
"C:\Users\Ghanam\OneDrive\projects\Greeny-Life\GREENY-LIFE-EOS\governance\eos-consolidation-report-v1.json","226","7/31/2026 11:07:22 AM"
"C:\Users\Ghanam\OneDrive\projects\Greeny-Life\GREENY-LIFE-EOS\governance\eos-duplicate-review-v1.json","243751","7/31/2026 11:07:23 AM"
"C:\Users\Ghanam\OneDrive\projects\Greeny-Life\GREENY-LIFE-EOS\governance\eos-final-structure-v1.json","643","7/31/2026 11:10:48 AM"
"C:\Users\Ghanam\OneDrive\projects\Greeny-Life\GREENY-LIFE-EOS\governance\eos-system-registry-v1.json","12360473","7/31/2026 11:07:22 AM"
"C:\Users\Ghanam\OneDrive\projects\Greeny-Life\GREENY-LIFE-EOS-FINAL\03_PRODUCTS\PRODUCT_MASTER\eos-real-product-master-v1.json","6161","7/31/2026 11:22:49 AM"
"C:\Users\Ghanam\OneDrive\projects\Greeny-Life\GREENY-LIFE-EOS-FINAL\10_GOVERNANCE\eos-final-system-map-v1.json","736081","7/31/2026 11:17:00 AM"
"C:\Users\Ghanam\OneDrive\projects\Greeny-Life\GREENY-LIFE-EOS-FINAL\10_GOVERNANCE\eos-product-master-reconciliation-report-v1.json","304","7/31/2026 11:20:37 AM"
"C:\Users\Ghanam\OneDrive\projects\Greeny-Life\GREENY-LIFE-EOS-FINAL\10_GOVERNANCE\eos-product-reference-map-v1.json","8582","7/31/2026 11:20:37 AM"
"C:\Users\Ghanam\OneDrive\projects\Greeny-Life\GREENY-LIFE-EOS-FINAL\10_GOVERNANCE\final-merge-report-v2.json","262","7/31/2026 11:17:00 AM"
"C:\Users\Ghanam\OneDrive\projects\Greeny-Life\GREENY-LIFE-EOS-FINAL\10_GOVERNANCE\missing-product-assets-report-v1.json","1295","7/31/2026 11:20:37 AM"
"C:\Users\Ghanam\OneDrive\projects\Greeny-Life\GREENY-LIFE-EOS-FINAL\10_GOVERNANCE\product-asset-link-map-v1.json","132425","7/31/2026 11:20:37 AM"
"C:\Users\Ghanam\OneDrive\projects\Greeny-Life\GREENY-LIFE-EOS-KNOWLEDGE-BASE-V1\source-index.csv","169417","8/3/2026 12:47:09 AM"
"C:\Users\Ghanam\OneDrive\projects\Greeny-Life\GREENY-LIFE-EOS-KNOWLEDGE-BASE-V1\Architecture\architecture-extraction.csv","81642572","8/3/2026 12:48:09 AM"
"C:\Users\Ghanam\OneDrive\projects\Greeny-Life\GREENY-LIFE-EOS-KNOWLEDGE-BASE-V1\Business-Flows\business-assets.csv","140478592","8/3/2026 12:49:16 AM"
"C:\Users\Ghanam\OneDrive\projects\Greeny-Life\GREENY-LIFE-EOS-KNOWLEDGE-BASE-V1\Decisions\project-decisions.csv","258819056","8/3/2026 12:49:58 AM"
"C:\Users\Ghanam\OneDrive\projects\Greeny-Life\GREENY-LIFE-EOS-KNOWLEDGE-BASE-V1\Master-Data\master-data-extraction.csv","5873846","8/3/2026 12:48:45 AM"
"C:\Users\Ghanam\OneDrive\projects\Greeny-Life\GREENY-LIFE-EOS-PRODUCTION\ai-decision-engine-report-v1.json","558","7/30/2026 11:13:19 PM"
"C:\Users\Ghanam\OneDrive\projects\Greeny-Life\GREENY-LIFE-EOS-PRODUCTION\ai-intelligence-engine-report-v1.json","450","7/30/2026 11:02:37 PM"
"C:\Users\Ghanam\OneDrive\projects\Greeny-Life\GREENY-LIFE-EOS-PRODUCTION\api-engine-report-v1.json","549","7/30/2026 10:56:24 PM"
"C:\Users\Ghanam\OneDrive\projects\Greeny-Life\GREENY-LIFE-EOS-PRODUCTION\auth-runtime-engine-report-v1.json","492","7/30/2026 10:59:11 PM"
"C:\Users\Ghanam\OneDrive\projects\Greeny-Life\GREENY-LIFE-EOS-PRODUCTION\business-flow-map-v1.json","531","7/30/2026 10:52:44 PM"
"C:\Users\Ghanam\OneDrive\projects\Greeny-Life\GREENY-LIFE-EOS-PRODUCTION\enterprise-automation-report-v1.json","508","7/30/2026 11:03:31 PM"
"C:\Users\Ghanam\OneDrive\projects\Greeny-Life\GREENY-LIFE-EOS-PRODUCTION\enterprise-integration-report-v1.json","466","7/30/2026 11:00:27 PM"
"C:\Users\Ghanam\OneDrive\projects\Greeny-Life\GREENY-LIFE-EOS-PRODUCTION\global-export-os-report-v1.json","512","7/30/2026 11:05:05 PM"
"C:\Users\Ghanam\OneDrive\projects\Greeny-Life\GREENY-LIFE-EOS-PRODUCTION\global-market-intelligence-report-v1.json","554","7/30/2026 11:08:35 PM"
"C:\Users\Ghanam\OneDrive\projects\Greeny-Life\GREENY-LIFE-EOS-PRODUCTION\global-partner-network-report-v1.json","616","7/30/2026 11:07:02 PM"
"C:\Users\Ghanam\OneDrive\projects\Greeny-Life\GREENY-LIFE-EOS-PRODUCTION\production-manifest-v1.json","647","7/30/2026 10:47:49 PM"
"C:\Users\Ghanam\OneDrive\projects\Greeny-Life\GREENY-LIFE-EOS-PRODUCTION\production-readiness-report-v1.json","3251","7/30/2026 11:18:06 PM"
"C:\Users\Ghanam\OneDrive\projects\Greeny-Life\GREENY-LIFE-EOS-PRODUCTION\real-operation-report-v1.json","394","7/30/2026 11:19:22 PM"
"C:\Users\Ghanam\OneDrive\projects\Greeny-Life\GREENY-LIFE-EOS-PRODUCTION\runtime-governance-report-v1.json","590","7/30/2026 11:15:54 PM"
"C:\Users\Ghanam\OneDrive\projects\Greeny-Life\GREENY-LIFE-EOS-PRODUCTION\activation\master-template-link-v1\master-template-activation-report.json","369","7/30/2026 11:45:52 PM"
"C:\Users\Ghanam\OneDrive\projects\Greeny-Life\GREENY-LIFE-EOS-PRODUCTION\activation\master-template-link-v1\product-template-links.json","286","7/30/2026 11:45:52 PM"
"C:\Users\Ghanam\OneDrive\projects\Greeny-Life\GREENY-LIFE-EOS-PRODUCTION\ai\ai-automation-workflow-v1\ai-alerts-engine-v1.json","271","7/31/2026 10:58:13 AM"
"C:\Users\Ghanam\OneDrive\projects\Greeny-Life\GREENY-LIFE-EOS-PRODUCTION\ai\ai-automation-workflow-v1\ai-recommendation-engine-v1.json","370","7/31/2026 10:58:13 AM"
"C:\Users\Ghanam\OneDrive\projects\Greeny-Life\GREENY-LIFE-EOS-PRODUCTION\ai\ai-automation-workflow-v1\automation-report-v1.json","143","7/31/2026 10:58:16 AM"
"C:\Users\Ghanam\OneDrive\projects\Greeny-Life\GREENY-LIFE-EOS-PRODUCTION\ai\ai-automation-workflow-v1\crm-automation-v1.json","294","7/31/2026 10:58:12 AM"
"C:\Users\Ghanam\OneDrive\projects\Greeny-Life\GREENY-LIFE-EOS-PRODUCTION\ai\ai-automation-workflow-v1\export-automation-v1.json","356","7/31/2026 10:58:12 AM"
"C:\Users\Ghanam\OneDrive\projects\Greeny-Life\GREENY-LIFE-EOS-PRODUCTION\ai\ai-automation-workflow-v1\inventory-automation-v1.json","304","7/31/2026 10:58:11 AM"
"C:\Users\Ghanam\OneDrive\projects\Greeny-Life\GREENY-LIFE-EOS-PRODUCTION\ai\ai-automation-workflow-v1\order-automation-v1.json","362","7/31/2026 10:58:10 AM"
"C:\Users\Ghanam\OneDrive\projects\Greeny-Life\GREENY-LIFE-EOS-PRODUCTION\ai\ai-automation-workflow-v1\supplier-automation-v1.json","318","7/31/2026 10:58:11 AM"
"C:\Users\Ghanam\OneDrive\projects\Greeny-Life\GREENY-LIFE-EOS-PRODUCTION\ai\ai-automation-workflow-v1\task-management-engine-v1.json","295","7/31/2026 10:58:15 AM"
"C:\Users\Ghanam\OneDrive\projects\Greeny-Life\GREENY-LIFE-EOS-PRODUCTION\ai\ai-automation-workflow-v1\workflow-engine-v1.json","464","7/31/2026 10:58:10 AM"
"C:\Users\Ghanam\OneDrive\projects\Greeny-Life\GREENY-LIFE-EOS-PRODUCTION\analytics\analytics-business-intelligence-v1\analytics-bi-report-v1.json","152","7/31/2026 11:01:06 AM"
"C:\Users\Ghanam\OneDrive\projects\Greeny-Life\GREENY-LIFE-EOS-PRODUCTION\analytics\analytics-business-intelligence-v1\customer-analytics-v1.json","275","7/31/2026 11:01:04 AM"
"C:\Users\Ghanam\OneDrive\projects\Greeny-Life\GREENY-LIFE-EOS-PRODUCTION\analytics\analytics-business-intelligence-v1\executive-bi-dashboard-v1.json","266","7/31/2026 11:01:05 AM"
"C:\Users\Ghanam\OneDrive\projects\Greeny-Life\GREENY-LIFE-EOS-PRODUCTION\analytics\analytics-business-intelligence-v1\export-performance-analytics-v1.json","325","7/31/2026 11:01:03 AM"
"C:\Users\Ghanam\OneDrive\projects\Greeny-Life\GREENY-LIFE-EOS-PRODUCTION\analytics\analytics-business-intelligence-v1\financial-analytics-v1.json","299","7/31/2026 11:01:05 AM"
"C:\Users\Ghanam\OneDrive\projects\Greeny-Life\GREENY-LIFE-EOS-PRODUCTION\analytics\analytics-business-intelligence-v1\inventory-analytics-v1.json","320","7/31/2026 11:01:04 AM"
"C:\Users\Ghanam\OneDrive\projects\Greeny-Life\GREENY-LIFE-EOS-PRODUCTION\analytics\analytics-business-intelligence-v1\kpi-dashboard-engine-v1.json","377","7/31/2026 11:01:02 AM"
"C:\Users\Ghanam\OneDrive\projects\Greeny-Life\GREENY-LIFE-EOS-PRODUCTION\analytics\analytics-business-intelligence-v1\predictive-analytics-engine-v1.json","288","7/31/2026 11:01:05 AM"
"C:\Users\Ghanam\OneDrive\projects\Greeny-Life\GREENY-LIFE-EOS-PRODUCTION\analytics\analytics-business-intelligence-v1\sales-analytics-v1.json","306","7/31/2026 11:01:02 AM"
"C:\Users\Ghanam\OneDrive\projects\Greeny-Life\GREENY-LIFE-EOS-PRODUCTION\analytics\analytics-business-intelligence-v1\supplier-performance-analytics-v1.json","291","7/31/2026 11:01:04 AM"
"C:\Users\Ghanam\OneDrive\projects\Greeny-Life\GREENY-LIFE-EOS-PRODUCTION\core\database-api-layer-v1\api-registry-v1.json","3067","7/31/2026 10:50:18 AM"
"C:\Users\Ghanam\OneDrive\projects\Greeny-Life\GREENY-LIFE-EOS-PRODUCTION\core\database-api-layer-v1\backend-service-registry-v1.json","669","7/31/2026 10:50:19 AM"
"C:\Users\Ghanam\OneDrive\projects\Greeny-Life\GREENY-LIFE-EOS-PRODUCTION\core\database-api-layer-v1\database-api-layer-report-v1.json","193","7/31/2026 10:50:20 AM"
"C:\Users\Ghanam\OneDrive\projects\Greeny-Life\GREENY-LIFE-EOS-PRODUCTION\core\database-api-layer-v1\database-schema-v1.json","3991","7/31/2026 10:50:18 AM"
"C:\Users\Ghanam\OneDrive\projects\Greeny-Life\GREENY-LIFE-EOS-PRODUCTION\core\unified-operating-core-v1\api-registry-v1.json","444","7/31/2026 10:48:08 AM"
"C:\Users\Ghanam\OneDrive\projects\Greeny-Life\GREENY-LIFE-EOS-PRODUCTION\core\unified-operating-core-v1\core-architecture-v1.json","468","7/31/2026 10:48:07 AM"
"C:\Users\Ghanam\OneDrive\projects\Greeny-Life\GREENY-LIFE-EOS-PRODUCTION\core\unified-operating-core-v1\database-map-v1.json","482","7/31/2026 10:48:07 AM"
"C:\Users\Ghanam\OneDrive\projects\Greeny-Life\GREENY-LIFE-EOS-PRODUCTION\core\unified-operating-core-v1\service-registry-v1.json","5489","7/31/2026 10:48:07 AM"
"C:\Users\Ghanam\OneDrive\projects\Greeny-Life\GREENY-LIFE-EOS-PRODUCTION\core\unified-operating-core-v1\unified-core-report-v1.json","209","7/31/2026 10:48:08 AM"
"C:\Users\Ghanam\OneDrive\projects\Greeny-Life\GREENY-LIFE-EOS-PRODUCTION\crm\customer-intelligence-engine-v1\b2b-leads-engine-v1.json","3459","7/31/2026 12:34:01 AM"
"C:\Users\Ghanam\OneDrive\projects\Greeny-Life\GREENY-LIFE-EOS-PRODUCTION\crm\customer-intelligence-engine-v1\crm-intelligence-report-v1.json","450","7/31/2026 12:34:01 AM"
"C:\Users\Ghanam\OneDrive\projects\Greeny-Life\GREENY-LIFE-EOS-PRODUCTION\crm\customer-intelligence-engine-v1\crm-sales-pipeline-v1.json","6984","7/31/2026 12:34:01 AM"
"C:\Users\Ghanam\OneDrive\projects\Greeny-Life\GREENY-LIFE-EOS-PRODUCTION\crm\customer-intelligence-engine-v1\customer-master-v1.json","3723","7/31/2026 12:34:00 AM"
"C:\Users\Ghanam\OneDrive\projects\Greeny-Life\GREENY-LIFE-EOS-PRODUCTION\crm\customer-intelligence-engine-v1\customer-segmentation-v1.json","413","7/31/2026 12:34:01 AM"
"C:\Users\Ghanam\OneDrive\projects\Greeny-Life\GREENY-LIFE-EOS-PRODUCTION\database\database-engine-report-v1.json","500","7/30/2026 10:50:16 PM"
"C:\Users\Ghanam\OneDrive\projects\Greeny-Life\GREENY-LIFE-EOS-PRODUCTION\database\schema\audit.sql","136","7/30/2026 10:50:15 PM"
"C:\Users\Ghanam\OneDrive\projects\Greeny-Life\GREENY-LIFE-EOS-PRODUCTION\database\schema\finance.sql","237","7/30/2026 10:50:15 PM"
"C:\Users\Ghanam\OneDrive\projects\Greeny-Life\GREENY-LIFE-EOS-PRODUCTION\database\schema\inventory.sql","246","7/30/2026 10:50:14 PM"
"C:\Users\Ghanam\OneDrive\projects\Greeny-Life\GREENY-LIFE-EOS-PRODUCTION\database\schema\logistics.sql","183","7/30/2026 10:50:14 PM"
"C:\Users\Ghanam\OneDrive\projects\Greeny-Life\GREENY-LIFE-EOS-PRODUCTION\database\schema\master-data-schema.sql","480","7/30/2026 10:47:49 PM"
"C:\Users\Ghanam\OneDrive\projects\Greeny-Life\GREENY-LIFE-EOS-PRODUCTION\database\schema\master-data.sql","256","7/30/2026 10:50:13 PM"
"C:\Users\Ghanam\OneDrive\projects\Greeny-Life\GREENY-LIFE-EOS-PRODUCTION\database\schema\orders.sql","306","7/30/2026 10:50:14 PM"
"C:\Users\Ghanam\OneDrive\projects\Greeny-Life\GREENY-LIFE-EOS-PRODUCTION\database\schema\product.sql","395","7/30/2026 10:50:13 PM"
"C:\Users\Ghanam\OneDrive\projects\Greeny-Life\GREENY-LIFE-EOS-PRODUCTION\database\schema\quality.sql","152","7/30/2026 10:50:14 PM"
"C:\Users\Ghanam\OneDrive\projects\Greeny-Life\GREENY-LIFE-EOS-PRODUCTION\database\schema\supplier.sql","264","7/30/2026 10:50:13 PM"
"C:\Users\Ghanam\OneDrive\projects\Greeny-Life\GREENY-LIFE-EOS-PRODUCTION\database\seeds\initial-data.sql","295","7/30/2026 10:50:15 PM"
"C:\Users\Ghanam\OneDrive\projects\Greeny-Life\GREENY-LIFE-EOS-PRODUCTION\enterprise-control-center-v1\enterprise-control-center-report-v1.json","514","7/31/2026 12:28:15 AM"
"C:\Users\Ghanam\OneDrive\projects\Greeny-Life\GREENY-LIFE-EOS-PRODUCTION\enterprise-control-center-v1\enterprise-control-center-v1.json","16263","7/31/2026 12:28:15 AM"
"C:\Users\Ghanam\OneDrive\projects\Greeny-Life\GREENY-LIFE-EOS-PRODUCTION\erp\erp-integration-layer-v1\batch-traceability-v1.json","2904","7/31/2026 10:45:45 AM"
"C:\Users\Ghanam\OneDrive\projects\Greeny-Life\GREENY-LIFE-EOS-PRODUCTION\erp\erp-integration-layer-v1\erp-integration-report-v1.json","415","7/31/2026 10:45:46 AM"
"C:\Users\Ghanam\OneDrive\projects\Greeny-Life\GREENY-LIFE-EOS-PRODUCTION\erp\erp-integration-layer-v1\export-orders-management-v1.json","6039","7/31/2026 10:45:45 AM"
"C:\Users\Ghanam\OneDrive\projects\Greeny-Life\GREENY-LIFE-EOS-PRODUCTION\erp\erp-integration-layer-v1\finance-flow-v1.json","2934","7/31/2026 10:45:46 AM"
"C:\Users\Ghanam\OneDrive\projects\Greeny-Life\GREENY-LIFE-EOS-PRODUCTION\erp\erp-integration-layer-v1\inventory-control-v1.json","3399","7/31/2026 10:45:45 AM"
"C:\Users\Ghanam\OneDrive\projects\Greeny-Life\GREENY-LIFE-EOS-PRODUCTION\erp\erp-integration-layer-v1\shipping-management-v1.json","3024","7/31/2026 10:45:46 AM"
"C:\Users\Ghanam\OneDrive\projects\Greeny-Life\GREENY-LIFE-EOS-PRODUCTION\erp\erp-integration-layer-v1\supplier-integration-v1.json","3378","7/31/2026 10:45:45 AM"
"C:\Users\Ghanam\OneDrive\projects\Greeny-Life\GREENY-LIFE-EOS-PRODUCTION\frontend\frontend-core-v1\app-navigation-v1.json","2308","7/31/2026 10:54:24 AM"
"C:\Users\Ghanam\OneDrive\projects\Greeny-Life\GREENY-LIFE-EOS-PRODUCTION\frontend\frontend-core-v1\dashboard-layout-v1.json","713","7/31/2026 10:54:25 AM"
"C:\Users\Ghanam\OneDrive\projects\Greeny-Life\GREENY-LIFE-EOS-PRODUCTION\frontend\frontend-core-v1\frontend-api-binding-v1.json","540","7/31/2026 10:54:26 AM"
"C:\Users\Ghanam\OneDrive\projects\Greeny-Life\GREENY-LIFE-EOS-PRODUCTION\frontend\frontend-core-v1\frontend-core-report-v1.json","201","7/31/2026 10:54:27 AM"
"C:\Users\Ghanam\OneDrive\projects\Greeny-Life\GREENY-LIFE-EOS-PRODUCTION\frontend\frontend-core-v1\ui-components-registry-v1.json","197","7/31/2026 10:54:25 AM"
"C:\Users\Ghanam\OneDrive\projects\Greeny-Life\GREENY-LIFE-EOS-PRODUCTION\frontend\frontend-core-v1\user-interface-map-v1.json","585","7/31/2026 10:54:26 AM"
"C:\Users\Ghanam\OneDrive\projects\Greeny-Life\GREENY-LIFE-EOS-PRODUCTION\infrastructure\docker\Dockerfile.template","78","7/30/2026 10:47:49 PM"
"C:\Users\Ghanam\OneDrive\projects\Greeny-Life\GREENY-LIFE-EOS-PRODUCTION\intelligence\executive-ai-decision-engine-v1\executive-ai-decision-report-v1.json","396","7/31/2026 12:32:43 AM"
"C:\Users\Ghanam\OneDrive\projects\Greeny-Life\GREENY-LIFE-EOS-PRODUCTION\intelligence\executive-ai-decision-engine-v1\executive-decision-matrix-v1.json","4578","7/31/2026 12:32:42 AM"
"C:\Users\Ghanam\OneDrive\projects\Greeny-Life\GREENY-LIFE-EOS-PRODUCTION\intelligence\executive-ai-decision-engine-v1\executive-kpi-intelligence-v1.json","5844","7/31/2026 12:32:43 AM"
"C:\Users\Ghanam\OneDrive\projects\Greeny-Life\GREENY-LIFE-EOS-PRODUCTION\intelligence\executive-ai-decision-engine-v1\management-action-center-v1.json","3639","7/31/2026 12:32:43 AM"
"C:\Users\Ghanam\OneDrive\projects\Greeny-Life\GREENY-LIFE-EOS-PRODUCTION\intelligence\executive-ai-decision-engine-v1\risk-monitoring-engine-v1.json","5334","7/31/2026 12:32:43 AM"
"C:\Users\Ghanam\OneDrive\projects\Greeny-Life\GREENY-LIFE-EOS-PRODUCTION\intelligence\global-export-intelligence-v1\export-opportunity-ranking-v1.json","51844","7/31/2026 12:30:07 AM"
"C:\Users\Ghanam\OneDrive\projects\Greeny-Life\GREENY-LIFE-EOS-PRODUCTION\intelligence\global-export-intelligence-v1\global-export-intelligence-report-v1.json","270","7/31/2026 12:30:07 AM"
"C:\Users\Ghanam\OneDrive\projects\Greeny-Life\GREENY-LIFE-EOS-PRODUCTION\intelligence\global-export-intelligence-v1\product-country-market-matrix-v1.json","51844","7/31/2026 12:30:07 AM"
"C:\Users\Ghanam\OneDrive\projects\Greeny-Life\GREENY-LIFE-EOS-PRODUCTION\intelligence\supply-chain-intelligence-v1\batch-traceability-intelligence-v1.json","456","7/31/2026 12:31:31 AM"
"C:\Users\Ghanam\OneDrive\projects\Greeny-Life\GREENY-LIFE-EOS-PRODUCTION\intelligence\supply-chain-intelligence-v1\inventory-control-intelligence-v1.json","492","7/31/2026 12:31:30 AM"
"C:\Users\Ghanam\OneDrive\projects\Greeny-Life\GREENY-LIFE-EOS-PRODUCTION\intelligence\supply-chain-intelligence-v1\shipment-readiness-score-v1.json","572","7/31/2026 12:31:31 AM"
"C:\Users\Ghanam\OneDrive\projects\Greeny-Life\GREENY-LIFE-EOS-PRODUCTION\intelligence\supply-chain-intelligence-v1\supplier-product-mapping-v1.json","496","7/31/2026 12:31:30 AM"
"C:\Users\Ghanam\OneDrive\projects\Greeny-Life\GREENY-LIFE-EOS-PRODUCTION\intelligence\supply-chain-intelligence-v1\supply-chain-intelligence-report-v1.json","466","7/31/2026 12:31:31 AM"
"C:\Users\Ghanam\OneDrive\projects\Greeny-Life\GREENY-LIFE-EOS-PRODUCTION\master-data\canonical-product-master-v1.json","4511","7/31/2026 1:07:55 PM"
"C:\Users\Ghanam\OneDrive\projects\Greeny-Life\GREENY-LIFE-EOS-PRODUCTION\master-data\category-assets-registry-v1.json","19165","7/31/2026 1:24:48 PM"
"C:\Users\Ghanam\OneDrive\projects\Greeny-Life\GREENY-LIFE-EOS-PRODUCTION\master-data\customer-specification-registry-v1.json","299309","7/31/2026 1:22:08 PM"
"C:\Users\Ghanam\OneDrive\projects\Greeny-Life\GREENY-LIFE-EOS-PRODUCTION\master-data\documentation-remediation-v1.json","2390","7/31/2026 2:07:41 PM"
"C:\Users\Ghanam\OneDrive\projects\Greeny-Life\GREENY-LIFE-EOS-PRODUCTION\master-data\enterprise-domain-registry-lock-v1.json","453","8/2/2026 10:39:34 PM"
"C:\Users\Ghanam\OneDrive\projects\Greeny-Life\GREENY-LIFE-EOS-PRODUCTION\master-data\enterprise-final-production-status-certificate-v1.json","467","8/2/2026 10:39:35 PM"
"C:\Users\Ghanam\OneDrive\projects\Greeny-Life\GREENY-LIFE-EOS-PRODUCTION\master-data\enterprise-master-data-freeze-v1.json","4640","8/2/2026 10:39:34 PM"
"C:\Users\Ghanam\OneDrive\projects\Greeny-Life\GREENY-LIFE-EOS-PRODUCTION\master-data\enterprise-operational-command-center-v1.json","4325","8/2/2026 10:39:35 PM"
"C:\Users\Ghanam\OneDrive\projects\Greeny-Life\GREENY-LIFE-EOS-PRODUCTION\master-data\enterprise-production-governance-v1.json","266","8/2/2026 10:39:34 PM"
"C:\Users\Ghanam\OneDrive\projects\Greeny-Life\GREENY-LIFE-EOS-PRODUCTION\master-data\enterprise-runtime-activation-registry-v1.json","3125","8/2/2026 10:39:34 PM"
"C:\Users\Ghanam\OneDrive\projects\Greeny-Life\GREENY-LIFE-EOS-PRODUCTION\master-data\export-business-kpi-registry-v1.json","4295","8/2/2026 7:27:01 PM"
"C:\Users\Ghanam\OneDrive\projects\Greeny-Life\GREENY-LIFE-EOS-PRODUCTION\master-data\export-catalog-master-v1.json","5523","7/31/2026 1:53:24 PM"
"C:\Users\Ghanam\OneDrive\projects\Greeny-Life\GREENY-LIFE-EOS-PRODUCTION\master-data\export-compliance-gap-analysis-v1.json","6335","7/31/2026 1:59:06 PM"
"C:\Users\Ghanam\OneDrive\projects\Greeny-Life\GREENY-LIFE-EOS-PRODUCTION\master-data\export-compliance-remediation-report-v1.json","4220","7/31/2026 2:07:41 PM"
"C:\Users\Ghanam\OneDrive\projects\Greeny-Life\GREENY-LIFE-EOS-PRODUCTION\master-data\export-crm-control-report-v1.json","2465","8/2/2026 7:25:55 PM"
"C:\Users\Ghanam\OneDrive\projects\Greeny-Life\GREENY-LIFE-EOS-PRODUCTION\master-data\export-customer-account-ledger-v1.json","3215","8/2/2026 7:25:54 PM"
"C:\Users\Ghanam\OneDrive\projects\Greeny-Life\GREENY-LIFE-EOS-PRODUCTION\master-data\export-customer-delivery-report-v1.json","3110","8/2/2026 7:23:06 PM"
"C:\Users\Ghanam\OneDrive\projects\Greeny-Life\GREENY-LIFE-EOS-PRODUCTION\master-data\export-customer-feedback-engine-v1.json","3290","8/2/2026 7:25:54 PM"
"C:\Users\Ghanam\OneDrive\projects\Greeny-Life\GREENY-LIFE-EOS-PRODUCTION\master-data\export-customer-interaction-history-v1.json","3305","8/2/2026 7:25:54 PM"
"C:\Users\Ghanam\OneDrive\projects\Greeny-Life\GREENY-LIFE-EOS-PRODUCTION\master-data\export-customer-master-registry-v1.json","3530","8/2/2026 7:25:54 PM"
"C:\Users\Ghanam\OneDrive\projects\Greeny-Life\GREENY-LIFE-EOS-PRODUCTION\master-data\export-customer-order-registry-v1.json","4614","8/2/2026 7:23:06 PM"
"C:\Users\Ghanam\OneDrive\projects\Greeny-Life\GREENY-LIFE-EOS-PRODUCTION\master-data\export-delivery-tracking-ledger-v1.json","3260","8/2/2026 7:23:06 PM"
"C:\Users\Ghanam\OneDrive\projects\Greeny-Life\GREENY-LIFE-EOS-PRODUCTION\master-data\export-domain-health-check-v1.json","3695","8/2/2026 7:29:42 PM"
"C:\Users\Ghanam\OneDrive\projects\Greeny-Life\GREENY-LIFE-EOS-PRODUCTION\master-data\export-domain-integration-gate-v1.json","7250","8/2/2026 7:29:42 PM"
"C:\Users\Ghanam\OneDrive\projects\Greeny-Life\GREENY-LIFE-EOS-PRODUCTION\master-data\export-executive-intelligence-report-v1.json","3050","8/2/2026 7:27:01 PM"
"C:\Users\Ghanam\OneDrive\projects\Greeny-Life\GREENY-LIFE-EOS-PRODUCTION\master-data\export-finance-settlement-report-v1.json","3080","8/2/2026 7:24:58 PM"
"C:\Users\Ghanam\OneDrive\projects\Greeny-Life\GREENY-LIFE-EOS-PRODUCTION\master-data\export-go-live-gate-report-v1.json","4385","8/2/2026 12:22:39 AM"
"C:\Users\Ghanam\OneDrive\projects\Greeny-Life\GREENY-LIFE-EOS-PRODUCTION\master-data\export-invoice-registry-v1.json","5169","8/2/2026 7:24:57 PM"
"C:\Users\Ghanam\OneDrive\projects\Greeny-Life\GREENY-LIFE-EOS-PRODUCTION\master-data\export-logistics-control-tower-registry-v1.json","6485","8/2/2026 7:14:58 PM"
"C:\Users\Ghanam\OneDrive\projects\Greeny-Life\GREENY-LIFE-EOS-PRODUCTION\master-data\export-logistics-control-tower-report-v1.json","6485","8/2/2026 7:14:58 PM"
"C:\Users\Ghanam\OneDrive\projects\Greeny-Life\GREENY-LIFE-EOS-PRODUCTION\master-data\export-logistics-event-stream-v1.json","3110","8/2/2026 7:12:33 PM"
"C:\Users\Ghanam\OneDrive\projects\Greeny-Life\GREENY-LIFE-EOS-PRODUCTION\master-data\export-logistics-kpi-monitor-v1.json","4565","8/2/2026 7:14:58 PM"
"C:\Users\Ghanam\OneDrive\projects\Greeny-Life\GREENY-LIFE-EOS-PRODUCTION\master-data\export-margin-analysis-v1.json","3065","8/2/2026 7:24:58 PM"
"C:\Users\Ghanam\OneDrive\projects\Greeny-Life\GREENY-LIFE-EOS-PRODUCTION\master-data\export-market-performance-report-v1.json","2990","8/2/2026 7:27:01 PM"
"C:\Users\Ghanam\OneDrive\projects\Greeny-Life\GREENY-LIFE-EOS-PRODUCTION\master-data\export-market-ready-product-cards-v1.json","3290","8/2/2026 12:28:23 AM"
"C:\Users\Ghanam\OneDrive\projects\Greeny-Life\GREENY-LIFE-EOS-PRODUCTION\master-data\export-master-data-final-integrity-report-v1.json","4085","8/2/2026 7:29:42 PM"
"C:\Users\Ghanam\OneDrive\projects\Greeny-Life\GREENY-LIFE-EOS-PRODUCTION\master-data\export-operations-control-gate-v1.json","3035","8/2/2026 12:35:48 AM"
"C:\Users\Ghanam\OneDrive\projects\Greeny-Life\GREENY-LIFE-EOS-PRODUCTION\master-data\export-operations-domain-activation-registry-v1.json","6065","8/2/2026 12:35:48 AM"
"C:\Users\Ghanam\OneDrive\projects\Greeny-Life\GREENY-LIFE-EOS-PRODUCTION\master-data\export-operations-execution-readiness-registry-v1.json","6710","8/2/2026 6:40:19 PM"
"C:\Users\Ghanam\OneDrive\projects\Greeny-Life\GREENY-LIFE-EOS-PRODUCTION\master-data\export-operations-execution-readiness-report-v1.json","6710","8/2/2026 6:40:20 PM"
"C:\Users\Ghanam\OneDrive\projects\Greeny-Life\GREENY-LIFE-EOS-PRODUCTION\master-data\export-operations-handover-control-v1.json","2660","8/2/2026 6:40:20 PM"
"C:\Users\Ghanam\OneDrive\projects\Greeny-Life\GREENY-LIFE-EOS-PRODUCTION\master-data\export-operations-process-map-v1.json","6365","8/2/2026 12:35:48 AM"
"C:\Users\Ghanam\OneDrive\projects\Greeny-Life\GREENY-LIFE-EOS-PRODUCTION\master-data\export-operations-runtime-activation-registry-v1.json","9245","8/2/2026 7:02:17 PM"
"C:\Users\Ghanam\OneDrive\projects\Greeny-Life\GREENY-LIFE-EOS-PRODUCTION\master-data\export-operations-runtime-status-report-v1.json","9245","8/2/2026 7:02:17 PM"
"C:\Users\Ghanam\OneDrive\projects\Greeny-Life\GREENY-LIFE-EOS-PRODUCTION\master-data\export-operations-workflow-runtime-map-v1.json","5975","8/2/2026 6:40:19 PM"
"C:\Users\Ghanam\OneDrive\projects\Greeny-Life\GREENY-LIFE-EOS-PRODUCTION\master-data\export-order-fulfillment-engine-v1.json","3290","8/2/2026 7:23:06 PM"
"C:\Users\Ghanam\OneDrive\projects\Greeny-Life\GREENY-LIFE-EOS-PRODUCTION\master-data\export-performance-dashboard-v1.json","3380","8/2/2026 7:27:01 PM"
"C:\Users\Ghanam\OneDrive\projects\Greeny-Life\GREENY-LIFE-EOS-PRODUCTION\master-data\export-product-performance-analytics-v1.json","3185","8/2/2026 7:27:01 PM"
"C:\Users\Ghanam\OneDrive\projects\Greeny-Life\GREENY-LIFE-EOS-PRODUCTION\master-data\export-product-release-manifest-v1.json","7925","8/2/2026 12:28:23 AM"
"C:\Users\Ghanam\OneDrive\projects\Greeny-Life\GREENY-LIFE-EOS-PRODUCTION\master-data\export-production-release-certificate-v1.json","3545","8/2/2026 7:29:42 PM"
"C:\Users\Ghanam\OneDrive\projects\Greeny-Life\GREENY-LIFE-EOS-PRODUCTION\master-data\export-readiness-remediation-plan-v1.json","7025","7/31/2026 1:57:42 PM"
"C:\Users\Ghanam\OneDrive\projects\Greeny-Life\GREENY-LIFE-EOS-PRODUCTION\master-data\export-readiness-report-v1.json","3980","7/31/2026 1:55:24 PM"
"C:\Users\Ghanam\OneDrive\projects\Greeny-Life\GREENY-LIFE-EOS-PRODUCTION\master-data\export-receivable-ledger-v1.json","3680","8/2/2026 7:24:57 PM"
"C:\Users\Ghanam\OneDrive\projects\Greeny-Life\GREENY-LIFE-EOS-PRODUCTION\master-data\export-release-certificate-registry-v1.json","2495","8/2/2026 12:22:39 AM"
"C:\Users\Ghanam\OneDrive\projects\Greeny-Life\GREENY-LIFE-EOS-PRODUCTION\master-data\export-release-package-registry-v1.json","18245","8/2/2026 12:28:22 AM"
"C:\Users\Ghanam\OneDrive\projects\Greeny-Life\GREENY-LIFE-EOS-PRODUCTION\master-data\export-runtime-event-ledger-v1.json","2900","8/2/2026 7:02:17 PM"
"C:\Users\Ghanam\OneDrive\projects\Greeny-Life\GREENY-LIFE-EOS-PRODUCTION\master-data\export-shipment-exception-engine-v1.json","3470","8/2/2026 7:14:58 PM"
"C:\Users\Ghanam\OneDrive\projects\Greeny-Life\GREENY-LIFE-EOS-PRODUCTION\master-data\export-shipment-execution-map-v1.json","3575","8/2/2026 7:02:17 PM"
"C:\Users\Ghanam\OneDrive\projects\Greeny-Life\GREENY-LIFE-EOS-PRODUCTION\master-data\export-shipment-lifecycle-registry-v1.json","13460","8/2/2026 7:12:33 PM"
"C:\Users\Ghanam\OneDrive\projects\Greeny-Life\GREENY-LIFE-EOS-PRODUCTION\master-data\export-shipment-lifecycle-report-v1.json","13460","8/2/2026 7:12:33 PM"
"C:\Users\Ghanam\OneDrive\projects\Greeny-Life\GREENY-LIFE-EOS-PRODUCTION\master-data\export-shipment-state-machine-v1.json","5180","8/2/2026 7:12:33 PM"
"C:\Users\Ghanam\OneDrive\projects\Greeny-Life\GREENY-LIFE-EOS-PRODUCTION\master-data\gels-compliance-remediation-v1.json","2375","7/31/2026 2:07:41 PM"
"C:\Users\Ghanam\OneDrive\projects\Greeny-Life\GREENY-LIFE-EOS-PRODUCTION\master-data\gels-governance-gate-report-v1.json","5388","7/31/2026 1:42:20 PM"
"C:\Users\Ghanam\OneDrive\projects\Greeny-Life\GREENY-LIFE-EOS-PRODUCTION\master-data\gels-intelligent-match-report-v1.json","6540","7/31/2026 1:36:25 PM"
"C:\Users\Ghanam\OneDrive\projects\Greeny-Life\GREENY-LIFE-EOS-PRODUCTION\master-data\gels-normalized-registry-v1.json","15888","7/31/2026 1:39:08 PM"
"C:\Users\Ghanam\OneDrive\projects\Greeny-Life\GREENY-LIFE-EOS-PRODUCTION\master-data\master-data-cleaning-report-v1.json","364251","7/31/2026 1:27:54 PM"
"C:\Users\Ghanam\OneDrive\projects\Greeny-Life\GREENY-LIFE-EOS-PRODUCTION\master-data\master-data-key-alignment-report-v1.json","2259","7/31/2026 1:54:25 PM"
"C:\Users\Ghanam\OneDrive\projects\Greeny-Life\GREENY-LIFE-EOS-PRODUCTION\master-data\packaging-gels-registry-v1.json","160544","7/31/2026 1:19:47 PM"
"C:\Users\Ghanam\OneDrive\projects\Greeny-Life\GREENY-LIFE-EOS-PRODUCTION\master-data\packaging-reconciliation-report-v1.json","4443","7/31/2026 1:34:22 PM"
"C:\Users\Ghanam\OneDrive\projects\Greeny-Life\GREENY-LIFE-EOS-PRODUCTION\master-data\packaging-registry-remediation-v1.json","2420","7/31/2026 2:07:41 PM"
"C:\Users\Ghanam\OneDrive\projects\Greeny-Life\GREENY-LIFE-EOS-PRODUCTION\master-data\product-assets-registry-v1.json","29429","7/31/2026 1:10:09 PM"
"C:\Users\Ghanam\OneDrive\projects\Greeny-Life\GREENY-LIFE-EOS-PRODUCTION\master-data\product-id-reconciliation-report-v1.json","4556","7/31/2026 1:48:42 PM"
"C:\Users\Ghanam\OneDrive\projects\Greeny-Life\GREENY-LIFE-EOS-PRODUCTION\master-data\product-master-activation-registry-v1.json","3678","7/31/2026 1:51:41 PM"
"C:\Users\Ghanam\OneDrive\projects\Greeny-Life\GREENY-LIFE-EOS-PRODUCTION\master-data\product-master-reconciliation-report-v1.json","4746","7/31/2026 1:32:35 PM"
"C:\Users\Ghanam\OneDrive\projects\Greeny-Life\GREENY-LIFE-EOS-PRODUCTION\master-data\product-master-validation-report-v1.json","3598","7/31/2026 1:30:36 PM"
"C:\Users\Ghanam\OneDrive\projects\Greeny-Life\GREENY-LIFE-EOS-PRODUCTION\master-data\supplier-master-remediation-v1.json","2435","7/31/2026 2:07:41 PM"
"C:\Users\Ghanam\OneDrive\projects\Greeny-Life\GREENY-LIFE-EOS-PRODUCTION\master-data\supplier-settlement-mapping-v1.json","3605","8/2/2026 7:24:58 PM"
"C:\Users\Ghanam\OneDrive\projects\Greeny-Life\GREENY-LIFE-EOS-PRODUCTION\master-data\ai-image-generation-v1\ai-image-generation-prompts-v1.json","22010","7/31/2026 12:19:51 AM"
"C:\Users\Ghanam\OneDrive\projects\Greeny-Life\GREENY-LIFE-EOS-PRODUCTION\master-data\ai-image-generation-v1\ai-image-generation-report-v1.json","117","7/31/2026 12:19:51 AM"
"C:\Users\Ghanam\OneDrive\projects\Greeny-Life\GREENY-LIFE-EOS-PRODUCTION\master-data\ai-packaging-mockup-v1\export-shelf-scenes-v1.json","5364","7/31/2026 12:21:40 AM"
"C:\Users\Ghanam\OneDrive\projects\Greeny-Life\GREENY-LIFE-EOS-PRODUCTION\master-data\ai-packaging-mockup-v1\front-label-mockups-v1.json","12178","7/31/2026 12:21:39 AM"
"C:\Users\Ghanam\OneDrive\projects\Greeny-Life\GREENY-LIFE-EOS-PRODUCTION\master-data\ai-packaging-mockup-v1\packaging-mockup-profiles-v1.json","18451","7/31/2026 12:21:39 AM"
"C:\Users\Ghanam\OneDrive\projects\Greeny-Life\GREENY-LIFE-EOS-PRODUCTION\master-data\ai-packaging-mockup-v1\packaging-validation-report-v1.json","203","7/31/2026 12:21:40 AM"
"C:\Users\Ghanam\OneDrive\projects\Greeny-Life\GREENY-LIFE-EOS-PRODUCTION\master-data\ai-product-branding-v1\ai-branding-engine-report-v1.json","203","7/31/2026 12:17:16 AM"
"C:\Users\Ghanam\OneDrive\projects\Greeny-Life\GREENY-LIFE-EOS-PRODUCTION\master-data\ai-product-branding-v1\ai-branding-master-v1.json","15303","7/31/2026 12:17:15 AM"
"C:\Users\Ghanam\OneDrive\projects\Greeny-Life\GREENY-LIFE-EOS-PRODUCTION\master-data\ai-product-branding-v1\product-image-prompts-v1.json","5694","7/31/2026 12:17:16 AM"
"C:\Users\Ghanam\OneDrive\projects\Greeny-Life\GREENY-LIFE-EOS-PRODUCTION\master-data\ai-product-branding-v1\product-label-profiles-v1.json","12313","7/31/2026 12:17:15 AM"
"C:\Users\Ghanam\OneDrive\projects\Greeny-Life\GREENY-LIFE-EOS-PRODUCTION\master-data\final-product-portfolio-v1\archive-products.json","20186","7/30/2026 11:59:15 PM"
"C:\Users\Ghanam\OneDrive\projects\Greeny-Life\GREENY-LIFE-EOS-PRODUCTION\master-data\global-export-visual-system-v1\export-brand-book-v1.json","10374","7/31/2026 12:23:23 AM"
"C:\Users\Ghanam\OneDrive\projects\Greeny-Life\GREENY-LIFE-EOS-PRODUCTION\master-data\global-export-visual-system-v1\final-product-visual-catalog-v1.json","6948","7/31/2026 12:23:23 AM"
"C:\Users\Ghanam\OneDrive\projects\Greeny-Life\GREENY-LIFE-EOS-PRODUCTION\master-data\global-export-visual-system-v1\final-visual-system-report-v1.json","231","7/31/2026 12:23:24 AM"
"C:\Users\Ghanam\OneDrive\projects\Greeny-Life\GREENY-LIFE-EOS-PRODUCTION\master-data\global-export-visual-system-v1\GELS-compliance-check-v1.json","13464","7/31/2026 12:23:23 AM"
"C:\Users\Ghanam\OneDrive\projects\Greeny-Life\GREENY-LIFE-EOS-PRODUCTION\master-data\global-export-visual-system-v1\portfolio-presentation-v1.json","5613","7/31/2026 12:23:24 AM"
"C:\Users\Ghanam\OneDrive\projects\Greeny-Life\GREENY-LIFE-EOS-PRODUCTION\master-data\live-normalized-v1\normalized-business-registry.json","55511","7/30/2026 11:32:05 PM"
"C:\Users\Ghanam\OneDrive\projects\Greeny-Life\GREENY-LIFE-EOS-PRODUCTION\master-data\product-cleaning-v1\final-product-portfolio.json","246","7/30/2026 11:54:27 PM"
"C:\Users\Ghanam\OneDrive\projects\Greeny-Life\GREENY-LIFE-EOS-PRODUCTION\master-data\product-cleaning-v1\product-master-profile.json","108","7/30/2026 11:55:21 PM"
"C:\Users\Ghanam\OneDrive\projects\Greeny-Life\GREENY-LIFE-EOS-PRODUCTION\master-data\product-cleaning-v1\product-portfolio-cleaning-report-v1.json","289","7/30/2026 11:54:28 PM"
"C:\Users\Ghanam\OneDrive\projects\Greeny-Life\GREENY-LIFE-EOS-PRODUCTION\master-data\product-cleaning-v2\cleaning-report.json","220","7/30/2026 11:57:41 PM"
"C:\Users\Ghanam\OneDrive\projects\Greeny-Life\GREENY-LIFE-EOS-PRODUCTION\master-data\product-cleaning-v2\removed-products.json","20186","7/30/2026 11:57:41 PM"
"C:\Users\Ghanam\OneDrive\projects\Greeny-Life\GREENY-LIFE-EOS-PRODUCTION\master-data\product-cleaning-v4\cleaning-report.json","197","7/31/2026 12:02:38 AM"
"C:\Users\Ghanam\OneDrive\projects\Greeny-Life\GREENY-LIFE-EOS-PRODUCTION\master-data\product-cleaning-v4\review-products.json","20186","7/31/2026 12:02:37 AM"
"C:\Users\Ghanam\OneDrive\projects\Greeny-Life\GREENY-LIFE-EOS-PRODUCTION\master-data\product-cleaning-v6\archive-products-v6.json","152","7/31/2026 12:09:55 AM"
"C:\Users\Ghanam\OneDrive\projects\Greeny-Life\GREENY-LIFE-EOS-PRODUCTION\master-data\product-cleaning-v6\cleaning-report-v6.json","285","7/31/2026 12:09:56 AM"
"C:\Users\Ghanam\OneDrive\projects\Greeny-Life\GREENY-LIFE-EOS-PRODUCTION\master-data\product-cleaning-v6\final-product-portfolio-v6.json","154","7/31/2026 12:09:55 AM"
"C:\Users\Ghanam\OneDrive\projects\Greeny-Life\GREENY-LIFE-EOS-PRODUCTION\master-data\product-master-v7\final-product-master-v7.json","3186","7/31/2026 12:15:29 AM"
"C:\Users\Ghanam\OneDrive\projects\Greeny-Life\GREENY-LIFE-EOS-PRODUCTION\master-data\product-master-v7\GELS-product-links-v1.json","4771","7/31/2026 12:15:31 AM"
"C:\Users\Ghanam\OneDrive\projects\Greeny-Life\GREENY-LIFE-EOS-PRODUCTION\master-data\product-master-v7\product-branding-profile-v1.json","968","7/31/2026 12:15:30 AM"
"C:\Users\Ghanam\OneDrive\projects\Greeny-Life\GREENY-LIFE-EOS-PRODUCTION\master-data\reconciliation-v1\master-registry-v1.json","1197","7/30/2026 11:25:02 PM"
"C:\Users\Ghanam\OneDrive\projects\Greeny-Life\GREENY-LIFE-EOS-PRODUCTION\operations\first-export-order.json","570","7/30/2026 11:19:21 PM"
"C:\Users\Ghanam\OneDrive\projects\Greeny-Life\GREENY-LIFE-EOS-PRODUCTION\operations\operational-kpi.json","153","7/30/2026 11:19:22 PM"
"C:\Users\Ghanam\OneDrive\projects\Greeny-Life\GREENY-LIFE-EOS-PRODUCTION\operations\real-master-data.json","1554","7/30/2026 11:19:21 PM"
"C:\Users\Ghanam\OneDrive\projects\Greeny-Life\GREENY-LIFE-EOS-PRODUCTION\operations\export-operating-flow-v1\batch-traceability-v1.json","2994","7/31/2026 12:25:01 AM"
"C:\Users\Ghanam\OneDrive\projects\Greeny-Life\GREENY-LIFE-EOS-PRODUCTION\operations\export-operating-flow-v1\customer-flow-v1.json","1790","7/31/2026 12:25:02 AM"
"C:\Users\Ghanam\OneDrive\projects\Greeny-Life\GREENY-LIFE-EOS-PRODUCTION\operations\export-operating-flow-v1\export-operating-flow-report-v1.json","408","7/31/2026 12:25:02 AM"
"C:\Users\Ghanam\OneDrive\projects\Greeny-Life\GREENY-LIFE-EOS-PRODUCTION\operations\export-operating-flow-v1\export-orders-flow-v1.json","2754","7/31/2026 12:25:01 AM"
"C:\Users\Ghanam\OneDrive\projects\Greeny-Life\GREENY-LIFE-EOS-PRODUCTION\operations\export-operating-flow-v1\inventory-master-v1.json","3069","7/31/2026 12:25:01 AM"
"C:\Users\Ghanam\OneDrive\projects\Greeny-Life\GREENY-LIFE-EOS-PRODUCTION\operations\export-operating-flow-v1\shipping-flow-v1.json","5210","7/31/2026 12:25:01 AM"
"C:\Users\Ghanam\OneDrive\projects\Greeny-Life\GREENY-LIFE-EOS-PRODUCTION\operations\export-operating-flow-v1\supplier-master-v1.json","2739","7/31/2026 12:25:00 AM"
"C:\Users\Ghanam\OneDrive\projects\Greeny-Life\GREENY-LIFE-EOS-PRODUCTION\operations\export-transactions\export-engine-report-v1.json","210","7/30/2026 11:35:06 PM"
"C:\Users\Ghanam\OneDrive\projects\Greeny-Life\GREENY-LIFE-EOS-PRODUCTION\operations\export-transactions\export-transaction-GL-EXP-2026-0001.json","1441","7/30/2026 11:35:06 PM"
"C:\Users\Ghanam\OneDrive\projects\Greeny-Life\GREENY-LIFE-EOS-PRODUCTION\operations\live-business-data\live-business-registry-v1.json","1448","7/30/2026 11:30:27 PM"
"C:\Users\Ghanam\OneDrive\projects\Greeny-Life\GREENY-LIFE-EOS-PRODUCTION\operations\live-execution-v1\live-business-execution-report.json","1963","7/30/2026 11:33:16 PM"
"C:\Users\Ghanam\OneDrive\projects\Greeny-Life\GREENY-LIFE-EOS-PRODUCTION\operations\live-execution-v1\live-data-connector-report.json","490","7/30/2026 11:34:15 PM"
"C:\Users\Ghanam\OneDrive\projects\Greeny-Life\GREENY-LIFE-EOS-PRODUCTION\platform\ai-decision-engine\ai-ceo-assistant\assistant.json","188","7/30/2026 11:13:17 PM"
"C:\Users\Ghanam\OneDrive\projects\Greeny-Life\GREENY-LIFE-EOS-PRODUCTION\platform\ai-decision-engine\business-rule-ai\rules-ai.json","165","7/30/2026 11:13:19 PM"
"C:\Users\Ghanam\OneDrive\projects\Greeny-Life\GREENY-LIFE-EOS-PRODUCTION\platform\ai-decision-engine\executive-report-generator\reports.json","183","7/30/2026 11:13:19 PM"
"C:\Users\Ghanam\OneDrive\projects\Greeny-Life\GREENY-LIFE-EOS-PRODUCTION\platform\ai-decision-engine\export-decision-engine\decision-model.json","267","7/30/2026 11:13:17 PM"
"C:\Users\Ghanam\OneDrive\projects\Greeny-Life\GREENY-LIFE-EOS-PRODUCTION\platform\ai-decision-engine\market-selection-ai\market-ai.json","154","7/30/2026 11:13:18 PM"
"C:\Users\Ghanam\OneDrive\projects\Greeny-Life\GREENY-LIFE-EOS-PRODUCTION\platform\ai-decision-engine\pricing-decision-ai\pricing-ai.json","156","7/30/2026 11:13:18 PM"
"C:\Users\Ghanam\OneDrive\projects\Greeny-Life\GREENY-LIFE-EOS-PRODUCTION\platform\ai-decision-engine\risk-prediction-engine\risk-model.json","178","7/30/2026 11:13:18 PM"
"C:\Users\Ghanam\OneDrive\projects\Greeny-Life\GREENY-LIFE-EOS-PRODUCTION\platform\ai-decision-engine\supplier-recommendation-engine\supplier-ai.json","190","7/30/2026 11:13:18 PM"
"C:\Users\Ghanam\OneDrive\projects\Greeny-Life\GREENY-LIFE-EOS-PRODUCTION\platform\api-gateway\gateway-manifest.json","259","7/30/2026 10:56:23 PM"
"C:\Users\Ghanam\OneDrive\projects\Greeny-Life\GREENY-LIFE-EOS-PRODUCTION\platform\audit\audit-engine.json","164","7/30/2026 10:59:11 PM"
"C:\Users\Ghanam\OneDrive\projects\Greeny-Life\GREENY-LIFE-EOS-PRODUCTION\platform\authentication\jwt-engine.json","165","7/30/2026 10:59:09 PM"
"C:\Users\Ghanam\OneDrive\projects\Greeny-Life\GREENY-LIFE-EOS-PRODUCTION\platform\authentication\permissions\permissions.json","138","7/30/2026 10:59:10 PM"
"C:\Users\Ghanam\OneDrive\projects\Greeny-Life\GREENY-LIFE-EOS-PRODUCTION\platform\authentication\roles\roles.json","200","7/30/2026 10:59:09 PM"
"C:\Users\Ghanam\OneDrive\projects\Greeny-Life\GREENY-LIFE-EOS-PRODUCTION\platform\authentication\users\user-management.json","113","7/30/2026 10:59:09 PM"
"C:\Users\Ghanam\OneDrive\projects\Greeny-Life\GREENY-LIFE-EOS-PRODUCTION\platform\automation\automation-manifest.json","240","7/30/2026 11:03:28 PM"
"C:\Users\Ghanam\OneDrive\projects\Greeny-Life\GREENY-LIFE-EOS-PRODUCTION\platform\automation\approval-engine\approval-rules.json","200","7/30/2026 11:03:29 PM"
"C:\Users\Ghanam\OneDrive\projects\Greeny-Life\GREENY-LIFE-EOS-PRODUCTION\platform\automation\business-rules\rules.json","293","7/30/2026 11:03:29 PM"
"C:\Users\Ghanam\OneDrive\projects\Greeny-Life\GREENY-LIFE-EOS-PRODUCTION\platform\automation\export-automation\export-flows.json","188","7/30/2026 11:03:29 PM"
"C:\Users\Ghanam\OneDrive\projects\Greeny-Life\GREENY-LIFE-EOS-PRODUCTION\platform\automation\notification-engine\notification-config.json","219","7/30/2026 11:03:29 PM"
"C:\Users\Ghanam\OneDrive\projects\Greeny-Life\GREENY-LIFE-EOS-PRODUCTION\platform\automation\scheduler\scheduled-jobs.json","196","7/30/2026 11:03:29 PM"
"C:\Users\Ghanam\OneDrive\projects\Greeny-Life\GREENY-LIFE-EOS-PRODUCTION\platform\automation\supplier-automation\supplier-onboarding.json","175","7/30/2026 11:03:30 PM"
"C:\Users\Ghanam\OneDrive\projects\Greeny-Life\GREENY-LIFE-EOS-PRODUCTION\platform\automation\workflow-automation\workflow-catalog.json","227","7/30/2026 11:03:28 PM"
"C:\Users\Ghanam\OneDrive\projects\Greeny-Life\GREENY-LIFE-EOS-PRODUCTION\platform\eos-core\events\events.json","155","7/30/2026 10:47:49 PM"
"C:\Users\Ghanam\OneDrive\projects\Greeny-Life\GREENY-LIFE-EOS-PRODUCTION\platform\export-os\export-os-manifest.json","339","7/30/2026 11:05:03 PM"
"C:\Users\Ghanam\OneDrive\projects\Greeny-Life\GREENY-LIFE-EOS-PRODUCTION\platform\export-os\compliance\compliance-engine.json","159","7/30/2026 11:05:04 PM"
"C:\Users\Ghanam\OneDrive\projects\Greeny-Life\GREENY-LIFE-EOS-PRODUCTION\platform\export-os\country-rules\country-rules.json","216","7/30/2026 11:05:05 PM"
"C:\Users\Ghanam\OneDrive\projects\Greeny-Life\GREENY-LIFE-EOS-PRODUCTION\platform\export-os\customs\customs-engine.json","268","7/30/2026 11:05:04 PM"
"C:\Users\Ghanam\OneDrive\projects\Greeny-Life\GREENY-LIFE-EOS-PRODUCTION\platform\export-os\export-control-dashboard\dashboard.json","205","7/30/2026 11:05:05 PM"
"C:\Users\Ghanam\OneDrive\projects\Greeny-Life\GREENY-LIFE-EOS-PRODUCTION\platform\export-os\export-orders\lifecycle\export-order-flow.json","179","7/30/2026 11:05:04 PM"
"C:\Users\Ghanam\OneDrive\projects\Greeny-Life\GREENY-LIFE-EOS-PRODUCTION\platform\export-os\gels\global-export-label-standard\gels-v1.json","328","7/30/2026 11:05:03 PM"
"C:\Users\Ghanam\OneDrive\projects\Greeny-Life\GREENY-LIFE-EOS-PRODUCTION\platform\export-os\market-intelligence\market-engine.json","171","7/30/2026 11:05:05 PM"
"C:\Users\Ghanam\OneDrive\projects\Greeny-Life\GREENY-LIFE-EOS-PRODUCTION\platform\export-os\shipping\shipping-engine.json","244","7/30/2026 11:05:04 PM"
"C:\Users\Ghanam\OneDrive\projects\Greeny-Life\GREENY-LIFE-EOS-PRODUCTION\platform\integration\analytics\analytics-engine.json","178","7/30/2026 11:00:26 PM"
"C:\Users\Ghanam\OneDrive\projects\Greeny-Life\GREENY-LIFE-EOS-PRODUCTION\platform\integration\dashboard\executive-dashboard.json","179","7/30/2026 11:00:27 PM"
"C:\Users\Ghanam\OneDrive\projects\Greeny-Life\GREENY-LIFE-EOS-PRODUCTION\platform\integration\erp-connectors\erp-connectors.json","172","7/30/2026 11:00:26 PM"
"C:\Users\Ghanam\OneDrive\projects\Greeny-Life\GREENY-LIFE-EOS-PRODUCTION\platform\integration\event-bus\event-catalog.json","289","7/30/2026 11:00:25 PM"
"C:\Users\Ghanam\OneDrive\projects\Greeny-Life\GREENY-LIFE-EOS-PRODUCTION\platform\integration\export-engine\export-engine.json","251","7/30/2026 11:00:26 PM"
"C:\Users\Ghanam\OneDrive\projects\Greeny-Life\GREENY-LIFE-EOS-PRODUCTION\platform\integration\master-data-sync\master-data-sync.json","186","7/30/2026 11:00:26 PM"
"C:\Users\Ghanam\OneDrive\projects\Greeny-Life\GREENY-LIFE-EOS-PRODUCTION\platform\intelligence\ai-intelligence-manifest.json","261","7/30/2026 11:02:35 PM"
"C:\Users\Ghanam\OneDrive\projects\Greeny-Life\GREENY-LIFE-EOS-PRODUCTION\platform\intelligence\ai-assistant\executive-agent\agent-manifest.json","228","7/30/2026 11:02:36 PM"
"C:\Users\Ghanam\OneDrive\projects\Greeny-Life\GREENY-LIFE-EOS-PRODUCTION\platform\intelligence\data-features\feature-registry.json","208","7/30/2026 11:02:36 PM"
"C:\Users\Ghanam\OneDrive\projects\Greeny-Life\GREENY-LIFE-EOS-PRODUCTION\platform\intelligence\export-intelligence\market-analysis\market-engine.json","222","7/30/2026 11:02:36 PM"
"C:\Users\Ghanam\OneDrive\projects\Greeny-Life\GREENY-LIFE-EOS-PRODUCTION\platform\intelligence\predictive-engine\demand-forecasting\forecast-model.json","252","7/30/2026 11:02:35 PM"
"C:\Users\Ghanam\OneDrive\projects\Greeny-Life\GREENY-LIFE-EOS-PRODUCTION\platform\intelligence\predictive-engine\sales-prediction\sales-model.json","175","7/30/2026 11:02:35 PM"
"C:\Users\Ghanam\OneDrive\projects\Greeny-Life\GREENY-LIFE-EOS-PRODUCTION\platform\intelligence\quality-intelligence\quality-prediction\quality-model.json","210","7/30/2026 11:02:36 PM"
"C:\Users\Ghanam\OneDrive\projects\Greeny-Life\GREENY-LIFE-EOS-PRODUCTION\platform\intelligence\supplier-intelligence\supplier-intelligence.json","253","7/30/2026 11:02:35 PM"
"C:\Users\Ghanam\OneDrive\projects\Greeny-Life\GREENY-LIFE-EOS-PRODUCTION\platform\market-intelligence\ai-market-recommendation\ai-engine.json","178","7/30/2026 11:08:34 PM"
"C:\Users\Ghanam\OneDrive\projects\Greeny-Life\GREENY-LIFE-EOS-PRODUCTION\platform\market-intelligence\competitor-analysis\competitor-model.json","161","7/30/2026 11:08:33 PM"
"C:\Users\Ghanam\OneDrive\projects\Greeny-Life\GREENY-LIFE-EOS-PRODUCTION\platform\market-intelligence\country-intelligence\countries.json","356","7/30/2026 11:08:33 PM"
"C:\Users\Ghanam\OneDrive\projects\Greeny-Life\GREENY-LIFE-EOS-PRODUCTION\platform\market-intelligence\demand-forecasting\forecast-model.json","194","7/30/2026 11:08:34 PM"
"C:\Users\Ghanam\OneDrive\projects\Greeny-Life\GREENY-LIFE-EOS-PRODUCTION\platform\market-intelligence\executive-market-dashboard\dashboard.json","226","7/30/2026 11:08:35 PM"
"C:\Users\Ghanam\OneDrive\projects\Greeny-Life\GREENY-LIFE-EOS-PRODUCTION\platform\market-intelligence\export-readiness-score\readiness-model.json","192","7/30/2026 11:08:34 PM"
"C:\Users\Ghanam\OneDrive\projects\Greeny-Life\GREENY-LIFE-EOS-PRODUCTION\platform\market-intelligence\market-opportunity-engine\opportunity-model.json","193","7/30/2026 11:08:33 PM"
"C:\Users\Ghanam\OneDrive\projects\Greeny-Life\GREENY-LIFE-EOS-PRODUCTION\platform\market-intelligence\pricing-intelligence\pricing-model.json","193","7/30/2026 11:08:34 PM"
"C:\Users\Ghanam\OneDrive\projects\Greeny-Life\GREENY-LIFE-EOS-PRODUCTION\platform\mobile-web-platform-v1\authentication-flow-v1.json","327","7/31/2026 10:56:21 AM"
"C:\Users\Ghanam\OneDrive\projects\Greeny-Life\GREENY-LIFE-EOS-PRODUCTION\platform\mobile-web-platform-v1\deployment-map-v1.json","477","7/31/2026 10:56:22 AM"
"C:\Users\Ghanam\OneDrive\projects\Greeny-Life\GREENY-LIFE-EOS-PRODUCTION\platform\mobile-web-platform-v1\mobile-app-architecture-v1.json","835","7/31/2026 10:56:20 AM"
"C:\Users\Ghanam\OneDrive\projects\Greeny-Life\GREENY-LIFE-EOS-PRODUCTION\platform\mobile-web-platform-v1\notification-engine-v1.json","451","7/31/2026 10:56:22 AM"
"C:\Users\Ghanam\OneDrive\projects\Greeny-Life\GREENY-LIFE-EOS-PRODUCTION\platform\mobile-web-platform-v1\platform-report-v1.json","242","7/31/2026 10:56:23 AM"
"C:\Users\Ghanam\OneDrive\projects\Greeny-Life\GREENY-LIFE-EOS-PRODUCTION\platform\mobile-web-platform-v1\user-role-permission-v1.json","1318","7/31/2026 10:56:21 AM"
"C:\Users\Ghanam\OneDrive\projects\Greeny-Life\GREENY-LIFE-EOS-PRODUCTION\platform\mobile-web-platform-v1\web-app-architecture-v1.json","535","7/31/2026 10:56:20 AM"
"C:\Users\Ghanam\OneDrive\projects\Greeny-Life\GREENY-LIFE-EOS-PRODUCTION\platform\partner-network\partner-master-model.json","474","7/30/2026 11:07:00 PM"
"C:\Users\Ghanam\OneDrive\projects\Greeny-Life\GREENY-LIFE-EOS-PRODUCTION\platform\partner-network\global-partner-dashboard\dashboard.json","168","7/30/2026 11:07:01 PM"
"C:\Users\Ghanam\OneDrive\projects\Greeny-Life\GREENY-LIFE-EOS-PRODUCTION\platform\partner-network\partner-contracts\contract-engine.json","245","7/30/2026 11:07:01 PM"
"C:\Users\Ghanam\OneDrive\projects\Greeny-Life\GREENY-LIFE-EOS-PRODUCTION\platform\partner-network\partner-rating-engine\rating-model.json","259","7/30/2026 11:07:01 PM"
"C:\Users\Ghanam\OneDrive\projects\Greeny-Life\GREENY-LIFE-EOS-PRODUCTION\platform\partner-network\supplier-network\supplier-network-engine.json","155","7/30/2026 11:07:00 PM"
"C:\Users\Ghanam\OneDrive\projects\Greeny-Life\GREENY-LIFE-EOS-PRODUCTION\platform\runtime\configuration\config.json","160","7/30/2026 10:59:10 PM"
"C:\Users\Ghanam\OneDrive\projects\Greeny-Life\GREENY-LIFE-EOS-PRODUCTION\platform\runtime\health-monitor\health-checks.json","145","7/30/2026 10:59:10 PM"
"C:\Users\Ghanam\OneDrive\projects\Greeny-Life\GREENY-LIFE-EOS-PRODUCTION\platform\runtime\service-registry\registry.json","256","7/30/2026 10:59:10 PM"
"C:\Users\Ghanam\OneDrive\projects\Greeny-Life\GREENY-LIFE-EOS-PRODUCTION\platform\runtime-governance\event-bus\events.json","187","7/30/2026 11:15:53 PM"
"C:\Users\Ghanam\OneDrive\projects\Greeny-Life\GREENY-LIFE-EOS-PRODUCTION\platform\runtime-governance\executive-control-center\dashboard.json","274","7/30/2026 11:15:54 PM"
"C:\Users\Ghanam\OneDrive\projects\Greeny-Life\GREENY-LIFE-EOS-PRODUCTION\platform\runtime-governance\health-monitor\health-config.json","212","7/30/2026 11:15:53 PM"
"C:\Users\Ghanam\OneDrive\projects\Greeny-Life\GREENY-LIFE-EOS-PRODUCTION\platform\runtime-governance\permission-matrix\roles.json","165","7/30/2026 11:15:54 PM"
"C:\Users\Ghanam\OneDrive\projects\Greeny-Life\GREENY-LIFE-EOS-PRODUCTION\platform\runtime-governance\service-registry\services.json","888","7/30/2026 11:15:52 PM"
"C:\Users\Ghanam\OneDrive\projects\Greeny-Life\GREENY-LIFE-EOS-PRODUCTION\platform\runtime-governance\workflow-registry\workflows.json","214","7/30/2026 11:15:53 PM"
"C:\Users\Ghanam\OneDrive\projects\Greeny-Life\GREENY-LIFE-EOS-PRODUCTION\platform\security\security-manifest.json","123","7/30/2026 10:56:24 PM"
"C:\Users\Ghanam\OneDrive\projects\Greeny-Life\GREENY-LIFE-EOS-PRODUCTION\platform\workflow-engine\events\event-bus.json","182","7/30/2026 10:52:44 PM"
"C:\Users\Ghanam\OneDrive\projects\Greeny-Life\GREENY-LIFE-EOS-PRODUCTION\platform\workflow-engine\inventory-receiving\flow.json","152","7/30/2026 10:52:43 PM"
"C:\Users\Ghanam\OneDrive\projects\Greeny-Life\GREENY-LIFE-EOS-PRODUCTION\platform\workflow-engine\order-processing\flow.json","161","7/30/2026 10:52:43 PM"
"C:\Users\Ghanam\OneDrive\projects\Greeny-Life\GREENY-LIFE-EOS-PRODUCTION\platform\workflow-engine\payment-processing\flow.json","138","7/30/2026 10:52:43 PM"
"C:\Users\Ghanam\OneDrive\projects\Greeny-Life\GREENY-LIFE-EOS-PRODUCTION\platform\workflow-engine\product-creation\flow.json","178","7/30/2026 10:52:42 PM"
"C:\Users\Ghanam\OneDrive\projects\Greeny-Life\GREENY-LIFE-EOS-PRODUCTION\platform\workflow-engine\quality-approval\flow.json","191","7/30/2026 10:52:42 PM"
"C:\Users\Ghanam\OneDrive\projects\Greeny-Life\GREENY-LIFE-EOS-PRODUCTION\platform\workflow-engine\shipment-management\flow.json","189","7/30/2026 10:52:43 PM"
"C:\Users\Ghanam\OneDrive\projects\Greeny-Life\GREENY-LIFE-EOS-PRODUCTION\platform\workflow-engine\supplier-onboarding\flow.json","257","7/30/2026 10:52:42 PM"
"C:\Users\Ghanam\OneDrive\projects\Greeny-Life\GREENY-LIFE-EOS-PRODUCTION\security\security-governance-v1\audit-log-engine-v1.json","423","7/31/2026 10:59:58 AM"
"C:\Users\Ghanam\OneDrive\projects\Greeny-Life\GREENY-LIFE-EOS-PRODUCTION\security\security-governance-v1\authentication-security-v1.json","389","7/31/2026 10:59:57 AM"
"C:\Users\Ghanam\OneDrive\projects\Greeny-Life\GREENY-LIFE-EOS-PRODUCTION\security\security-governance-v1\backup-recovery-v1.json","313","7/31/2026 11:00:00 AM"
"C:\Users\Ghanam\OneDrive\projects\Greeny-Life\GREENY-LIFE-EOS-PRODUCTION\security\security-governance-v1\compliance-engine-v1.json","338","7/31/2026 10:59:59 AM"
"C:\Users\Ghanam\OneDrive\projects\Greeny-Life\GREENY-LIFE-EOS-PRODUCTION\security\security-governance-v1\data-governance-v1.json","514","7/31/2026 10:59:59 AM"
"C:\Users\Ghanam\OneDrive\projects\Greeny-Life\GREENY-LIFE-EOS-PRODUCTION\security\security-governance-v1\role-access-control-v1.json","550","7/31/2026 10:59:58 AM"
"C:\Users\Ghanam\OneDrive\projects\Greeny-Life\GREENY-LIFE-EOS-PRODUCTION\security\security-governance-v1\security-governance-report-v1.json","140","7/31/2026 11:00:01 AM"
"C:\Users\Ghanam\OneDrive\projects\Greeny-Life\GREENY-LIFE-EOS-PRODUCTION\security\security-governance-v1\security-monitoring-v1.json","478","7/31/2026 11:00:00 AM"
"C:\Users\Ghanam\OneDrive\projects\Greeny-Life\GREENY-LIFE-EOS-PRODUCTION\security\security-layer-v1\access-control-matrix-v1.json","805","7/31/2026 10:52:22 AM"
"C:\Users\Ghanam\OneDrive\projects\Greeny-Life\GREENY-LIFE-EOS-PRODUCTION\security\security-layer-v1\audit-log-schema-v1.json","310","7/31/2026 10:52:23 AM"
"C:\Users\Ghanam\OneDrive\projects\Greeny-Life\GREENY-LIFE-EOS-PRODUCTION\security\security-layer-v1\authentication-config-v1.json","381","7/31/2026 10:52:22 AM"
"C:\Users\Ghanam\OneDrive\projects\Greeny-Life\GREENY-LIFE-EOS-PRODUCTION\security\security-layer-v1\roles-permissions-v1.json","1348","7/31/2026 10:52:21 AM"
"C:\Users\Ghanam\OneDrive\projects\Greeny-Life\GREENY-LIFE-EOS-PRODUCTION\security\security-layer-v1\security-report-v1.json","210","7/31/2026 10:52:23 AM"
"C:\Users\Ghanam\OneDrive\projects\Greeny-Life\GREENY-LIFE-EOS-PRODUCTION\security\security-layer-v1\users-master-v1.json","1071","7/31/2026 10:52:21 AM"
"C:\Users\Ghanam\OneDrive\projects\Greeny-Life\GREENY-LIFE-EOS-PRODUCTION\services\crm-service\service-manifest.json","120","7/30/2026 10:56:21 PM"
"C:\Users\Ghanam\OneDrive\projects\Greeny-Life\GREENY-LIFE-EOS-PRODUCTION\services\crm-service\api\routes.json","187","7/30/2026 10:56:23 PM"
"C:\Users\Ghanam\OneDrive\projects\Greeny-Life\GREENY-LIFE-EOS-PRODUCTION\services\finance-service\service-manifest.json","124","7/30/2026 10:56:21 PM"
"C:\Users\Ghanam\OneDrive\projects\Greeny-Life\GREENY-LIFE-EOS-PRODUCTION\services\finance-service\api\routes.json","187","7/30/2026 10:56:23 PM"
"C:\Users\Ghanam\OneDrive\projects\Greeny-Life\GREENY-LIFE-EOS-PRODUCTION\services\inventory-service\service-manifest.json","126","7/30/2026 10:56:21 PM"
"C:\Users\Ghanam\OneDrive\projects\Greeny-Life\GREENY-LIFE-EOS-PRODUCTION\services\inventory-service\api\routes.json","194","7/30/2026 10:56:22 PM"
"C:\Users\Ghanam\OneDrive\projects\Greeny-Life\GREENY-LIFE-EOS-PRODUCTION\services\inventory-service\src\domain\Inventory.js","189","7/30/2026 10:47:48 PM"
"C:\Users\Ghanam\OneDrive\projects\Greeny-Life\GREENY-LIFE-EOS-PRODUCTION\services\logistics-service\service-manifest.json","126","7/30/2026 10:56:21 PM"
"C:\Users\Ghanam\OneDrive\projects\Greeny-Life\GREENY-LIFE-EOS-PRODUCTION\services\logistics-service\api\routes.json","196","7/30/2026 10:56:23 PM"
"C:\Users\Ghanam\OneDrive\projects\Greeny-Life\GREENY-LIFE-EOS-PRODUCTION\services\product-service\service-manifest.json","124","7/30/2026 10:56:21 PM"
"C:\Users\Ghanam\OneDrive\projects\Greeny-Life\GREENY-LIFE-EOS-PRODUCTION\services\product-service\api\routes.json","259","7/30/2026 10:56:21 PM"
"C:\Users\Ghanam\OneDrive\projects\Greeny-Life\GREENY-LIFE-EOS-PRODUCTION\services\product-service\src\domain\Product.js","207","7/30/2026 10:47:48 PM"
"C:\Users\Ghanam\OneDrive\projects\Greeny-Life\GREENY-LIFE-EOS-PRODUCTION\services\quality-service\service-manifest.json","124","7/30/2026 10:56:21 PM"
"C:\Users\Ghanam\OneDrive\projects\Greeny-Life\GREENY-LIFE-EOS-PRODUCTION\services\sales-order-service\service-manifest.json","128","7/30/2026 10:56:21 PM"
"C:\Users\Ghanam\OneDrive\projects\Greeny-Life\GREENY-LIFE-EOS-PRODUCTION\services\sales-order-service\api\routes.json","183","7/30/2026 10:56:22 PM"
"C:\Users\Ghanam\OneDrive\projects\Greeny-Life\GREENY-LIFE-EOS-PRODUCTION\services\supplier-service\service-manifest.json","125","7/30/2026 10:56:21 PM"
"C:\Users\Ghanam\OneDrive\projects\Greeny-Life\GREENY-LIFE-EOS-PRODUCTION\services\supplier-service\api\routes.json","192","7/30/2026 10:56:22 PM"
"C:\Users\Ghanam\OneDrive\projects\Greeny-Life\GREENY-LIFE-EOS-PRODUCTION\services\supplier-service\src\domain\Supplier.js","169","7/30/2026 10:47:48 PM"
"C:\Users\Ghanam\OneDrive\projects\Greeny-Life\KNOWLEDGE-BASE\Architecture\architecture-files.csv","43761","8/3/2026 12:55:20 AM"
"C:\Users\Ghanam\OneDrive\projects\Greeny-Life\KNOWLEDGE-BASE\INDEX\canonical-source-candidates.csv","1434","8/3/2026 7:33:49 PM"
"C:\Users\Ghanam\OneDrive\projects\Greeny-Life\KNOWLEDGE-BASE\INDEX\CANONICAL-SOURCE-POLICY.txt","1152","8/3/2026 7:33:49 PM"
"C:\Users\Ghanam\OneDrive\projects\Greeny-Life\KNOWLEDGE-BASE\INDEX\project-manifest.csv","0","8/3/2026 7:33:50 PM"
"C:\Users\Ghanam\OneDrive\projects\Greeny-Life\KNOWLEDGE-BASE\KEEP-PACKAGE\Activation\export-operations-runtime-activation-registry-v1.json","9245","8/2/2026 7:02:17 PM"
"C:\Users\Ghanam\OneDrive\projects\Greeny-Life\KNOWLEDGE-BASE\KEEP-PACKAGE\Activation\export-production-release-certificate-v1.json","3545","8/2/2026 7:29:42 PM"
"C:\Users\Ghanam\OneDrive\projects\Greeny-Life\KNOWLEDGE-BASE\KEEP-PACKAGE\GELS\gels-normalized-registry-v1.json","15888","7/31/2026 1:39:08 PM"
"C:\Users\Ghanam\OneDrive\projects\Greeny-Life\KNOWLEDGE-BASE\KEEP-PACKAGE\GELS\gels-v1.json","328","7/30/2026 11:05:03 PM"
"C:\Users\Ghanam\OneDrive\projects\Greeny-Life\KNOWLEDGE-BASE\KEEP-PACKAGE\Product\canonical-product-master-v1.json","4511","7/31/2026 1:07:55 PM"
"C:\Users\Ghanam\OneDrive\projects\Greeny-Life\KNOWLEDGE-BASE\KEEP-PACKAGE\Product\final-product-master-v7.json","3186","7/31/2026 12:15:29 AM"
"C:\Users\Ghanam\OneDrive\projects\Greeny-Life\KNOWLEDGE-BASE\Legacy-Reference\data-legacy\categories.json","936","7/14/2026 12:38:42 AM"
"C:\Users\Ghanam\OneDrive\projects\Greeny-Life\KNOWLEDGE-BASE\Legacy-Reference\data-legacy\category-extensions.json","832","7/13/2026 4:22:16 PM"
"C:\Users\Ghanam\OneDrive\projects\Greeny-Life\KNOWLEDGE-BASE\Legacy-Reference\data-legacy\certificates.json","719","7/13/2026 4:22:16 PM"
"C:\Users\Ghanam\OneDrive\projects\Greeny-Life\KNOWLEDGE-BASE\Legacy-Reference\data-legacy\countries.json","142","7/13/2026 4:22:16 PM"
"C:\Users\Ghanam\OneDrive\projects\Greeny-Life\KNOWLEDGE-BASE\Legacy-Reference\data-legacy\incoterms.json","670","7/13/2026 4:22:16 PM"
"C:\Users\Ghanam\OneDrive\projects\Greeny-Life\KNOWLEDGE-BASE\Legacy-Reference\data-legacy\legal-entities.json","490","7/13/2026 4:22:16 PM"
"C:\Users\Ghanam\OneDrive\projects\Greeny-Life\KNOWLEDGE-BASE\Legacy-Reference\data-legacy\markets.json","367","7/13/2026 4:22:16 PM"
"C:\Users\Ghanam\OneDrive\projects\Greeny-Life\KNOWLEDGE-BASE\Legacy-Reference\data-legacy\packaging.json","7077","7/13/2026 4:22:16 PM"
"C:\Users\Ghanam\OneDrive\projects\Greeny-Life\KNOWLEDGE-BASE\Legacy-Reference\data-legacy\product-variants.json","1140","7/13/2026 4:22:16 PM"
"C:\Users\Ghanam\OneDrive\projects\Greeny-Life\KNOWLEDGE-BASE\Legacy-Reference\data-legacy\product.schema.json","782","7/13/2026 4:22:16 PM"
"C:\Users\Ghanam\OneDrive\projects\Greeny-Life\KNOWLEDGE-BASE\Legacy-Reference\data-legacy\products.json","2822","7/24/2026 2:30:58 PM"
"C:\Users\Ghanam\OneDrive\projects\Greeny-Life\KNOWLEDGE-BASE\Legacy-Reference\data-legacy\units.json","507","7/13/2026 4:22:16 PM"
"C:\Users\Ghanam\OneDrive\projects\Greeny-Life\KNOWLEDGE-BASE\Master-Data\activation-gap-analysis.csv","5253","8/3/2026 1:01:32 AM"
"C:\Users\Ghanam\OneDrive\projects\Greeny-Life\KNOWLEDGE-BASE\Master-Data\KEEP-master-data.txt","6408","8/3/2026 12:57:03 AM"
"C:\Users\Ghanam\OneDrive\projects\Greeny-Life\KNOWLEDGE-BASE\Master-Data\master-data-files.csv","17271","8/3/2026 12:53:16 AM"
"C:\Users\Ghanam\OneDrive\projects\Greeny-Life\KNOWLEDGE-BASE\Master-Data\master-data-priority-list.txt","14072","8/3/2026 12:54:26 AM"
"C:\Users\Ghanam\OneDrive\projects\Greeny-Life\lib\workflowEngine.ts","3212","7/25/2026 12:27:22 AM"
"C:\Users\Ghanam\OneDrive\projects\Greeny-Life\lib\data\collections.ts","283","7/16/2026 8:33:32 PM"
"C:\Users\Ghanam\OneDrive\projects\Greeny-Life\lib\data\documents.ts","1095","7/19/2026 7:56:00 PM"
"C:\Users\Ghanam\OneDrive\projects\Greeny-Life\lib\data\global.ts","668","7/15/2026 9:04:01 PM"
"C:\Users\Ghanam\OneDrive\projects\Greeny-Life\lib\data\markets.ts","1031","7/19/2026 7:55:36 PM"
"C:\Users\Ghanam\OneDrive\projects\Greeny-Life\lib\data\media.ts","2380","7/16/2026 8:59:52 PM"
"C:\Users\Ghanam\OneDrive\projects\Greeny-Life\lib\data\packaging-profiles.ts","736","7/16/2026 8:57:06 PM"
"C:\Users\Ghanam\OneDrive\projects\Greeny-Life\lib\data\packaging.ts","1231","7/16/2026 8:51:43 PM"
"C:\Users\Ghanam\OneDrive\projects\Greeny-Life\lib\data\products.ts","3564","7/22/2026 5:13:25 PM"
"C:\Users\Ghanam\OneDrive\projects\Greeny-Life\prisma\schema.prisma","6863","7/25/2026 1:04:07 AM"
"C:\Users\Ghanam\OneDrive\projects\Greeny-Life\prisma\migrations\migration_lock.toml","128","7/25/2026 1:44:53 AM"
"C:\Users\Ghanam\OneDrive\projects\Greeny-Life\prisma\migrations\20260724234453_enterprise_eos_v1\migration.sql","10518","7/25/2026 1:44:53 AM"
"C:\Users\Ghanam\OneDrive\projects\Greeny-Life\scripts\audit-project.js","3585","7/18/2026 2:46:38 PM"
"C:\Users\Ghanam\OneDrive\projects\Greeny-Life\scripts\backup-data.js","2169","7/17/2026 6:50:22 PM"
"C:\Users\Ghanam\OneDrive\projects\Greeny-Life\scripts\execute_seed.py","1852","7/25/2026 12:17:43 PM"
"C:\Users\Ghanam\OneDrive\projects\Greeny-Life\scripts\extract_product_master.py","1978","7/25/2026 2:02:00 AM"
"C:\Users\Ghanam\OneDrive\projects\Greeny-Life\scripts\generate_sql_seed.py","2831","7/25/2026 2:12:37 AM"
"C:\Users\Ghanam\OneDrive\projects\Greeny-Life\scripts\inspect_master_products.py","2097","7/25/2026 2:03:36 AM"
"C:\Users\Ghanam\OneDrive\projects\Greeny-Life\scripts\integrity-check.js","973","7/19/2026 2:46:31 PM"
"C:\Users\Ghanam\OneDrive\projects\Greeny-Life\scripts\legacy_audit.py","4084","7/25/2026 1:54:51 AM"
"C:\Users\Ghanam\OneDrive\projects\Greeny-Life\scripts\migrate-data.js","675","7/19/2026 4:17:44 PM"
"C:\Users\Ghanam\OneDrive\projects\Greeny-Life\scripts\migrate-schema.js","4733","7/18/2026 1:49:29 PM"
"C:\Users\Ghanam\OneDrive\projects\Greeny-Life\scripts\repair-canonical-products.ps1","0","7/26/2026 1:38:59 PM"
"C:\Users\Ghanam\OneDrive\projects\Greeny-Life\scripts\seed_master_products.ts","3062","7/25/2026 2:12:57 AM"
"C:\Users\Ghanam\OneDrive\projects\Greeny-Life\scripts\system_analyzer.py","2835","7/25/2026 1:57:44 AM"
"C:\Users\Ghanam\OneDrive\projects\Greeny-Life\scripts\validate-schema.js","2928","7/17/2026 6:55:39 PM"
"C:\Users\Ghanam\OneDrive\projects\Greeny-Life\services\api.ts","532","7/19/2026 4:35:37 PM"
"C:\Users\Ghanam\OneDrive\projects\Greeny-Life\shared\utils.js","5544","7/18/2026 6:27:08 PM"
"C:\Users\Ghanam\OneDrive\projects\Greeny-Life\shared\constants\index.ts","0","7/30/2026 1:30:38 PM"
"C:\Users\Ghanam\OneDrive\projects\Greeny-Life\shared\errors\index.ts","0","7/30/2026 1:30:39 PM"
"C:\Users\Ghanam\OneDrive\projects\Greeny-Life\shared\schemas\index.ts","0","7/30/2026 1:30:38 PM"
"C:\Users\Ghanam\OneDrive\projects\Greeny-Life\shared\types\index.ts","0","7/30/2026 1:30:38 PM"
"C:\Users\Ghanam\OneDrive\projects\Greeny-Life\shared\utilities\index.ts","0","7/30/2026 1:30:39 PM"
"C:\Users\Ghanam\OneDrive\projects\Greeny-Life\shared\validators\index.ts","0","7/30/2026 1:30:38 PM"
"C:\Users\Ghanam\OneDrive\projects\Greeny-Life\src\administration\__init__.py","0","7/24/2026 9:04:18 PM"
"C:\Users\Ghanam\OneDrive\projects\Greeny-Life\src\analytics\__init__.py","0","7/24/2026 9:04:18 PM"
"C:\Users\Ghanam\OneDrive\projects\Greeny-Life\src\compliance\__init__.py","0","7/24/2026 9:04:18 PM"
"C:\Users\Ghanam\OneDrive\projects\Greeny-Life\src\crm\__init__.py","0","7/24/2026 9:04:18 PM"
"C:\Users\Ghanam\OneDrive\projects\Greeny-Life\src\finance\__init__.py","0","7/24/2026 9:04:18 PM"
"C:\Users\Ghanam\OneDrive\projects\Greeny-Life\src\gl_dos\__init__.py","0","7/24/2026 9:04:18 PM"
"C:\Users\Ghanam\OneDrive\projects\Greeny-Life\src\logistics\__init__.py","0","7/24/2026 9:04:18 PM"
"C:\Users\Ghanam\OneDrive\projects\Greeny-Life\src\master_data\__init__.py","0","7/24/2026 9:04:18 PM"
"C:\Users\Ghanam\OneDrive\projects\Greeny-Life\src\operations\__init__.py","0","7/24/2026 9:04:18 PM"
"C:\Users\Ghanam\OneDrive\projects\Greeny-Life\tests\performance\results.json","380395","7/26/2026 12:49:40 PM"
"C:\Users\Ghanam\OneDrive\projects\Greeny-Life\tests\performance\smoke_test.js","453","7/25/2026 2:32:00 PM"
"C:\Users\Ghanam\OneDrive\projects\Greeny-Life\tests\performance\__init__.py","0","7/24/2026 9:04:18 PM"
"C:\Users\Ghanam\OneDrive\projects\Greeny-Life\unified-intelligence\api-application-connection-analysis.json","930","7/30/2026 8:10:51 PM"
"C:\Users\Ghanam\OneDrive\projects\Greeny-Life\unified-intelligence\application-command-contract-discovery.json","1382","7/30/2026 8:11:55 PM"
"C:\Users\Ghanam\OneDrive\projects\Greeny-Life\unified-intelligence\application-file-reality-check.json","1163","7/30/2026 8:13:48 PM"
"C:\Users\Ghanam\OneDrive\projects\Greeny-Life\unified-intelligence\architecture.manifest.json","1171","7/26/2026 2:52:10 PM"
"C:\Users\Ghanam\OneDrive\projects\Greeny-Life\unified-intelligence\asset-domain-classification.json","1570","7/30/2026 7:54:39 PM"
"C:\Users\Ghanam\OneDrive\projects\Greeny-Life\unified-intelligence\command-signature-extraction.json","1133","7/30/2026 8:12:47 PM"
"C:\Users\Ghanam\OneDrive\projects\Greeny-Life\unified-intelligence\domain-integration-map-validation.json","786","7/30/2026 8:00:52 PM"
"C:\Users\Ghanam\OneDrive\projects\Greeny-Life\unified-intelligence\eos-api-event-discovery.json","1453","7/30/2026 8:05:39 PM"
"C:\Users\Ghanam\OneDrive\projects\Greeny-Life\unified-intelligence\eos-api-runtime-trace.json","8087","7/30/2026 8:25:16 PM"
"C:\Users\Ghanam\OneDrive\projects\Greeny-Life\unified-intelligence\eos-application-activation-readiness.json","8621","7/30/2026 8:23:53 PM"
"C:\Users\Ghanam\OneDrive\projects\Greeny-Life\unified-intelligence\eos-audit-compliance-model-v1.json","4448","7/30/2026 9:10:32 PM"
"C:\Users\Ghanam\OneDrive\projects\Greeny-Life\unified-intelligence\eos-business-contract-discovery.json","28719","7/30/2026 8:20:21 PM"
"C:\Users\Ghanam\OneDrive\projects\Greeny-Life\unified-intelligence\eos-business-flow-execution-proof.json","1970","7/30/2026 8:47:38 PM"
"C:\Users\Ghanam\OneDrive\projects\Greeny-Life\unified-intelligence\eos-core-consolidation-result.json","1851","7/30/2026 7:41:16 PM"
"C:\Users\Ghanam\OneDrive\projects\Greeny-Life\unified-intelligence\eos-core-validation.json","656","7/30/2026 7:42:51 PM"
"C:\Users\Ghanam\OneDrive\projects\Greeny-Life\unified-intelligence\eos-database-architecture-alignment.json","1478","7/30/2026 7:47:27 PM"
"C:\Users\Ghanam\OneDrive\projects\Greeny-Life\unified-intelligence\eos-database-boundary-validation-v1.json","3280","7/30/2026 8:55:52 PM"
"C:\Users\Ghanam\OneDrive\projects\Greeny-Life\unified-intelligence\eos-deep-business-logic-discovery.json","5077","7/30/2026 8:28:23 PM"
"C:\Users\Ghanam\OneDrive\projects\Greeny-Life\unified-intelligence\eos-deployment-architecture-v1.json","1699","7/30/2026 9:15:59 PM"
"C:\Users\Ghanam\OneDrive\projects\Greeny-Life\unified-intelligence\eos-domain-activation-blueprint-v1.json","3860","7/30/2026 8:50:42 PM"
"C:\Users\Ghanam\OneDrive\projects\Greeny-Life\unified-intelligence\eos-domain-api-ownership.json","1096","7/30/2026 8:06:51 PM"
"C:\Users\Ghanam\OneDrive\projects\Greeny-Life\unified-intelligence\eos-domain-boundary-validation.json","1560","7/30/2026 7:45:58 PM"
"C:\Users\Ghanam\OneDrive\projects\Greeny-Life\unified-intelligence\eos-domain-capability-matrix.json","905","7/30/2026 8:08:05 PM"
"C:\Users\Ghanam\OneDrive\projects\Greeny-Life\unified-intelligence\eos-domain-connection-matrix.json","1596","7/30/2026 8:03:49 PM"
"C:\Users\Ghanam\OneDrive\projects\Greeny-Life\unified-intelligence\eos-domain-contracts-v1.json","5616","7/30/2026 8:42:41 PM"
"C:\Users\Ghanam\OneDrive\projects\Greeny-Life\unified-intelligence\eos-domain-gap-closure-roadmap-v1.json","2897","7/30/2026 8:52:45 PM"
"C:\Users\Ghanam\OneDrive\projects\Greeny-Life\unified-intelligence\eos-domain-maturity-gap-analysis-v1.json","3364","7/30/2026 8:51:45 PM"
"C:\Users\Ghanam\OneDrive\projects\Greeny-Life\unified-intelligence\eos-domain-reality-report.json","1811","7/30/2026 8:19:03 PM"
"C:\Users\Ghanam\OneDrive\projects\Greeny-Life\unified-intelligence\eos-domain-runtime-ownership-map.json","4430","7/30/2026 8:48:57 PM"
"C:\Users\Ghanam\OneDrive\projects\Greeny-Life\unified-intelligence\eos-enterprise-architecture-final.json","2469","7/30/2026 7:49:58 PM"
"C:\Users\Ghanam\OneDrive\projects\Greeny-Life\unified-intelligence\eos-enterprise-operating-model-v1.json","3952","7/30/2026 8:53:52 PM"
"C:\Users\Ghanam\OneDrive\projects\Greeny-Life\unified-intelligence\eos-enterprise-readiness-validation-v1.json","3761","7/30/2026 9:13:04 PM"
"C:\Users\Ghanam\OneDrive\projects\Greeny-Life\unified-intelligence\eos-event-architecture-map-v1.json","6990","7/30/2026 8:58:22 PM"
"C:\Users\Ghanam\OneDrive\projects\Greeny-Life\unified-intelligence\eos-execution-truth-map.json","8691","7/30/2026 8:37:44 PM"
"C:\Users\Ghanam\OneDrive\projects\Greeny-Life\unified-intelligence\eos-final-enterprise-blueprint-package-v1.json","942","7/30/2026 9:17:38 PM"
"C:\Users\Ghanam\OneDrive\projects\Greeny-Life\unified-intelligence\eos-gels-architecture-alignment.json","1895","7/30/2026 7:48:53 PM"
"C:\Users\Ghanam\OneDrive\projects\Greeny-Life\unified-intelligence\eos-gldos-architecture-alignment.json","1865","7/30/2026 7:48:06 PM"
"C:\Users\Ghanam\OneDrive\projects\Greeny-Life\unified-intelligence\eos-implementation-execution-engine-v1.json","1686","7/30/2026 9:20:05 PM"
"C:\Users\Ghanam\OneDrive\projects\Greeny-Life\unified-intelligence\eos-implementation-roadmap-v1.json","1440","7/30/2026 9:15:01 PM"
"C:\Users\Ghanam\OneDrive\projects\Greeny-Life\unified-intelligence\eos-intelligence-kpi-model-v1.json","3967","7/30/2026 9:11:31 PM"
"C:\Users\Ghanam\OneDrive\projects\Greeny-Life\unified-intelligence\eos-intelligent-domain-ownership-graph.json","5358","7/30/2026 8:32:54 PM"
"C:\Users\Ghanam\OneDrive\projects\Greeny-Life\unified-intelligence\eos-master-data-final-alignment.json","1466","7/30/2026 7:46:49 PM"
"C:\Users\Ghanam\OneDrive\projects\Greeny-Life\unified-intelligence\eos-master-data-governance-model-v1.json","4765","7/30/2026 9:03:03 PM"
"C:\Users\Ghanam\OneDrive\projects\Greeny-Life\unified-intelligence\eos-mvp-api-implementation-specification-v1.json","4821","7/30/2026 9:25:41 PM"
"C:\Users\Ghanam\OneDrive\projects\Greeny-Life\unified-intelligence\eos-mvp-build-specification-v1.json","2104","7/30/2026 9:22:38 PM"
"C:\Users\Ghanam\OneDrive\projects\Greeny-Life\unified-intelligence\eos-mvp-database-initialization-plan-v1.json","3585","7/30/2026 9:24:07 PM"
"C:\Users\Ghanam\OneDrive\projects\Greeny-Life\unified-intelligence\eos-mvp-event-bus-implementation-v1.json","3933","7/30/2026 9:27:04 PM"
"C:\Users\Ghanam\OneDrive\projects\Greeny-Life\unified-intelligence\eos-mvp-workflow-engine-implementation-v1.json","434","7/30/2026 9:40:12 PM"
"C:\Users\Ghanam\OneDrive\projects\Greeny-Life\unified-intelligence\eos-prisma-domain-ownership.json","20992","7/30/2026 8:22:01 PM"
"C:\Users\Ghanam\OneDrive\projects\Greeny-Life\unified-intelligence\eos-production-operating-model-v1.json","1518","7/30/2026 9:16:41 PM"
"C:\Users\Ghanam\OneDrive\projects\Greeny-Life\unified-intelligence\eos-rbac-access-control-model-v1.json","2938","7/30/2026 9:04:18 PM"
"C:\Users\Ghanam\OneDrive\projects\Greeny-Life\unified-intelligence\eos-real-business-flow-reconstruction.json","4397","7/30/2026 8:45:34 PM"
"C:\Users\Ghanam\OneDrive\projects\Greeny-Life\unified-intelligence\eos-real-execution-path-map.json","6438","7/30/2026 8:35:12 PM"
"C:\Users\Ghanam\OneDrive\projects\Greeny-Life\unified-intelligence\eos-real-logic-ownership-map.json","3580","7/30/2026 8:31:29 PM"
"C:\Users\Ghanam\OneDrive\projects\Greeny-Life\unified-intelligence\eos-roadmap-readiness.json","2587","7/30/2026 7:50:16 PM"
"C:\Users\Ghanam\OneDrive\projects\Greeny-Life\unified-intelligence\eos-runtime-alignment-map.json","1391","7/30/2026 8:04:39 PM"
"C:\Users\Ghanam\OneDrive\projects\Greeny-Life\unified-intelligence\eos-service-boundary-map-v1.json","4163","7/30/2026 8:54:53 PM"
"C:\Users\Ghanam\OneDrive\projects\Greeny-Life\unified-intelligence\eos-workflow-state-machine-map-v1.json","4396","7/30/2026 9:00:31 PM"
"C:\Users\Ghanam\OneDrive\projects\Greeny-Life\unified-intelligence\existing-api-pattern-extraction.json","1069","7/30/2026 8:09:15 PM"
"C:\Users\Ghanam\OneDrive\projects\Greeny-Life\unified-intelligence\existing-asset-discovery.json","1556","7/30/2026 7:52:58 PM"
"C:\Users\Ghanam\OneDrive\projects\Greeny-Life\unified-intelligence\existing-business-flow-validation.json","1097","7/30/2026 7:59:48 PM"
"C:\Users\Ghanam\OneDrive\projects\Greeny-Life\unified-intelligence\existing-domain-ownership.json","759","7/30/2026 7:58:30 PM"
"C:\Users\Ghanam\OneDrive\projects\Greeny-Life\unified-intelligence\final-cleanup-result.json","274","7/30/2026 7:37:15 PM"
"C:\Users\Ghanam\OneDrive\projects\Greeny-Life\unified-intelligence\final-structure-audit.json","1412","7/30/2026 7:33:40 PM"
"C:\Users\Ghanam\OneDrive\projects\Greeny-Life\unified-intelligence\final-structure-check.json","1220","7/30/2026 7:38:11 PM"
"C:\Users\Ghanam\OneDrive\projects\Greeny-Life\unified-intelligence\folder-classification.json","3205","7/30/2026 7:34:27 PM"
"C:\Users\Ghanam\OneDrive\projects\Greeny-Life\unified-intelligence\foundation-closure-report-final.json","1870","7/30/2026 7:51:00 PM"
"C:\Users\Ghanam\OneDrive\projects\Greeny-Life\unified-intelligence\greenylife-eos-final-map.json","1784","7/30/2026 7:45:23 PM"
"C:\Users\Ghanam\OneDrive\projects\Greeny-Life\unified-intelligence\project-cleanup-result.json","299","7/30/2026 7:31:52 PM"
"C:\Users\Ghanam\OneDrive\projects\Greeny-Life\unified-intelligence\query-layer-reality-check.json","803","7/30/2026 8:14:57 PM"
"C:\Users\Ghanam\OneDrive\projects\Greeny-Life\unified-intelligence\README.md","1365","7/26/2026 2:52:46 PM"
"C:\Users\Ghanam\OneDrive\projects\Greeny-Life\unified-intelligence\review-asset-content-analysis.json","301","7/30/2026 7:55:50 PM"
"C:\Users\Ghanam\OneDrive\projects\Greeny-Life\unified-intelligence\review-folder-analysis.json","1589","7/30/2026 7:35:43 PM"
"C:\Users\Ghanam\OneDrive\projects\Greeny-Life\unified-intelligence\typescript-asset-inventory.json","4199","7/30/2026 7:57:04 PM"
"C:\Users\Ghanam\OneDrive\projects\Greeny-Life\unified-intelligence\workflow-engine-alignment-validation.json","1014","7/30/2026 8:01:53 PM"
"C:\Users\Ghanam\OneDrive\projects\Greeny-Life\unified-intelligence\active-foundation\phase-32-closure-report.json","1426","7/30/2026 7:21:17 PM"
"C:\Users\Ghanam\OneDrive\projects\Greeny-Life\unified-intelligence\adapters\gl-dos-governance-gate.ts","1746","7/26/2026 3:49:08 PM"
"C:\Users\Ghanam\OneDrive\projects\Greeny-Life\unified-intelligence\adapters\intelligence-adapter.ts","2783","7/26/2026 3:48:48 PM"
"C:\Users\Ghanam\OneDrive\projects\Greeny-Life\unified-intelligence\adapters\master-data-adapter.ts","1420","7/26/2026 3:48:42 PM"
"C:\Users\Ghanam\OneDrive\projects\Greeny-Life\unified-intelligence\adapters\traceable-report-adapter.ts","1260","7/26/2026 3:49:19 PM"
"C:\Users\Ghanam\OneDrive\projects\Greeny-Life\unified-intelligence\contracts\authority-registry.json","799","7/26/2026 2:52:14 PM"
"C:\Users\Ghanam\OneDrive\projects\Greeny-Life\unified-intelligence\contracts\execution-contract.json","976","7/26/2026 2:52:19 PM"
"C:\Users\Ghanam\OneDrive\projects\Greeny-Life\unified-intelligence\runtime\controlled-runtime-orchestrator.ts","1767","7/26/2026 3:49:27 PM"
"C:\Users\Ghanam\OneDrive\projects\Greeny-Life\unified-intelligence\scripts\phase-2-capability-discovery.ps1","0","7/26/2026 2:59:30 PM"
"C:\Users\Ghanam\OneDrive\projects\Greeny-Life\__tests__\workflowEngine.test.ts","2287","7/25/2026 12:34:07 AM"
