"FullName","Name","Extension","Length","LastWriteTime","DirectoryName"
"C:\Users\Ghanam\OneDrive\projects\Greeny-Life\brain.py","brain.py",".py","314749","8/5/2026 10:19:10 PM","C:\Users\Ghanam\OneDrive\projects\Greeny-Life"
"C:\Users\Ghanam\OneDrive\projects\Greeny-Life\consolidation_report_final.json","consolidation_report_final.json",".json","30213","8/4/2026 11:08:45 PM","C:\Users\Ghanam\OneDrive\projects\Greeny-Life"
"C:\Users\Ghanam\OneDrive\projects\Greeny-Life\consolidation_report_full.json","consolidation_report_full.json",".json","93594","8/4/2026 11:01:19 PM","C:\Users\Ghanam\OneDrive\projects\Greeny-Life"
"C:\Users\Ghanam\OneDrive\projects\Greeny-Life\final_audit.json","final_audit.json",".json","84151","8/5/2026 10:37:49 PM","C:\Users\Ghanam\OneDrive\projects\Greeny-Life"
"C:\Users\Ghanam\OneDrive\projects\Greeny-Life\final_clean_audit.json","final_clean_audit.json",".json","97068","8/5/2026 3:26:09 PM","C:\Users\Ghanam\OneDrive\projects\Greeny-Life"
"C:\Users\Ghanam\OneDrive\projects\Greeny-Life\final_enterprise_audit.json","final_enterprise_audit.json",".json","97449","8/5/2026 3:26:31 PM","C:\Users\Ghanam\OneDrive\projects\Greeny-Life"
"C:\Users\Ghanam\OneDrive\projects\Greeny-Life\final_eos_freeze.json","final_eos_freeze.json",".json","99544","8/5/2026 3:53:55 PM","C:\Users\Ghanam\OneDrive\projects\Greeny-Life"
"C:\Users\Ghanam\OneDrive\projects\Greeny-Life\final_integration.json","final_integration.json",".json","94946","8/5/2026 2:00:35 PM","C:\Users\Ghanam\OneDrive\projects\Greeny-Life"
"C:\Users\Ghanam\OneDrive\projects\Greeny-Life\final_integration_audit.json","final_integration_audit.json",".json","98433","8/5/2026 2:55:07 PM","C:\Users\Ghanam\OneDrive\projects\Greeny-Life"
"C:\Users\Ghanam\OneDrive\projects\Greeny-Life\final_pass_audit.json","final_pass_audit.json",".json","99104","8/5/2026 4:11:49 PM","C:\Users\Ghanam\OneDrive\projects\Greeny-Life"
"C:\Users\Ghanam\OneDrive\projects\Greeny-Life\packaging_audit_report.json","packaging_audit_report.json",".json","36208","8/5/2026 4:41:48 PM","C:\Users\Ghanam\OneDrive\projects\Greeny-Life"
"C:\Users\Ghanam\OneDrive\projects\Greeny-Life\validation_report.json","validation_report.json",".json","6864","8/4/2026 11:24:18 PM","C:\Users\Ghanam\OneDrive\projects\Greeny-Life"
"C:\Users\Ghanam\OneDrive\projects\Greeny-Life\validation_report_v2.json","validation_report_v2.json",".json","8793","8/5/2026 5:57:30 PM","C:\Users\Ghanam\OneDrive\projects\Greeny-Life"
"C:\Users\Ghanam\OneDrive\projects\Greeny-Life\validation_report_v3.json","validation_report_v3.json",".json","7972","8/5/2026 6:01:10 PM","C:\Users\Ghanam\OneDrive\projects\Greeny-Life"
"C:\Users\Ghanam\OneDrive\projects\Greeny-Life\validation_report_v4.json","validation_report_v4.json",".json","7820","8/5/2026 6:02:25 PM","C:\Users\Ghanam\OneDrive\projects\Greeny-Life"
"C:\Users\Ghanam\OneDrive\projects\Greeny-Life\.github\workflows\govern.yml","govern.yml",".yml","1053","8/4/2026 6:00:18 PM","C:\Users\Ghanam\OneDrive\projects\Greeny-Life\.github\workflows"
"C:\Users\Ghanam\OneDrive\projects\Greeny-Life\.next\dev\server\middleware-manifest.json","middleware-manifest.json",".json","1586","7/26/2026 1:14:21 PM","C:\Users\Ghanam\OneDrive\projects\Greeny-Life\.next\dev\server"
"C:\Users\Ghanam\OneDrive\projects\Greeny-Life\.next\dev\server\chunks\ssr\node_modules_02es85m._.js","node_modules_02es85m._.js",".js","329634","7/16/2026 7:39:28 PM","C:\Users\Ghanam\OneDrive\projects\Greeny-Life\.next\dev\server\chunks\ssr"
"C:\Users\Ghanam\OneDrive\projects\Greeny-Life\.next\dev\server\chunks\ssr\node_modules_02es85m._.js.map","node_modules_02es85m._.js.map",".map","462786","7/16/2026 7:39:28 PM","C:\Users\Ghanam\OneDrive\projects\Greeny-Life\.next\dev\server\chunks\ssr"
"C:\Users\Ghanam\OneDrive\projects\Greeny-Life\.next\dev\server\chunks\ssr\node_modules_1_aarlg._.js","node_modules_1_aarlg._.js",".js","173758","7/16/2026 7:39:28 PM","C:\Users\Ghanam\OneDrive\projects\Greeny-Life\.next\dev\server\chunks\ssr"
"C:\Users\Ghanam\OneDrive\projects\Greeny-Life\.next\dev\server\chunks\ssr\node_modules_1_aarlg._.js.map","node_modules_1_aarlg._.js.map",".map","239713","7/16/2026 7:39:28 PM","C:\Users\Ghanam\OneDrive\projects\Greeny-Life\.next\dev\server\chunks\ssr"
"C:\Users\Ghanam\OneDrive\projects\Greeny-Life\.next\dev\server\chunks\ssr\node_modules_next_dist_1mjyqi-._.js","node_modules_next_dist_1mjyqi-._.js",".js","983443","7/16/2026 7:28:31 PM","C:\Users\Ghanam\OneDrive\projects\Greeny-Life\.next\dev\server\chunks\ssr"
"C:\Users\Ghanam\OneDrive\projects\Greeny-Life\.next\dev\server\chunks\ssr\node_modules_next_dist_esm_12zii0n._.js","node_modules_next_dist_esm_12zii0n._.js",".js","146080","7/16/2026 7:28:31 PM","C:\Users\Ghanam\OneDrive\projects\Greeny-Life\.next\dev\server\chunks\ssr"
"C:\Users\Ghanam\OneDrive\projects\Greeny-Life\.next\dev\server\chunks\ssr\node_modules_next_dist_esm_12zii0n._.js.map","node_modules_next_dist_esm_12zii0n._.js.map",".map","134815","7/16/2026 7:28:31 PM","C:\Users\Ghanam\OneDrive\projects\Greeny-Life\.next\dev\server\chunks\ssr"
"C:\Users\Ghanam\OneDrive\projects\Greeny-Life\.next\dev\server\chunks\ssr\node_modules_next_dist_esm_1_kobm0._.js","node_modules_next_dist_esm_1_kobm0._.js",".js","1004863","7/16/2026 7:28:31 PM","C:\Users\Ghanam\OneDrive\projects\Greeny-Life\.next\dev\server\chunks\ssr"
"C:\Users\Ghanam\OneDrive\projects\Greeny-Life\.next\dev\server\edge\chunks\node_modules_next_dist_0d6nttc._.js","node_modules_next_dist_0d6nttc._.js",".js","962527","7/25/2026 1:46:11 AM","C:\Users\Ghanam\OneDrive\projects\Greeny-Life\.next\dev\server\edge\chunks"
"C:\Users\Ghanam\OneDrive\projects\Greeny-Life\.next\dev\server\middleware\middleware-manifest.json","middleware-manifest.json",".json","1467","7/26/2026 1:14:21 PM","C:\Users\Ghanam\OneDrive\projects\Greeny-Life\.next\dev\server\middleware"
"C:\Users\Ghanam\OneDrive\projects\Greeny-Life\.next\dev\static\chunks\node_modules_next_dist_1atto1n._.js","node_modules_next_dist_1atto1n._.js",".js","92439","7/16/2026 7:39:28 PM","C:\Users\Ghanam\OneDrive\projects\Greeny-Life\.next\dev\static\chunks"
"C:\Users\Ghanam\OneDrive\projects\Greeny-Life\.next\dev\static\chunks\node_modules_next_dist_1atto1n._.js.map","node_modules_next_dist_1atto1n._.js.map",".map","132615","7/16/2026 7:39:28 PM","C:\Users\Ghanam\OneDrive\projects\Greeny-Life\.next\dev\static\chunks"
"C:\Users\Ghanam\OneDrive\projects\Greeny-Life\.next\dev\static\chunks\node_modules_next_dist_1e9_p6y._.js","node_modules_next_dist_1e9_p6y._.js",".js","208717","7/16/2026 7:28:31 PM","C:\Users\Ghanam\OneDrive\projects\Greeny-Life\.next\dev\static\chunks"
"C:\Users\Ghanam\OneDrive\projects\Greeny-Life\.next\dev\static\chunks\node_modules_next_dist_1e9_p6y._.js.map","node_modules_next_dist_1e9_p6y._.js.map",".map","295385","7/16/2026 7:28:31 PM","C:\Users\Ghanam\OneDrive\projects\Greeny-Life\.next\dev\static\chunks"
"C:\Users\Ghanam\OneDrive\projects\Greeny-Life\.next\dev\static\chunks\node_modules_next_dist_1gdrd03._.js","node_modules_next_dist_1gdrd03._.js",".js","86189","7/16/2026 7:39:27 PM","C:\Users\Ghanam\OneDrive\projects\Greeny-Life\.next\dev\static\chunks"
"C:\Users\Ghanam\OneDrive\projects\Greeny-Life\.next\dev\static\chunks\node_modules_next_dist_1gdrd03._.js.map","node_modules_next_dist_1gdrd03._.js.map",".map","114385","7/16/2026 7:39:27 PM","C:\Users\Ghanam\OneDrive\projects\Greeny-Life\.next\dev\static\chunks"
"C:\Users\Ghanam\OneDrive\projects\Greeny-Life\.next\dev\static\chunks\node_modules_next_dist_1ybzpk2._.js","node_modules_next_dist_1ybzpk2._.js",".js","248032","7/16/2026 7:28:31 PM","C:\Users\Ghanam\OneDrive\projects\Greeny-Life\.next\dev\static\chunks"
"C:\Users\Ghanam\OneDrive\projects\Greeny-Life\.next\dev\static\chunks\node_modules_next_dist_1ybzpk2._.js.map","node_modules_next_dist_1ybzpk2._.js.map",".map","351407","7/16/2026 7:28:31 PM","C:\Users\Ghanam\OneDrive\projects\Greeny-Life\.next\dev\static\chunks"
"C:\Users\Ghanam\OneDrive\projects\Greeny-Life\.next\dev\static\chunks\node_modules_next_dist_build_polyfills_polyfill-nomodule.js","node_modules_next_dist_build_polyfills_polyfill-nomodule.js",".js","112594","7/16/2026 7:28:31 PM","C:\Users\Ghanam\OneDrive\projects\Greeny-Life\.next\dev\static\chunks"
"C:\Users\Ghanam\OneDrive\projects\Greeny-Life\.next\dev\static\chunks\node_modules_next_dist_build_polyfills_polyfill-nomodule.js.map","node_modules_next_dist_build_polyfills_polyfill-nomodule.js.map",".map","115717","7/16/2026 7:28:31 PM","C:\Users\Ghanam\OneDrive\projects\Greeny-Life\.next\dev\static\chunks"
"C:\Users\Ghanam\OneDrive\projects\Greeny-Life\.next\dev\static\chunks\node_modules_next_dist_client_0r5nbpw._.js","node_modules_next_dist_client_0r5nbpw._.js",".js","748195","7/16/2026 7:28:31 PM","C:\Users\Ghanam\OneDrive\projects\Greeny-Life\.next\dev\static\chunks"
"C:\Users\Ghanam\OneDrive\projects\Greeny-Life\.next\dev\static\chunks\node_modules_next_dist_client_16lnmlo._.js","node_modules_next_dist_client_16lnmlo._.js",".js","182437","7/16/2026 7:39:27 PM","C:\Users\Ghanam\OneDrive\projects\Greeny-Life\.next\dev\static\chunks"
"C:\Users\Ghanam\OneDrive\projects\Greeny-Life\.next\dev\static\chunks\node_modules_next_dist_client_16lnmlo._.js.map","node_modules_next_dist_client_16lnmlo._.js.map",".map","241033","7/16/2026 7:39:27 PM","C:\Users\Ghanam\OneDrive\projects\Greeny-Life\.next\dev\static\chunks"
"C:\Users\Ghanam\OneDrive\projects\Greeny-Life\.next\dev\static\chunks\node_modules_next_dist_compiled_14ibvna._.js","node_modules_next_dist_compiled_14ibvna._.js",".js","844040","7/16/2026 7:39:27 PM","C:\Users\Ghanam\OneDrive\projects\Greeny-Life\.next\dev\static\chunks"
"C:\Users\Ghanam\OneDrive\projects\Greeny-Life\.next\dev\static\chunks\node_modules_next_dist_compiled_next-devtools_index_090k2jm.js","node_modules_next_dist_compiled_next-devtools_index_090k2jm.js",".js","746599","7/16/2026 7:28:31 PM","C:\Users\Ghanam\OneDrive\projects\Greeny-Life\.next\dev\static\chunks"
"C:\Users\Ghanam\OneDrive\projects\Greeny-Life\.next\dev\static\chunks\node_modules_next_dist_shared_lib_0pizcwv._.js","node_modules_next_dist_shared_lib_0pizcwv._.js",".js","260997","7/25/2026 1:46:12 AM","C:\Users\Ghanam\OneDrive\projects\Greeny-Life\.next\dev\static\chunks"
"C:\Users\Ghanam\OneDrive\projects\Greeny-Life\.next\dev\static\chunks\node_modules_next_dist_shared_lib_0pizcwv._.js.map","node_modules_next_dist_shared_lib_0pizcwv._.js.map",".map","385703","7/25/2026 1:46:12 AM","C:\Users\Ghanam\OneDrive\projects\Greeny-Life\.next\dev\static\chunks"
"C:\Users\Ghanam\OneDrive\projects\Greeny-Life\.next\dev\static\chunks\node_modules_next_dist_shared_lib_12jmhie._.js","node_modules_next_dist_shared_lib_12jmhie._.js",".js","250537","7/25/2026 1:46:12 AM","C:\Users\Ghanam\OneDrive\projects\Greeny-Life\.next\dev\static\chunks"
"C:\Users\Ghanam\OneDrive\projects\Greeny-Life\.next\dev\static\chunks\node_modules_next_dist_shared_lib_12jmhie._.js.map","node_modules_next_dist_shared_lib_12jmhie._.js.map",".map","372534","7/25/2026 1:46:12 AM","C:\Users\Ghanam\OneDrive\projects\Greeny-Life\.next\dev\static\chunks"
"C:\Users\Ghanam\OneDrive\projects\Greeny-Life\.next\dev\static\chunks\node_modules_react-dom_0kla17-._.js","node_modules_react-dom_0kla17-._.js",".js","964856","7/16/2026 7:39:27 PM","C:\Users\Ghanam\OneDrive\projects\Greeny-Life\.next\dev\static\chunks"
"C:\Users\Ghanam\OneDrive\projects\Greeny-Life\.next\dev\static\chunks\pages__app_1ouknez._.js.map","pages__app_1ouknez._.js.map",".map","159225","7/16/2026 7:39:27 PM","C:\Users\Ghanam\OneDrive\projects\Greeny-Life\.next\dev\static\chunks"
"C:\Users\Ghanam\OneDrive\projects\Greeny-Life\.next\dev\static\chunks\pages__error_18oj9bx._.js.map","pages__error_18oj9bx._.js.map",".map","159225","7/16/2026 7:39:28 PM","C:\Users\Ghanam\OneDrive\projects\Greeny-Life\.next\dev\static\chunks"
"C:\Users\Ghanam\OneDrive\projects\Greeny-Life\.next\dev\static\chunks\turbopack-pages__app_1ouknez._.js","turbopack-pages__app_1ouknez._.js",".js","92357","7/16/2026 7:39:27 PM","C:\Users\Ghanam\OneDrive\projects\Greeny-Life\.next\dev\static\chunks"
"C:\Users\Ghanam\OneDrive\projects\Greeny-Life\.next\dev\static\chunks\turbopack-pages__error_18oj9bx._.js","turbopack-pages__error_18oj9bx._.js",".js","92312","7/16/2026 7:39:28 PM","C:\Users\Ghanam\OneDrive\projects\Greeny-Life\.next\dev\static\chunks"
"C:\Users\Ghanam\OneDrive\projects\Greeny-Life\.next\dev\static\chunks\turbopack-_01_ro95._.js","turbopack-_01_ro95._.js",".js","92351","7/16/2026 7:28:31 PM","C:\Users\Ghanam\OneDrive\projects\Greeny-Life\.next\dev\static\chunks"
"C:\Users\Ghanam\OneDrive\projects\Greeny-Life\.next\dev\static\chunks\_01_ro95._.js.map","_01_ro95._.js.map",".map","159225","7/16/2026 7:28:31 PM","C:\Users\Ghanam\OneDrive\projects\Greeny-Life\.next\dev\static\chunks"
"C:\Users\Ghanam\OneDrive\projects\Greeny-Life\.next\dev\static\development\_clientMiddlewareManifest.js","_clientMiddlewareManifest.js",".js","572","7/26/2026 1:14:21 PM","C:\Users\Ghanam\OneDrive\projects\Greeny-Life\.next\dev\static\development"
"C:\Users\Ghanam\OneDrive\projects\Greeny-Life\.next\dev\types\routes.d.ts","routes.d.ts",".ts","2058","7/26/2026 1:14:25 PM","C:\Users\Ghanam\OneDrive\projects\Greeny-Life\.next\dev\types"
"C:\Users\Ghanam\OneDrive\projects\Greeny-Life\.next\dev\types\validator.ts","validator.ts",".ts","4368","7/26/2026 1:14:25 PM","C:\Users\Ghanam\OneDrive\projects\Greeny-Life\.next\dev\types"
"C:\Users\Ghanam\OneDrive\projects\Greeny-Life\.next\server\chunks\ssr\node_modules_next_dist_1vgd_ru._.js.map","node_modules_next_dist_1vgd_ru._.js.map",".map","820933","7/21/2026 10:43:21 PM","C:\Users\Ghanam\OneDrive\projects\Greeny-Life\.next\server\chunks\ssr"
"C:\Users\Ghanam\OneDrive\projects\Greeny-Life\.next\server\chunks\ssr\node_modules_next_dist_esm_build_templates_app-page_12cvwrh.js","node_modules_next_dist_esm_build_templates_app-page_12cvwrh.js",".js","23070","7/21/2026 10:43:20 PM","C:\Users\Ghanam\OneDrive\projects\Greeny-Life\.next\server\chunks\ssr"
"C:\Users\Ghanam\OneDrive\projects\Greeny-Life\.next\server\chunks\ssr\node_modules_next_dist_esm_build_templates_app-page_12cvwrh.js.map","node_modules_next_dist_esm_build_templates_app-page_12cvwrh.js.map",".map","118697","7/21/2026 10:43:20 PM","C:\Users\Ghanam\OneDrive\projects\Greeny-Life\.next\server\chunks\ssr"
"C:\Users\Ghanam\OneDrive\projects\Greeny-Life\.next\server\chunks\ssr\node_modules_next_dist_esm_build_templates_app-page_19--w_z.js","node_modules_next_dist_esm_build_templates_app-page_19--w_z.js",".js","22673","7/21/2026 10:43:20 PM","C:\Users\Ghanam\OneDrive\projects\Greeny-Life\.next\server\chunks\ssr"
"C:\Users\Ghanam\OneDrive\projects\Greeny-Life\.next\server\chunks\ssr\node_modules_next_dist_esm_build_templates_app-page_19--w_z.js.map","node_modules_next_dist_esm_build_templates_app-page_19--w_z.js.map",".map","117419","7/21/2026 10:43:20 PM","C:\Users\Ghanam\OneDrive\projects\Greeny-Life\.next\server\chunks\ssr"
"C:\Users\Ghanam\OneDrive\projects\Greeny-Life\.next\server\chunks\ssr\node_modules_next_dist_esm_build_templates_app-page_1nazowj.js","node_modules_next_dist_esm_build_templates_app-page_1nazowj.js",".js","22943","7/21/2026 10:43:20 PM","C:\Users\Ghanam\OneDrive\projects\Greeny-Life\.next\server\chunks\ssr"
"C:\Users\Ghanam\OneDrive\projects\Greeny-Life\.next\server\chunks\ssr\node_modules_next_dist_esm_build_templates_app-page_1nazowj.js.map","node_modules_next_dist_esm_build_templates_app-page_1nazowj.js.map",".map","118473","7/21/2026 10:43:21 PM","C:\Users\Ghanam\OneDrive\projects\Greeny-Life\.next\server\chunks\ssr"
"C:\Users\Ghanam\OneDrive\projects\Greeny-Life\.next\static\chunks\0atut6a2uuyid.js","0atut6a2uuyid.js",".js","200921","7/21/2026 10:43:20 PM","C:\Users\Ghanam\OneDrive\projects\Greeny-Life\.next\static\chunks"
"C:\Users\Ghanam\OneDrive\projects\Greeny-Life\.next\static\chunks\0cz1d0mv5g_q7.js","0cz1d0mv5g_q7.js",".js","112594","7/21/2026 10:43:20 PM","C:\Users\Ghanam\OneDrive\projects\Greeny-Life\.next\static\chunks"
"C:\Users\Ghanam\OneDrive\projects\Greeny-Life\.next\static\chunks\3rxl-jt3pdxgx.js","3rxl-jt3pdxgx.js",".js","227538","7/21/2026 10:43:20 PM","C:\Users\Ghanam\OneDrive\projects\Greeny-Life\.next\static\chunks"
"C:\Users\Ghanam\OneDrive\projects\Greeny-Life\.venv\Lib\site-packages\framework.py","framework.py",".py","47151","7/24/2026 9:09:31 PM","C:\Users\Ghanam\OneDrive\projects\Greeny-Life\.venv\Lib\site-packages"
"C:\Users\Ghanam\OneDrive\projects\Greeny-Life\.venv\Lib\site-packages\prepare.py","prepare.py",".py","13608","7/24/2026 9:09:31 PM","C:\Users\Ghanam\OneDrive\projects\Greeny-Life\.venv\Lib\site-packages"
"C:\Users\Ghanam\OneDrive\projects\Greeny-Life\.venv\Lib\site-packages\six.py","six.py",".py","34703","7/25/2026 1:30:56 PM","C:\Users\Ghanam\OneDrive\projects\Greeny-Life\.venv\Lib\site-packages"
"C:\Users\Ghanam\OneDrive\projects\Greeny-Life\.venv\Lib\site-packages\annotated_doc-0.0.4.dist-info\METADATA","METADATA","","6566","7/24/2026 9:09:50 PM","C:\Users\Ghanam\OneDrive\projects\Greeny-Life\.venv\Lib\site-packages\annotated_doc-0.0.4.dist-info"
"C:\Users\Ghanam\OneDrive\projects\Greeny-Life\.venv\Lib\site-packages\annotated_types-0.8.0.dist-info\METADATA","METADATA","","15009","7/24/2026 9:09:49 PM","C:\Users\Ghanam\OneDrive\projects\Greeny-Life\.venv\Lib\site-packages\annotated_types-0.8.0.dist-info"
"C:\Users\Ghanam\OneDrive\projects\Greeny-Life\.venv\Lib\site-packages\anyio-4.14.2.dist-info\METADATA","METADATA","","4645","7/24/2026 9:09:49 PM","C:\Users\Ghanam\OneDrive\projects\Greeny-Life\.venv\Lib\site-packages\anyio-4.14.2.dist-info"
"C:\Users\Ghanam\OneDrive\projects\Greeny-Life\.venv\Lib\site-packages\anyio-4.14.2.dist-info\scm_file_list.json","scm_file_list.json",".json","3654","7/24/2026 9:09:49 PM","C:\Users\Ghanam\OneDrive\projects\Greeny-Life\.venv\Lib\site-packages\anyio-4.14.2.dist-info"
"C:\Users\Ghanam\OneDrive\projects\Greeny-Life\.venv\Lib\site-packages\archguard\cli\guide.py","guide.py",".py","49059","7/24/2026 9:09:58 PM","C:\Users\Ghanam\OneDrive\projects\Greeny-Life\.venv\Lib\site-packages\archguard\cli"
"C:\Users\Ghanam\OneDrive\projects\Greeny-Life\.venv\Lib\site-packages\archguard\cli\read.py","read.py",".py","16592","7/24/2026 9:09:58 PM","C:\Users\Ghanam\OneDrive\projects\Greeny-Life\.venv\Lib\site-packages\archguard\cli"
"C:\Users\Ghanam\OneDrive\projects\Greeny-Life\.venv\Lib\site-packages\archguard\cli\write.py","write.py",".py","28018","7/24/2026 9:09:58 PM","C:\Users\Ghanam\OneDrive\projects\Greeny-Life\.venv\Lib\site-packages\archguard\cli"
"C:\Users\Ghanam\OneDrive\projects\Greeny-Life\.venv\Lib\site-packages\archguard\cli\__init__.py","__init__.py",".py","12368","7/24/2026 9:09:58 PM","C:\Users\Ghanam\OneDrive\projects\Greeny-Life\.venv\Lib\site-packages\archguard\cli"
"C:\Users\Ghanam\OneDrive\projects\Greeny-Life\.venv\Lib\site-packages\archguard\core\models.py","models.py",".py","9038","7/24/2026 9:09:58 PM","C:\Users\Ghanam\OneDrive\projects\Greeny-Life\.venv\Lib\site-packages\archguard\core"
"C:\Users\Ghanam\OneDrive\projects\Greeny-Life\.venv\Lib\site-packages\archguard\models\potion-base-8M\tokenizer.json","tokenizer.json",".json","446303","7/24/2026 9:09:59 PM","C:\Users\Ghanam\OneDrive\projects\Greeny-Life\.venv\Lib\site-packages\archguard\models\potion-base-8M"
"C:\Users\Ghanam\OneDrive\projects\Greeny-Life\.venv\Lib\site-packages\archguard\output\json.py","json.py",".py","3959","7/24/2026 9:09:59 PM","C:\Users\Ghanam\OneDrive\projects\Greeny-Life\.venv\Lib\site-packages\archguard\output"
"C:\Users\Ghanam\OneDrive\projects\Greeny-Life\.venv\Lib\site-packages\archguard-1.6.3.dist-info\METADATA","METADATA","","12740","7/24/2026 9:09:59 PM","C:\Users\Ghanam\OneDrive\projects\Greeny-Life\.venv\Lib\site-packages\archguard-1.6.3.dist-info"
"C:\Users\Ghanam\OneDrive\projects\Greeny-Life\.venv\Lib\site-packages\bandit\blacklists\calls.py","calls.py",".py","29363","7/24/2026 7:46:02 PM","C:\Users\Ghanam\OneDrive\projects\Greeny-Life\.venv\Lib\site-packages\bandit\blacklists"
"C:\Users\Ghanam\OneDrive\projects\Greeny-Life\.venv\Lib\site-packages\bandit\blacklists\imports.py","imports.py",".py","17269","7/24/2026 7:46:02 PM","C:\Users\Ghanam\OneDrive\projects\Greeny-Life\.venv\Lib\site-packages\bandit\blacklists"
"C:\Users\Ghanam\OneDrive\projects\Greeny-Life\.venv\Lib\site-packages\bandit\cli\main.py","main.py",".py","20876","7/24/2026 7:46:02 PM","C:\Users\Ghanam\OneDrive\projects\Greeny-Life\.venv\Lib\site-packages\bandit\cli"
"C:\Users\Ghanam\OneDrive\projects\Greeny-Life\.venv\Lib\site-packages\bandit\plugins\injection_shell.py","injection_shell.py",".py","26851","7/24/2026 7:46:02 PM","C:\Users\Ghanam\OneDrive\projects\Greeny-Life\.venv\Lib\site-packages\bandit\plugins"
"C:\Users\Ghanam\OneDrive\projects\Greeny-Life\.venv\Lib\site-packages\bandit\plugins\jinja2_templates.py","jinja2_templates.py",".py","5806","7/24/2026 7:46:02 PM","C:\Users\Ghanam\OneDrive\projects\Greeny-Life\.venv\Lib\site-packages\bandit\plugins"
"C:\Users\Ghanam\OneDrive\projects\Greeny-Life\.venv\Lib\site-packages\bandit-1.9.4.dist-info\METADATA","METADATA","","7101","7/24/2026 7:46:02 PM","C:\Users\Ghanam\OneDrive\projects\Greeny-Life\.venv\Lib\site-packages\bandit-1.9.4.dist-info"
"C:\Users\Ghanam\OneDrive\projects\Greeny-Life\.venv\Lib\site-packages\charset_normalizer\api.py","api.py",".py","43390","7/24/2026 7:46:02 PM","C:\Users\Ghanam\OneDrive\projects\Greeny-Life\.venv\Lib\site-packages\charset_normalizer"
"C:\Users\Ghanam\OneDrive\projects\Greeny-Life\.venv\Lib\site-packages\charset_normalizer-3.4.9.dist-info\METADATA","METADATA","","42505","7/24/2026 7:46:02 PM","C:\Users\Ghanam\OneDrive\projects\Greeny-Life\.venv\Lib\site-packages\charset_normalizer-3.4.9.dist-info"
"C:\Users\Ghanam\OneDrive\projects\Greeny-Life\.venv\Lib\site-packages\click\core.py","core.py",".py","140616","7/24/2026 9:09:48 PM","C:\Users\Ghanam\OneDrive\projects\Greeny-Life\.venv\Lib\site-packages\click"
"C:\Users\Ghanam\OneDrive\projects\Greeny-Life\.venv\Lib\site-packages\click\termui.py","termui.py",".py","33213","7/24/2026 9:09:48 PM","C:\Users\Ghanam\OneDrive\projects\Greeny-Life\.venv\Lib\site-packages\click"
"C:\Users\Ghanam\OneDrive\projects\Greeny-Life\.venv\Lib\site-packages\colorama\ansi.py","ansi.py",".py","2522","7/24/2026 7:46:02 PM","C:\Users\Ghanam\OneDrive\projects\Greeny-Life\.venv\Lib\site-packages\colorama"
"C:\Users\Ghanam\OneDrive\projects\Greeny-Life\.venv\Lib\site-packages\colorama\ansitowin32.py","ansitowin32.py",".py","11128","7/24/2026 7:46:02 PM","C:\Users\Ghanam\OneDrive\projects\Greeny-Life\.venv\Lib\site-packages\colorama"
"C:\Users\Ghanam\OneDrive\projects\Greeny-Life\.venv\Lib\site-packages\colorama\winterm.py","winterm.py",".py","7134","7/24/2026 7:46:02 PM","C:\Users\Ghanam\OneDrive\projects\Greeny-Life\.venv\Lib\site-packages\colorama"
"C:\Users\Ghanam\OneDrive\projects\Greeny-Life\.venv\Lib\site-packages\colorama\tests\ansi_test.py","ansi_test.py",".py","2839","7/24/2026 7:46:02 PM","C:\Users\Ghanam\OneDrive\projects\Greeny-Life\.venv\Lib\site-packages\colorama\tests"
"C:\Users\Ghanam\OneDrive\projects\Greeny-Life\.venv\Lib\site-packages\colorama\tests\winterm_test.py","winterm_test.py",".py","3709","7/24/2026 7:46:02 PM","C:\Users\Ghanam\OneDrive\projects\Greeny-Life\.venv\Lib\site-packages\colorama\tests"
"C:\Users\Ghanam\OneDrive\projects\Greeny-Life\.venv\Lib\site-packages\colorama-0.4.6.dist-info\METADATA","METADATA","","17158","7/24/2026 7:46:02 PM","C:\Users\Ghanam\OneDrive\projects\Greeny-Life\.venv\Lib\site-packages\colorama-0.4.6.dist-info"
"C:\Users\Ghanam\OneDrive\projects\Greeny-Life\.venv\Lib\site-packages\filelock-3.32.0.dist-info\METADATA","METADATA","","2028","7/24/2026 9:09:47 PM","C:\Users\Ghanam\OneDrive\projects\Greeny-Life\.venv\Lib\site-packages\filelock-3.32.0.dist-info"
"C:\Users\Ghanam\OneDrive\projects\Greeny-Life\.venv\Lib\site-packages\fsspec\parquet.py","parquet.py",".py","20506","7/24/2026 9:09:46 PM","C:\Users\Ghanam\OneDrive\projects\Greeny-Life\.venv\Lib\site-packages\fsspec"
"C:\Users\Ghanam\OneDrive\projects\Greeny-Life\.venv\Lib\site-packages\fsspec\registry.py","registry.py",".py","12344","7/24/2026 9:09:46 PM","C:\Users\Ghanam\OneDrive\projects\Greeny-Life\.venv\Lib\site-packages\fsspec"
"C:\Users\Ghanam\OneDrive\projects\Greeny-Life\.venv\Lib\site-packages\fsspec\implementations\reference.py","reference.py",".py","49974","7/24/2026 9:09:46 PM","C:\Users\Ghanam\OneDrive\projects\Greeny-Life\.venv\Lib\site-packages\fsspec\implementations"
"C:\Users\Ghanam\OneDrive\projects\Greeny-Life\.venv\Lib\site-packages\fsspec-2026.6.0.dist-info\METADATA","METADATA","","10530","7/24/2026 9:09:46 PM","C:\Users\Ghanam\OneDrive\projects\Greeny-Life\.venv\Lib\site-packages\fsspec-2026.6.0.dist-info"
"C:\Users\Ghanam\OneDrive\projects\Greeny-Life\.venv\Lib\site-packages\govern\init_cmd.py","init_cmd.py",".py","4316","7/24/2026 9:09:46 PM","C:\Users\Ghanam\OneDrive\projects\Greeny-Life\.venv\Lib\site-packages\govern"
"C:\Users\Ghanam\OneDrive\projects\Greeny-Life\.venv\Lib\site-packages\govern\__init__.py","__init__.py",".py","477","7/24/2026 9:09:46 PM","C:\Users\Ghanam\OneDrive\projects\Greeny-Life\.venv\Lib\site-packages\govern"
"C:\Users\Ghanam\OneDrive\projects\Greeny-Life\.venv\Lib\site-packages\govern_kit-0.1.0.dist-info\METADATA","METADATA","","4822","7/24/2026 9:09:46 PM","C:\Users\Ghanam\OneDrive\projects\Greeny-Life\.venv\Lib\site-packages\govern_kit-0.1.0.dist-info"
"C:\Users\Ghanam\OneDrive\projects\Greeny-Life\.venv\Lib\site-packages\h11\_writers.py","_writers.py",".py","5081","7/24/2026 9:09:46 PM","C:\Users\Ghanam\OneDrive\projects\Greeny-Life\.venv\Lib\site-packages\h11"
"C:\Users\Ghanam\OneDrive\projects\Greeny-Life\.venv\Lib\site-packages\hf_xet-1.5.2.dist-info\METADATA","METADATA","","4935","7/24/2026 9:09:46 PM","C:\Users\Ghanam\OneDrive\projects\Greeny-Life\.venv\Lib\site-packages\hf_xet-1.5.2.dist-info"
"C:\Users\Ghanam\OneDrive\projects\Greeny-Life\.venv\Lib\site-packages\hf_xet-1.5.2.dist-info\sboms\hf_xet.cyclonedx.json","hf_xet.cyclonedx.json",".json","290303","7/24/2026 9:09:46 PM","C:\Users\Ghanam\OneDrive\projects\Greeny-Life\.venv\Lib\site-packages\hf_xet-1.5.2.dist-info\sboms"
"C:\Users\Ghanam\OneDrive\projects\Greeny-Life\.venv\Lib\site-packages\httpcore-1.0.9.dist-info\METADATA","METADATA","","21529","7/24/2026 9:09:51 PM","C:\Users\Ghanam\OneDrive\projects\Greeny-Life\.venv\Lib\site-packages\httpcore-1.0.9.dist-info"
"C:\Users\Ghanam\OneDrive\projects\Greeny-Life\.venv\Lib\site-packages\httpx\_client.py","_client.py",".py","65714","7/24/2026 9:09:54 PM","C:\Users\Ghanam\OneDrive\projects\Greeny-Life\.venv\Lib\site-packages\httpx"
"C:\Users\Ghanam\OneDrive\projects\Greeny-Life\.venv\Lib\site-packages\httpx-0.28.1.dist-info\METADATA","METADATA","","7052","7/24/2026 9:09:54 PM","C:\Users\Ghanam\OneDrive\projects\Greeny-Life\.venv\Lib\site-packages\httpx-0.28.1.dist-info"
"C:\Users\Ghanam\OneDrive\projects\Greeny-Life\.venv\Lib\site-packages\huggingface_hub\constants.py","constants.py",".py","13182","7/24/2026 9:09:54 PM","C:\Users\Ghanam\OneDrive\projects\Greeny-Life\.venv\Lib\site-packages\huggingface_hub"
"C:\Users\Ghanam\OneDrive\projects\Greeny-Life\.venv\Lib\site-packages\huggingface_hub\file_download.py","file_download.py",".py","87253","7/24/2026 9:09:54 PM","C:\Users\Ghanam\OneDrive\projects\Greeny-Life\.venv\Lib\site-packages\huggingface_hub"
"C:\Users\Ghanam\OneDrive\projects\Greeny-Life\.venv\Lib\site-packages\huggingface_hub\hf_api.py","hf_api.py",".py","659053","7/24/2026 9:09:54 PM","C:\Users\Ghanam\OneDrive\projects\Greeny-Life\.venv\Lib\site-packages\huggingface_hub"
"C:\Users\Ghanam\OneDrive\projects\Greeny-Life\.venv\Lib\site-packages\huggingface_hub\lfs.py","lfs.py",".py","16588","7/24/2026 9:09:54 PM","C:\Users\Ghanam\OneDrive\projects\Greeny-Life\.venv\Lib\site-packages\huggingface_hub"
"C:\Users\Ghanam\OneDrive\projects\Greeny-Life\.venv\Lib\site-packages\huggingface_hub\_buckets.py","_buckets.py",".py","45311","7/24/2026 9:09:54 PM","C:\Users\Ghanam\OneDrive\projects\Greeny-Life\.venv\Lib\site-packages\huggingface_hub"
"C:\Users\Ghanam\OneDrive\projects\Greeny-Life\.venv\Lib\site-packages\huggingface_hub\_commit_api.py","_commit_api.py",".py","45389","7/24/2026 9:09:54 PM","C:\Users\Ghanam\OneDrive\projects\Greeny-Life\.venv\Lib\site-packages\huggingface_hub"
"C:\Users\Ghanam\OneDrive\projects\Greeny-Life\.venv\Lib\site-packages\huggingface_hub\_commit_scheduler.py","_commit_scheduler.py",".py","14684","7/24/2026 9:09:54 PM","C:\Users\Ghanam\OneDrive\projects\Greeny-Life\.venv\Lib\site-packages\huggingface_hub"
"C:\Users\Ghanam\OneDrive\projects\Greeny-Life\.venv\Lib\site-packages\huggingface_hub\_oidc.py","_oidc.py",".py","7098","7/24/2026 9:09:54 PM","C:\Users\Ghanam\OneDrive\projects\Greeny-Life\.venv\Lib\site-packages\huggingface_hub"
"C:\Users\Ghanam\OneDrive\projects\Greeny-Life\.venv\Lib\site-packages\huggingface_hub\_snapshot_download.py","_snapshot_download.py",".py","30431","7/24/2026 9:09:54 PM","C:\Users\Ghanam\OneDrive\projects\Greeny-Life\.venv\Lib\site-packages\huggingface_hub"
"C:\Users\Ghanam\OneDrive\projects\Greeny-Life\.venv\Lib\site-packages\huggingface_hub\_upload_pipeline.py","_upload_pipeline.py",".py","28946","7/24/2026 9:09:54 PM","C:\Users\Ghanam\OneDrive\projects\Greeny-Life\.venv\Lib\site-packages\huggingface_hub"
"C:\Users\Ghanam\OneDrive\projects\Greeny-Life\.venv\Lib\site-packages\huggingface_hub\__init__.py","__init__.py",".py","60255","7/24/2026 9:09:54 PM","C:\Users\Ghanam\OneDrive\projects\Greeny-Life\.venv\Lib\site-packages\huggingface_hub"
"C:\Users\Ghanam\OneDrive\projects\Greeny-Life\.venv\Lib\site-packages\huggingface_hub\cli\auth.py","auth.py",".py","6056","7/24/2026 9:09:54 PM","C:\Users\Ghanam\OneDrive\projects\Greeny-Life\.venv\Lib\site-packages\huggingface_hub\cli"
"C:\Users\Ghanam\OneDrive\projects\Greeny-Life\.venv\Lib\site-packages\huggingface_hub\cli\extensions.py","extensions.py",".py","25572","7/24/2026 9:09:54 PM","C:\Users\Ghanam\OneDrive\projects\Greeny-Life\.venv\Lib\site-packages\huggingface_hub\cli"
"C:\Users\Ghanam\OneDrive\projects\Greeny-Life\.venv\Lib\site-packages\huggingface_hub\cli\lfs.py","lfs.py",".py","5936","7/24/2026 9:09:54 PM","C:\Users\Ghanam\OneDrive\projects\Greeny-Life\.venv\Lib\site-packages\huggingface_hub\cli"
"C:\Users\Ghanam\OneDrive\projects\Greeny-Life\.venv\Lib\site-packages\huggingface_hub\cli\skills.py","skills.py",".py","19473","7/24/2026 9:09:54 PM","C:\Users\Ghanam\OneDrive\projects\Greeny-Life\.venv\Lib\site-packages\huggingface_hub\cli"
"C:\Users\Ghanam\OneDrive\projects\Greeny-Life\.venv\Lib\site-packages\huggingface_hub\cli\spaces.py","spaces.py",".py","40800","7/24/2026 9:09:54 PM","C:\Users\Ghanam\OneDrive\projects\Greeny-Life\.venv\Lib\site-packages\huggingface_hub\cli"
"C:\Users\Ghanam\OneDrive\projects\Greeny-Life\.venv\Lib\site-packages\huggingface_hub\cli\system.py","system.py",".py","1760","7/24/2026 9:09:54 PM","C:\Users\Ghanam\OneDrive\projects\Greeny-Life\.venv\Lib\site-packages\huggingface_hub\cli"
"C:\Users\Ghanam\OneDrive\projects\Greeny-Life\.venv\Lib\site-packages\huggingface_hub\cli\_cli_utils.py","_cli_utils.py",".py","41313","7/24/2026 9:09:54 PM","C:\Users\Ghanam\OneDrive\projects\Greeny-Life\.venv\Lib\site-packages\huggingface_hub\cli"
"C:\Users\Ghanam\OneDrive\projects\Greeny-Life\.venv\Lib\site-packages\huggingface_hub\cli\_output.py","_output.py",".py","13908","7/24/2026 9:09:54 PM","C:\Users\Ghanam\OneDrive\projects\Greeny-Life\.venv\Lib\site-packages\huggingface_hub\cli"
"C:\Users\Ghanam\OneDrive\projects\Greeny-Life\.venv\Lib\site-packages\huggingface_hub\inference\_client.py","_client.py",".py","157679","7/24/2026 9:09:54 PM","C:\Users\Ghanam\OneDrive\projects\Greeny-Life\.venv\Lib\site-packages\huggingface_hub\inference"
"C:\Users\Ghanam\OneDrive\projects\Greeny-Life\.venv\Lib\site-packages\huggingface_hub\inference\_generated\_async_client.py","_async_client.py",".py","160890","7/24/2026 9:09:54 PM","C:\Users\Ghanam\OneDrive\projects\Greeny-Life\.venv\Lib\site-packages\huggingface_hub\inference\_generated"
"C:\Users\Ghanam\OneDrive\projects\Greeny-Life\.venv\Lib\site-packages\huggingface_hub\inference\_mcp\agent.py","agent.py",".py","4250","7/24/2026 9:09:54 PM","C:\Users\Ghanam\OneDrive\projects\Greeny-Life\.venv\Lib\site-packages\huggingface_hub\inference\_mcp"
"C:\Users\Ghanam\OneDrive\projects\Greeny-Life\.venv\Lib\site-packages\huggingface_hub\inference\_mcp\cli.py","cli.py",".py","9642","7/24/2026 9:09:54 PM","C:\Users\Ghanam\OneDrive\projects\Greeny-Life\.venv\Lib\site-packages\huggingface_hub\inference\_mcp"
"C:\Users\Ghanam\OneDrive\projects\Greeny-Life\.venv\Lib\site-packages\huggingface_hub\inference\_mcp\constants.py","constants.py",".py","2463","7/24/2026 9:09:54 PM","C:\Users\Ghanam\OneDrive\projects\Greeny-Life\.venv\Lib\site-packages\huggingface_hub\inference\_mcp"
"C:\Users\Ghanam\OneDrive\projects\Greeny-Life\.venv\Lib\site-packages\huggingface_hub\inference\_mcp\types.py","types.py",".py","929","7/24/2026 9:09:54 PM","C:\Users\Ghanam\OneDrive\projects\Greeny-Life\.venv\Lib\site-packages\huggingface_hub\inference\_mcp"
"C:\Users\Ghanam\OneDrive\projects\Greeny-Life\.venv\Lib\site-packages\huggingface_hub\inference\_mcp\utils.py","utils.py",".py","4318","7/24/2026 9:09:54 PM","C:\Users\Ghanam\OneDrive\projects\Greeny-Life\.venv\Lib\site-packages\huggingface_hub\inference\_mcp"
"C:\Users\Ghanam\OneDrive\projects\Greeny-Life\.venv\Lib\site-packages\huggingface_hub\inference\_mcp\_cli_hacks.py","_cli_hacks.py",".py","3284","7/24/2026 9:09:54 PM","C:\Users\Ghanam\OneDrive\projects\Greeny-Life\.venv\Lib\site-packages\huggingface_hub\inference\_mcp"
"C:\Users\Ghanam\OneDrive\projects\Greeny-Life\.venv\Lib\site-packages\huggingface_hub\serialization\_dduf.py","_dduf.py",".py","15385","7/24/2026 9:09:54 PM","C:\Users\Ghanam\OneDrive\projects\Greeny-Life\.venv\Lib\site-packages\huggingface_hub\serialization"
"C:\Users\Ghanam\OneDrive\projects\Greeny-Life\.venv\Lib\site-packages\huggingface_hub\utils\_detect_agent.py","_detect_agent.py",".py","7337","7/24/2026 9:09:54 PM","C:\Users\Ghanam\OneDrive\projects\Greeny-Life\.venv\Lib\site-packages\huggingface_hub\utils"
"C:\Users\Ghanam\OneDrive\projects\Greeny-Life\.venv\Lib\site-packages\huggingface_hub\utils\_headers.py","_headers.py",".py","8234","7/24/2026 9:09:54 PM","C:\Users\Ghanam\OneDrive\projects\Greeny-Life\.venv\Lib\site-packages\huggingface_hub\utils"
"C:\Users\Ghanam\OneDrive\projects\Greeny-Life\.venv\Lib\site-packages\huggingface_hub\utils\_runtime.py","_runtime.py",".py","13493","7/24/2026 9:09:54 PM","C:\Users\Ghanam\OneDrive\projects\Greeny-Life\.venv\Lib\site-packages\huggingface_hub\utils"
"C:\Users\Ghanam\OneDrive\projects\Greeny-Life\.venv\Lib\site-packages\huggingface_hub\utils\_telemetry.py","_telemetry.py",".py","4824","7/24/2026 9:09:54 PM","C:\Users\Ghanam\OneDrive\projects\Greeny-Life\.venv\Lib\site-packages\huggingface_hub\utils"
"C:\Users\Ghanam\OneDrive\projects\Greeny-Life\.venv\Lib\site-packages\huggingface_hub\utils\_terminal.py","_terminal.py",".py","8969","7/24/2026 9:09:54 PM","C:\Users\Ghanam\OneDrive\projects\Greeny-Life\.venv\Lib\site-packages\huggingface_hub\utils"
"C:\Users\Ghanam\OneDrive\projects\Greeny-Life\.venv\Lib\site-packages\huggingface_hub\utils\__init__.py","__init__.py",".py","4026","7/24/2026 9:09:54 PM","C:\Users\Ghanam\OneDrive\projects\Greeny-Life\.venv\Lib\site-packages\huggingface_hub\utils"
"C:\Users\Ghanam\OneDrive\projects\Greeny-Life\.venv\Lib\site-packages\huggingface_hub-1.24.0.dist-info\entry_points.txt","entry_points.txt",".txt","212","7/24/2026 9:09:54 PM","C:\Users\Ghanam\OneDrive\projects\Greeny-Life\.venv\Lib\site-packages\huggingface_hub-1.24.0.dist-info"
"C:\Users\Ghanam\OneDrive\projects\Greeny-Life\.venv\Lib\site-packages\huggingface_hub-1.24.0.dist-info\METADATA","METADATA","","16311","7/24/2026 9:09:54 PM","C:\Users\Ghanam\OneDrive\projects\Greeny-Life\.venv\Lib\site-packages\huggingface_hub-1.24.0.dist-info"
"C:\Users\Ghanam\OneDrive\projects\Greeny-Life\.venv\Lib\site-packages\huggingface_hub-1.24.0.dist-info\RECORD","RECORD","","31892","7/24/2026 9:09:58 PM","C:\Users\Ghanam\OneDrive\projects\Greeny-Life\.venv\Lib\site-packages\huggingface_hub-1.24.0.dist-info"
"C:\Users\Ghanam\OneDrive\projects\Greeny-Life\.venv\Lib\site-packages\jinja2\bccache.py","bccache.py",".py","14061","7/24/2026 9:09:50 PM","C:\Users\Ghanam\OneDrive\projects\Greeny-Life\.venv\Lib\site-packages\jinja2"
"C:\Users\Ghanam\OneDrive\projects\Greeny-Life\.venv\Lib\site-packages\jinja2\exceptions.py","exceptions.py",".py","5071","7/24/2026 9:09:50 PM","C:\Users\Ghanam\OneDrive\projects\Greeny-Life\.venv\Lib\site-packages\jinja2"
"C:\Users\Ghanam\OneDrive\projects\Greeny-Life\.venv\Lib\site-packages\jinja2\ext.py","ext.py",".py","31875","7/24/2026 9:09:50 PM","C:\Users\Ghanam\OneDrive\projects\Greeny-Life\.venv\Lib\site-packages\jinja2"
"C:\Users\Ghanam\OneDrive\projects\Greeny-Life\.venv\Lib\site-packages\jinja2\filters.py","filters.py",".py","55212","7/24/2026 9:09:50 PM","C:\Users\Ghanam\OneDrive\projects\Greeny-Life\.venv\Lib\site-packages\jinja2"
"C:\Users\Ghanam\OneDrive\projects\Greeny-Life\.venv\Lib\site-packages\jinja2\__init__.py","__init__.py",".py","1928","7/24/2026 9:09:50 PM","C:\Users\Ghanam\OneDrive\projects\Greeny-Life\.venv\Lib\site-packages\jinja2"
"C:\Users\Ghanam\OneDrive\projects\Greeny-Life\.venv\Lib\site-packages\jinja2-3.1.6.dist-info\METADATA","METADATA","","2871","7/24/2026 9:09:50 PM","C:\Users\Ghanam\OneDrive\projects\Greeny-Life\.venv\Lib\site-packages\jinja2-3.1.6.dist-info"
"C:\Users\Ghanam\OneDrive\projects\Greeny-Life\.venv\Lib\site-packages\joblib\externals\loky\backend\context.py","context.py",".py","14284","7/24/2026 9:09:44 PM","C:\Users\Ghanam\OneDrive\projects\Greeny-Life\.venv\Lib\site-packages\joblib\externals\loky\backend"
"C:\Users\Ghanam\OneDrive\projects\Greeny-Life\.venv\Lib\site-packages\joblib-1.5.3.dist-info\METADATA","METADATA","","5542","7/24/2026 9:09:44 PM","C:\Users\Ghanam\OneDrive\projects\Greeny-Life\.venv\Lib\site-packages\joblib-1.5.3.dist-info"
"C:\Users\Ghanam\OneDrive\projects\Greeny-Life\.venv\Lib\site-packages\markdown_it_py-4.2.0.dist-info\METADATA","METADATA","","7410","7/24/2026 7:46:02 PM","C:\Users\Ghanam\OneDrive\projects\Greeny-Life\.venv\Lib\site-packages\markdown_it_py-4.2.0.dist-info"
"C:\Users\Ghanam\OneDrive\projects\Greeny-Life\.venv\Lib\site-packages\markupsafe\_speedups.cp314-win_amd64.pyd","_speedups.cp314-win_amd64.pyd",".pyd","13312","7/24/2026 9:09:44 PM","C:\Users\Ghanam\OneDrive\projects\Greeny-Life\.venv\Lib\site-packages\markupsafe"
"C:\Users\Ghanam\OneDrive\projects\Greeny-Life\.venv\Lib\site-packages\mdurl-0.1.2.dist-info\METADATA","METADATA","","1638","7/24/2026 7:46:02 PM","C:\Users\Ghanam\OneDrive\projects\Greeny-Life\.venv\Lib\site-packages\mdurl-0.1.2.dist-info"
"C:\Users\Ghanam\OneDrive\projects\Greeny-Life\.venv\Lib\site-packages\model2vec\tokenizer\tokenizer.py","tokenizer.py",".py","4506","7/24/2026 9:09:58 PM","C:\Users\Ghanam\OneDrive\projects\Greeny-Life\.venv\Lib\site-packages\model2vec\tokenizer"
"C:\Users\Ghanam\OneDrive\projects\Greeny-Life\.venv\Lib\site-packages\model2vec-0.8.2.dist-info\METADATA","METADATA","","16496","7/24/2026 9:09:58 PM","C:\Users\Ghanam\OneDrive\projects\Greeny-Life\.venv\Lib\site-packages\model2vec-0.8.2.dist-info"
"C:\Users\Ghanam\OneDrive\projects\Greeny-Life\.venv\Lib\site-packages\mpmath\calculus\inverselaplace.py","inverselaplace.py",".py","36056","7/25/2026 1:30:20 PM","C:\Users\Ghanam\OneDrive\projects\Greeny-Life\.venv\Lib\site-packages\mpmath\calculus"
"C:\Users\Ghanam\OneDrive\projects\Greeny-Life\.venv\Lib\site-packages\mpmath-1.3.0.dist-info\METADATA","METADATA","","8630","7/25/2026 1:30:20 PM","C:\Users\Ghanam\OneDrive\projects\Greeny-Life\.venv\Lib\site-packages\mpmath-1.3.0.dist-info"
"C:\Users\Ghanam\OneDrive\projects\Greeny-Life\.venv\Lib\site-packages\narwhals\expr.py","expr.py",".py","112583","7/25/2026 1:31:50 PM","C:\Users\Ghanam\OneDrive\projects\Greeny-Life\.venv\Lib\site-packages\narwhals"
"C:\Users\Ghanam\OneDrive\projects\Greeny-Life\.venv\Lib\site-packages\narwhals\functions.py","functions.py",".py","80934","7/25/2026 1:31:50 PM","C:\Users\Ghanam\OneDrive\projects\Greeny-Life\.venv\Lib\site-packages\narwhals"
"C:\Users\Ghanam\OneDrive\projects\Greeny-Life\.venv\Lib\site-packages\narwhals\series.py","series.py",".py","103388","7/25/2026 1:31:50 PM","C:\Users\Ghanam\OneDrive\projects\Greeny-Life\.venv\Lib\site-packages\narwhals"
"C:\Users\Ghanam\OneDrive\projects\Greeny-Life\.venv\Lib\site-packages\narwhals\stable\v2\__init__.py","__init__.py",".py","41224","7/25/2026 1:31:50 PM","C:\Users\Ghanam\OneDrive\projects\Greeny-Life\.venv\Lib\site-packages\narwhals\stable\v2"
"C:\Users\Ghanam\OneDrive\projects\Greeny-Life\.venv\Lib\site-packages\networkx\algorithms\non_randomness.py","non_randomness.py",".py","5787","7/25/2026 1:31:43 PM","C:\Users\Ghanam\OneDrive\projects\Greeny-Life\.venv\Lib\site-packages\networkx\algorithms"
"C:\Users\Ghanam\OneDrive\projects\Greeny-Life\.venv\Lib\site-packages\networkx\algorithms\tree\coding.py","coding.py",".py","13466","7/25/2026 1:31:44 PM","C:\Users\Ghanam\OneDrive\projects\Greeny-Life\.venv\Lib\site-packages\networkx\algorithms\tree"
"C:\Users\Ghanam\OneDrive\projects\Greeny-Life\.venv\Lib\site-packages\networkx\generators\classic.py","classic.py",".py","32658","7/25/2026 1:31:44 PM","C:\Users\Ghanam\OneDrive\projects\Greeny-Life\.venv\Lib\site-packages\networkx\generators"
"C:\Users\Ghanam\OneDrive\projects\Greeny-Life\.venv\Lib\site-packages\networkx\linalg\laplacianmatrix.py","laplacianmatrix.py",".py","16722","7/25/2026 1:31:44 PM","C:\Users\Ghanam\OneDrive\projects\Greeny-Life\.venv\Lib\site-packages\networkx\linalg"
"C:\Users\Ghanam\OneDrive\projects\Greeny-Life\.venv\Lib\site-packages\networkx-3.6.1.dist-info\METADATA","METADATA","","6783","7/25/2026 1:31:44 PM","C:\Users\Ghanam\OneDrive\projects\Greeny-Life\.venv\Lib\site-packages\networkx-3.6.1.dist-info"
"C:\Users\Ghanam\OneDrive\projects\Greeny-Life\.venv\Lib\site-packages\numpy\_globals.py","_globals.py",".py","4277","7/24/2026 9:09:32 PM","C:\Users\Ghanam\OneDrive\projects\Greeny-Life\.venv\Lib\site-packages\numpy"
"C:\Users\Ghanam\OneDrive\projects\Greeny-Life\.venv\Lib\site-packages\numpy\f2py\crackfortran.py","crackfortran.py",".py","150558","7/24/2026 9:09:32 PM","C:\Users\Ghanam\OneDrive\projects\Greeny-Life\.venv\Lib\site-packages\numpy\f2py"
"C:\Users\Ghanam\OneDrive\projects\Greeny-Life\.venv\Lib\site-packages\numpy\f2py\f2py2e.py","f2py2e.py",".py","28180","7/24/2026 9:09:32 PM","C:\Users\Ghanam\OneDrive\projects\Greeny-Life\.venv\Lib\site-packages\numpy\f2py"
"C:\Users\Ghanam\OneDrive\projects\Greeny-Life\.venv\Lib\site-packages\numpy\f2py\symbolic.py","symbolic.py",".py","54828","7/24/2026 9:09:32 PM","C:\Users\Ghanam\OneDrive\projects\Greeny-Life\.venv\Lib\site-packages\numpy\f2py"
"C:\Users\Ghanam\OneDrive\projects\Greeny-Life\.venv\Lib\site-packages\numpy\f2py\tests\test_array_from_pyobj.py","test_array_from_pyobj.py",".py","27138","7/24/2026 9:09:32 PM","C:\Users\Ghanam\OneDrive\projects\Greeny-Life\.venv\Lib\site-packages\numpy\f2py\tests"
"C:\Users\Ghanam\OneDrive\projects\Greeny-Life\.venv\Lib\site-packages\numpy\f2py\tests\test_kind.py","test_kind.py",".py","1916","7/24/2026 9:09:32 PM","C:\Users\Ghanam\OneDrive\projects\Greeny-Life\.venv\Lib\site-packages\numpy\f2py\tests"
"C:\Users\Ghanam\OneDrive\projects\Greeny-Life\.venv\Lib\site-packages\numpy\fft\_pocketfft_umath.cp314-win_amd64.pyd","_pocketfft_umath.cp314-win_amd64.pyd",".pyd","276480","7/24/2026 9:09:32 PM","C:\Users\Ghanam\OneDrive\projects\Greeny-Life\.venv\Lib\site-packages\numpy\fft"
"C:\Users\Ghanam\OneDrive\projects\Greeny-Life\.venv\Lib\site-packages\numpy\lib\_format_impl.py","_format_impl.py",".py","37919","7/24/2026 9:09:32 PM","C:\Users\Ghanam\OneDrive\projects\Greeny-Life\.venv\Lib\site-packages\numpy\lib"
"C:\Users\Ghanam\OneDrive\projects\Greeny-Life\.venv\Lib\site-packages\numpy\lib\_index_tricks_impl.py","_index_tricks_impl.py",".py","32571","7/24/2026 9:09:32 PM","C:\Users\Ghanam\OneDrive\projects\Greeny-Life\.venv\Lib\site-packages\numpy\lib"
"C:\Users\Ghanam\OneDrive\projects\Greeny-Life\.venv\Lib\site-packages\numpy\lib\tests\test_arraysetops.py","test_arraysetops.py",".py","49141","7/24/2026 9:09:32 PM","C:\Users\Ghanam\OneDrive\projects\Greeny-Life\.venv\Lib\site-packages\numpy\lib\tests"
"C:\Users\Ghanam\OneDrive\projects\Greeny-Life\.venv\Lib\site-packages\numpy\linalg\lapack_lite.cp314-win_amd64.pyd","lapack_lite.cp314-win_amd64.pyd",".pyd","18944","7/24/2026 9:09:32 PM","C:\Users\Ghanam\OneDrive\projects\Greeny-Life\.venv\Lib\site-packages\numpy\linalg"
"C:\Users\Ghanam\OneDrive\projects\Greeny-Life\.venv\Lib\site-packages\numpy\linalg\_umath_linalg.cp314-win_amd64.pyd","_umath_linalg.cp314-win_amd64.pyd",".pyd","112128","7/24/2026 9:09:32 PM","C:\Users\Ghanam\OneDrive\projects\Greeny-Life\.venv\Lib\site-packages\numpy\linalg"
"C:\Users\Ghanam\OneDrive\projects\Greeny-Life\.venv\Lib\site-packages\numpy\linalg\__init__.py","__init__.py",".py","2171","7/24/2026 9:09:32 PM","C:\Users\Ghanam\OneDrive\projects\Greeny-Life\.venv\Lib\site-packages\numpy\linalg"
"C:\Users\Ghanam\OneDrive\projects\Greeny-Life\.venv\Lib\site-packages\numpy\ma\extras.py","extras.py",".py","70068","7/24/2026 9:09:32 PM","C:\Users\Ghanam\OneDrive\projects\Greeny-Life\.venv\Lib\site-packages\numpy\ma"
"C:\Users\Ghanam\OneDrive\projects\Greeny-Life\.venv\Lib\site-packages\numpy\matrixlib\tests\test_interaction.py","test_interaction.py",".py","12234","7/24/2026 9:09:32 PM","C:\Users\Ghanam\OneDrive\projects\Greeny-Life\.venv\Lib\site-packages\numpy\matrixlib\tests"
"C:\Users\Ghanam\OneDrive\projects\Greeny-Life\.venv\Lib\site-packages\numpy\matrixlib\tests\test_masked_matrix.py","test_masked_matrix.py",".py","9062","7/24/2026 9:09:32 PM","C:\Users\Ghanam\OneDrive\projects\Greeny-Life\.venv\Lib\site-packages\numpy\matrixlib\tests"
"C:\Users\Ghanam\OneDrive\projects\Greeny-Life\.venv\Lib\site-packages\numpy\random\bit_generator.cp314-win_amd64.pyd","bit_generator.cp314-win_amd64.pyd",".pyd","168448","7/24/2026 9:09:32 PM","C:\Users\Ghanam\OneDrive\projects\Greeny-Life\.venv\Lib\site-packages\numpy\random"
"C:\Users\Ghanam\OneDrive\projects\Greeny-Life\.venv\Lib\site-packages\numpy\random\mtrand.cp314-win_amd64.pyd","mtrand.cp314-win_amd64.pyd",".pyd","500736","7/24/2026 9:09:33 PM","C:\Users\Ghanam\OneDrive\projects\Greeny-Life\.venv\Lib\site-packages\numpy\random"
"C:\Users\Ghanam\OneDrive\projects\Greeny-Life\.venv\Lib\site-packages\numpy\random\_bounded_integers.cp314-win_amd64.pyd","_bounded_integers.cp314-win_amd64.pyd",".pyd","215040","7/24/2026 9:09:33 PM","C:\Users\Ghanam\OneDrive\projects\Greeny-Life\.venv\Lib\site-packages\numpy\random"
"C:\Users\Ghanam\OneDrive\projects\Greeny-Life\.venv\Lib\site-packages\numpy\random\_common.cp314-win_amd64.pyd","_common.cp314-win_amd64.pyd",".pyd","173056","7/24/2026 9:09:33 PM","C:\Users\Ghanam\OneDrive\projects\Greeny-Life\.venv\Lib\site-packages\numpy\random"
"C:\Users\Ghanam\OneDrive\projects\Greeny-Life\.venv\Lib\site-packages\numpy\random\_generator.cp314-win_amd64.pyd","_generator.cp314-win_amd64.pyd",".pyd","599040","7/24/2026 9:09:33 PM","C:\Users\Ghanam\OneDrive\projects\Greeny-Life\.venv\Lib\site-packages\numpy\random"
"C:\Users\Ghanam\OneDrive\projects\Greeny-Life\.venv\Lib\site-packages\numpy\random\_mt19937.cp314-win_amd64.pyd","_mt19937.cp314-win_amd64.pyd",".pyd","86528","7/24/2026 9:09:33 PM","C:\Users\Ghanam\OneDrive\projects\Greeny-Life\.venv\Lib\site-packages\numpy\random"
"C:\Users\Ghanam\OneDrive\projects\Greeny-Life\.venv\Lib\site-packages\numpy\random\_pcg64.cp314-win_amd64.pyd","_pcg64.cp314-win_amd64.pyd",".pyd","96256","7/24/2026 9:09:33 PM","C:\Users\Ghanam\OneDrive\projects\Greeny-Life\.venv\Lib\site-packages\numpy\random"
"C:\Users\Ghanam\OneDrive\projects\Greeny-Life\.venv\Lib\site-packages\numpy\random\_philox.cp314-win_amd64.pyd","_philox.cp314-win_amd64.pyd",".pyd","81408","7/24/2026 9:09:33 PM","C:\Users\Ghanam\OneDrive\projects\Greeny-Life\.venv\Lib\site-packages\numpy\random"
"C:\Users\Ghanam\OneDrive\projects\Greeny-Life\.venv\Lib\site-packages\numpy\random\_sfc64.cp314-win_amd64.pyd","_sfc64.cp314-win_amd64.pyd",".pyd","60416","7/24/2026 9:09:33 PM","C:\Users\Ghanam\OneDrive\projects\Greeny-Life\.venv\Lib\site-packages\numpy\random"
"C:\Users\Ghanam\OneDrive\projects\Greeny-Life\.venv\Lib\site-packages\numpy\testing\tests\test_utils.py","test_utils.py",".py","83788","7/24/2026 9:09:33 PM","C:\Users\Ghanam\OneDrive\projects\Greeny-Life\.venv\Lib\site-packages\numpy\testing\tests"
"C:\Users\Ghanam\OneDrive\projects\Greeny-Life\.venv\Lib\site-packages\numpy\testing\_private\utils.py","utils.py",".py","104289","7/24/2026 9:09:33 PM","C:\Users\Ghanam\OneDrive\projects\Greeny-Life\.venv\Lib\site-packages\numpy\testing\_private"
"C:\Users\Ghanam\OneDrive\projects\Greeny-Life\.venv\Lib\site-packages\numpy\_core\shape_base.py","shape_base.py",".py","33708","7/24/2026 9:09:33 PM","C:\Users\Ghanam\OneDrive\projects\Greeny-Life\.venv\Lib\site-packages\numpy\_core"
"C:\Users\Ghanam\OneDrive\projects\Greeny-Life\.venv\Lib\site-packages\numpy\_core\_add_newdocs_scalars.py","_add_newdocs_scalars.py",".py","13314","7/24/2026 9:09:33 PM","C:\Users\Ghanam\OneDrive\projects\Greeny-Life\.venv\Lib\site-packages\numpy\_core"
"C:\Users\Ghanam\OneDrive\projects\Greeny-Life\.venv\Lib\site-packages\numpy\_core\_internal.py","_internal.py",".py","30365","7/24/2026 9:09:33 PM","C:\Users\Ghanam\OneDrive\projects\Greeny-Life\.venv\Lib\site-packages\numpy\_core"
"C:\Users\Ghanam\OneDrive\projects\Greeny-Life\.venv\Lib\site-packages\numpy\_core\_multiarray_tests.cp314-win_amd64.pyd","_multiarray_tests.cp314-win_amd64.pyd",".pyd","66048","7/24/2026 9:09:33 PM","C:\Users\Ghanam\OneDrive\projects\Greeny-Life\.venv\Lib\site-packages\numpy\_core"
"C:\Users\Ghanam\OneDrive\projects\Greeny-Life\.venv\Lib\site-packages\numpy\_core\_operand_flag_tests.cp314-win_amd64.pyd","_operand_flag_tests.cp314-win_amd64.pyd",".pyd","12288","7/24/2026 9:09:33 PM","C:\Users\Ghanam\OneDrive\projects\Greeny-Life\.venv\Lib\site-packages\numpy\_core"
"C:\Users\Ghanam\OneDrive\projects\Greeny-Life\.venv\Lib\site-packages\numpy\_core\_rational_tests.cp314-win_amd64.pyd","_rational_tests.cp314-win_amd64.pyd",".pyd","43520","7/24/2026 9:09:33 PM","C:\Users\Ghanam\OneDrive\projects\Greeny-Life\.venv\Lib\site-packages\numpy\_core"
"C:\Users\Ghanam\OneDrive\projects\Greeny-Life\.venv\Lib\site-packages\numpy\_core\_simd.cp314-win_amd64.pyd","_simd.cp314-win_amd64.pyd",".pyd","831488","7/24/2026 9:09:33 PM","C:\Users\Ghanam\OneDrive\projects\Greeny-Life\.venv\Lib\site-packages\numpy\_core"
"C:\Users\Ghanam\OneDrive\projects\Greeny-Life\.venv\Lib\site-packages\numpy\_core\_simd.pyi","_simd.pyi",".pyi","1013","7/24/2026 9:09:34 PM","C:\Users\Ghanam\OneDrive\projects\Greeny-Life\.venv\Lib\site-packages\numpy\_core"
"C:\Users\Ghanam\OneDrive\projects\Greeny-Life\.venv\Lib\site-packages\numpy\_core\_struct_ufunc_tests.cp314-win_amd64.pyd","_struct_ufunc_tests.cp314-win_amd64.pyd",".pyd","14336","7/24/2026 9:09:34 PM","C:\Users\Ghanam\OneDrive\projects\Greeny-Life\.venv\Lib\site-packages\numpy\_core"
"C:\Users\Ghanam\OneDrive\projects\Greeny-Life\.venv\Lib\site-packages\numpy\_core\_umath_tests.cp314-win_amd64.pyd","_umath_tests.cp314-win_amd64.pyd",".pyd","34304","7/24/2026 9:09:34 PM","C:\Users\Ghanam\OneDrive\projects\Greeny-Life\.venv\Lib\site-packages\numpy\_core"
"C:\Users\Ghanam\OneDrive\projects\Greeny-Life\.venv\Lib\site-packages\numpy\_core\tests\test_multithreading.py","test_multithreading.py",".py","22561","7/24/2026 9:09:34 PM","C:\Users\Ghanam\OneDrive\projects\Greeny-Life\.venv\Lib\site-packages\numpy\_core\tests"
"C:\Users\Ghanam\OneDrive\projects\Greeny-Life\.venv\Lib\site-packages\numpy\_core\tests\test_umath.py","test_umath.py",".py","206665","7/24/2026 9:09:34 PM","C:\Users\Ghanam\OneDrive\projects\Greeny-Life\.venv\Lib\site-packages\numpy\_core\tests"
"C:\Users\Ghanam\OneDrive\projects\Greeny-Life\.venv\Lib\site-packages\numpy-2.5.1.dist-info\METADATA","METADATA","","6584","7/24/2026 9:09:34 PM","C:\Users\Ghanam\OneDrive\projects\Greeny-Life\.venv\Lib\site-packages\numpy-2.5.1.dist-info"
"C:\Users\Ghanam\OneDrive\projects\Greeny-Life\.venv\Lib\site-packages\numpy-2.5.1.dist-info\licenses\LICENSE.txt","LICENSE.txt",".txt","45831","7/24/2026 9:09:34 PM","C:\Users\Ghanam\OneDrive\projects\Greeny-Life\.venv\Lib\site-packages\numpy-2.5.1.dist-info\licenses"
"C:\Users\Ghanam\OneDrive\projects\Greeny-Life\.venv\Lib\site-packages\orjson\orjson.cp314-win_amd64.pyd","orjson.cp314-win_amd64.pyd",".pyd","223232","7/24/2026 9:09:31 PM","C:\Users\Ghanam\OneDrive\projects\Greeny-Life\.venv\Lib\site-packages\orjson"
"C:\Users\Ghanam\OneDrive\projects\Greeny-Life\.venv\Lib\site-packages\ouro_loop-0.3.0.dist-info\METADATA","METADATA","","30710","7/24/2026 9:09:31 PM","C:\Users\Ghanam\OneDrive\projects\Greeny-Life\.venv\Lib\site-packages\ouro_loop-0.3.0.dist-info"
"C:\Users\Ghanam\OneDrive\projects\Greeny-Life\.venv\Lib\site-packages\ouro_templates\CLAUDE.md.template","CLAUDE.md.template",".template","1060","7/24/2026 9:09:31 PM","C:\Users\Ghanam\OneDrive\projects\Greeny-Life\.venv\Lib\site-packages\ouro_templates"
"C:\Users\Ghanam\OneDrive\projects\Greeny-Life\.venv\Lib\site-packages\ouro_templates\sentinel\CLAUDE.md.template","CLAUDE.md.template",".template","7541","7/24/2026 9:09:31 PM","C:\Users\Ghanam\OneDrive\projects\Greeny-Life\.venv\Lib\site-packages\ouro_templates\sentinel"
"C:\Users\Ghanam\OneDrive\projects\Greeny-Life\.venv\Lib\site-packages\ouro_templates\sentinel\sentinel-dashboard.sh.template","sentinel-dashboard.sh.template",".template","8156","7/24/2026 9:09:31 PM","C:\Users\Ghanam\OneDrive\projects\Greeny-Life\.venv\Lib\site-packages\ouro_templates\sentinel"
"C:\Users\Ghanam\OneDrive\projects\Greeny-Life\.venv\Lib\site-packages\ouro_templates\sentinel\sentinel-runner.sh.template","sentinel-runner.sh.template",".template","9956","7/24/2026 9:09:31 PM","C:\Users\Ghanam\OneDrive\projects\Greeny-Life\.venv\Lib\site-packages\ouro_templates\sentinel"
"C:\Users\Ghanam\OneDrive\projects\Greeny-Life\.venv\Lib\site-packages\packaging\_elffile.py","_elffile.py",".py","3211","7/24/2026 9:09:31 PM","C:\Users\Ghanam\OneDrive\projects\Greeny-Life\.venv\Lib\site-packages\packaging"
"C:\Users\Ghanam\OneDrive\projects\Greeny-Life\.venv\Lib\site-packages\pandas\pyproject.toml","pyproject.toml",".toml","27650","7/25/2026 1:34:32 PM","C:\Users\Ghanam\OneDrive\projects\Greeny-Life\.venv\Lib\site-packages\pandas"
"C:\Users\Ghanam\OneDrive\projects\Greeny-Life\.venv\Lib\site-packages\pandas\_typing.py","_typing.py",".py","16692","7/25/2026 1:34:32 PM","C:\Users\Ghanam\OneDrive\projects\Greeny-Life\.venv\Lib\site-packages\pandas"
"C:\Users\Ghanam\OneDrive\projects\Greeny-Life\.venv\Lib\site-packages\pandas\api\executors\__init__.py","__init__.py",".py","174","7/25/2026 1:34:32 PM","C:\Users\Ghanam\OneDrive\projects\Greeny-Life\.venv\Lib\site-packages\pandas\api\executors"
"C:\Users\Ghanam\OneDrive\projects\Greeny-Life\.venv\Lib\site-packages\pandas\api\typing\aliases.py","aliases.py",".py","2808","7/25/2026 1:34:32 PM","C:\Users\Ghanam\OneDrive\projects\Greeny-Life\.venv\Lib\site-packages\pandas\api\typing"
"C:\Users\Ghanam\OneDrive\projects\Greeny-Life\.venv\Lib\site-packages\pandas\core\apply.py","apply.py",".py","70029","7/25/2026 1:34:32 PM","C:\Users\Ghanam\OneDrive\projects\Greeny-Life\.venv\Lib\site-packages\pandas\core"
"C:\Users\Ghanam\OneDrive\projects\Greeny-Life\.venv\Lib\site-packages\pandas\core\base.py","base.py",".py","50102","7/25/2026 1:34:32 PM","C:\Users\Ghanam\OneDrive\projects\Greeny-Life\.venv\Lib\site-packages\pandas\core"
"C:\Users\Ghanam\OneDrive\projects\Greeny-Life\.venv\Lib\site-packages\pandas\core\config_init.py","config_init.py",".py","26657","7/25/2026 1:34:32 PM","C:\Users\Ghanam\OneDrive\projects\Greeny-Life\.venv\Lib\site-packages\pandas\core"
"C:\Users\Ghanam\OneDrive\projects\Greeny-Life\.venv\Lib\site-packages\pandas\core\frame.py","frame.py",".py","574665","7/25/2026 1:34:32 PM","C:\Users\Ghanam\OneDrive\projects\Greeny-Life\.venv\Lib\site-packages\pandas\core"
"C:\Users\Ghanam\OneDrive\projects\Greeny-Life\.venv\Lib\site-packages\pandas\core\generic.py","generic.py",".py","462801","7/25/2026 1:34:32 PM","C:\Users\Ghanam\OneDrive\projects\Greeny-Life\.venv\Lib\site-packages\pandas\core"
"C:\Users\Ghanam\OneDrive\projects\Greeny-Life\.venv\Lib\site-packages\pandas\core\series.py","series.py",".py","280462","7/25/2026 1:34:32 PM","C:\Users\Ghanam\OneDrive\projects\Greeny-Life\.venv\Lib\site-packages\pandas\core"
"C:\Users\Ghanam\OneDrive\projects\Greeny-Life\.venv\Lib\site-packages\pandas\core\computation\engines.py","engines.py",".py","3462","7/25/2026 1:34:32 PM","C:\Users\Ghanam\OneDrive\projects\Greeny-Life\.venv\Lib\site-packages\pandas\core\computation"
"C:\Users\Ghanam\OneDrive\projects\Greeny-Life\.venv\Lib\site-packages\pandas\core\computation\eval.py","eval.py",".py","15403","7/25/2026 1:34:32 PM","C:\Users\Ghanam\OneDrive\projects\Greeny-Life\.venv\Lib\site-packages\pandas\core\computation"
"C:\Users\Ghanam\OneDrive\projects\Greeny-Life\.venv\Lib\site-packages\pandas\core\computation\expr.py","expr.py",".py","25611","7/25/2026 1:34:32 PM","C:\Users\Ghanam\OneDrive\projects\Greeny-Life\.venv\Lib\site-packages\pandas\core\computation"
"C:\Users\Ghanam\OneDrive\projects\Greeny-Life\.venv\Lib\site-packages\pandas\core\computation\ops.py","ops.py",".py","14487","7/25/2026 1:34:32 PM","C:\Users\Ghanam\OneDrive\projects\Greeny-Life\.venv\Lib\site-packages\pandas\core\computation"
"C:\Users\Ghanam\OneDrive\projects\Greeny-Life\.venv\Lib\site-packages\pandas\core\computation\pytables.py","pytables.py",".py","21556","7/25/2026 1:34:32 PM","C:\Users\Ghanam\OneDrive\projects\Greeny-Life\.venv\Lib\site-packages\pandas\core\computation"
"C:\Users\Ghanam\OneDrive\projects\Greeny-Life\.venv\Lib\site-packages\pandas\core\computation\scope.py","scope.py",".py","10204","7/25/2026 1:34:32 PM","C:\Users\Ghanam\OneDrive\projects\Greeny-Life\.venv\Lib\site-packages\pandas\core\computation"
"C:\Users\Ghanam\OneDrive\projects\Greeny-Life\.venv\Lib\site-packages\pandas\core\groupby\generic.py","generic.py",".py","139394","7/25/2026 1:34:32 PM","C:\Users\Ghanam\OneDrive\projects\Greeny-Life\.venv\Lib\site-packages\pandas\core\groupby"
"C:\Users\Ghanam\OneDrive\projects\Greeny-Life\.venv\Lib\site-packages\pandas\core\groupby\groupby.py","groupby.py",".py","202185","7/25/2026 1:34:32 PM","C:\Users\Ghanam\OneDrive\projects\Greeny-Life\.venv\Lib\site-packages\pandas\core\groupby"
"C:\Users\Ghanam\OneDrive\projects\Greeny-Life\.venv\Lib\site-packages\pandas\core\groupby\numba_.py","numba_.py",".py","4923","7/25/2026 1:34:32 PM","C:\Users\Ghanam\OneDrive\projects\Greeny-Life\.venv\Lib\site-packages\pandas\core\groupby"
"C:\Users\Ghanam\OneDrive\projects\Greeny-Life\.venv\Lib\site-packages\pandas\core\indexes\base.py","base.py",".py","277653","7/25/2026 1:34:32 PM","C:\Users\Ghanam\OneDrive\projects\Greeny-Life\.venv\Lib\site-packages\pandas\core\indexes"
"C:\Users\Ghanam\OneDrive\projects\Greeny-Life\.venv\Lib\site-packages\pandas\core\indexes\category.py","category.py",".py","17079","7/25/2026 1:34:32 PM","C:\Users\Ghanam\OneDrive\projects\Greeny-Life\.venv\Lib\site-packages\pandas\core\indexes"
"C:\Users\Ghanam\OneDrive\projects\Greeny-Life\.venv\Lib\site-packages\pandas\core\indexes\datetimelike.py","datetimelike.py",".py","38256","7/25/2026 1:34:32 PM","C:\Users\Ghanam\OneDrive\projects\Greeny-Life\.venv\Lib\site-packages\pandas\core\indexes"
"C:\Users\Ghanam\OneDrive\projects\Greeny-Life\.venv\Lib\site-packages\pandas\core\indexes\datetimes.py","datetimes.py",".py","57595","7/25/2026 1:34:32 PM","C:\Users\Ghanam\OneDrive\projects\Greeny-Life\.venv\Lib\site-packages\pandas\core\indexes"
"C:\Users\Ghanam\OneDrive\projects\Greeny-Life\.venv\Lib\site-packages\pandas\core\indexes\extension.py","extension.py",".py","5389","7/25/2026 1:34:32 PM","C:\Users\Ghanam\OneDrive\projects\Greeny-Life\.venv\Lib\site-packages\pandas\core\indexes"
"C:\Users\Ghanam\OneDrive\projects\Greeny-Life\.venv\Lib\site-packages\pandas\core\indexes\interval.py","interval.py",".py","50445","7/25/2026 1:34:32 PM","C:\Users\Ghanam\OneDrive\projects\Greeny-Life\.venv\Lib\site-packages\pandas\core\indexes"
"C:\Users\Ghanam\OneDrive\projects\Greeny-Life\.venv\Lib\site-packages\pandas\core\indexes\multi.py","multi.py",".py","166907","7/25/2026 1:34:32 PM","C:\Users\Ghanam\OneDrive\projects\Greeny-Life\.venv\Lib\site-packages\pandas\core\indexes"
"C:\Users\Ghanam\OneDrive\projects\Greeny-Life\.venv\Lib\site-packages\pandas\core\indexes\period.py","period.py",".py","19368","7/25/2026 1:34:32 PM","C:\Users\Ghanam\OneDrive\projects\Greeny-Life\.venv\Lib\site-packages\pandas\core\indexes"
"C:\Users\Ghanam\OneDrive\projects\Greeny-Life\.venv\Lib\site-packages\pandas\core\indexes\range.py","range.py",".py","53786","7/25/2026 1:34:32 PM","C:\Users\Ghanam\OneDrive\projects\Greeny-Life\.venv\Lib\site-packages\pandas\core\indexes"
"C:\Users\Ghanam\OneDrive\projects\Greeny-Life\.venv\Lib\site-packages\pandas\core\indexes\timedeltas.py","timedeltas.py",".py","13219","7/25/2026 1:34:32 PM","C:\Users\Ghanam\OneDrive\projects\Greeny-Life\.venv\Lib\site-packages\pandas\core\indexes"
"C:\Users\Ghanam\OneDrive\projects\Greeny-Life\.venv\Lib\site-packages\pandas\core\util\numba_.py","numba_.py",".py","4305","7/25/2026 1:34:32 PM","C:\Users\Ghanam\OneDrive\projects\Greeny-Life\.venv\Lib\site-packages\pandas\core\util"
"C:\Users\Ghanam\OneDrive\projects\Greeny-Life\.venv\Lib\site-packages\pandas\core\window\doc.py","doc.py",".py","5764","7/25/2026 1:34:32 PM","C:\Users\Ghanam\OneDrive\projects\Greeny-Life\.venv\Lib\site-packages\pandas\core\window"
"C:\Users\Ghanam\OneDrive\projects\Greeny-Life\.venv\Lib\site-packages\pandas\core\window\ewm.py","ewm.py",".py","39714","7/25/2026 1:34:32 PM","C:\Users\Ghanam\OneDrive\projects\Greeny-Life\.venv\Lib\site-packages\pandas\core\window"
"C:\Users\Ghanam\OneDrive\projects\Greeny-Life\.venv\Lib\site-packages\pandas\core\window\expanding.py","expanding.py",".py","44917","7/25/2026 1:34:32 PM","C:\Users\Ghanam\OneDrive\projects\Greeny-Life\.venv\Lib\site-packages\pandas\core\window"
"C:\Users\Ghanam\OneDrive\projects\Greeny-Life\.venv\Lib\site-packages\pandas\core\window\numba_.py","numba_.py",".py","10935","7/25/2026 1:34:32 PM","C:\Users\Ghanam\OneDrive\projects\Greeny-Life\.venv\Lib\site-packages\pandas\core\window"
"C:\Users\Ghanam\OneDrive\projects\Greeny-Life\.venv\Lib\site-packages\pandas\core\window\online.py","online.py",".py","3682","7/25/2026 1:34:32 PM","C:\Users\Ghanam\OneDrive\projects\Greeny-Life\.venv\Lib\site-packages\pandas\core\window"
"C:\Users\Ghanam\OneDrive\projects\Greeny-Life\.venv\Lib\site-packages\pandas\core\window\rolling.py","rolling.py",".py","115918","7/25/2026 1:34:32 PM","C:\Users\Ghanam\OneDrive\projects\Greeny-Life\.venv\Lib\site-packages\pandas\core\window"
"C:\Users\Ghanam\OneDrive\projects\Greeny-Life\.venv\Lib\site-packages\pandas\core\_numba\extensions.py","extensions.py",".py","18509","7/25/2026 1:34:32 PM","C:\Users\Ghanam\OneDrive\projects\Greeny-Life\.venv\Lib\site-packages\pandas\core\_numba"
"C:\Users\Ghanam\OneDrive\projects\Greeny-Life\.venv\Lib\site-packages\pandas\errors\__init__.py","__init__.py",".py","34630","7/25/2026 1:34:32 PM","C:\Users\Ghanam\OneDrive\projects\Greeny-Life\.venv\Lib\site-packages\pandas\errors"
"C:\Users\Ghanam\OneDrive\projects\Greeny-Life\.venv\Lib\site-packages\pandas\io\clipboards.py","clipboards.py",".py","6391","7/25/2026 1:34:32 PM","C:\Users\Ghanam\OneDrive\projects\Greeny-Life\.venv\Lib\site-packages\pandas\io"
"C:\Users\Ghanam\OneDrive\projects\Greeny-Life\.venv\Lib\site-packages\pandas\io\common.py","common.py",".py","44681","7/25/2026 1:34:32 PM","C:\Users\Ghanam\OneDrive\projects\Greeny-Life\.venv\Lib\site-packages\pandas\io"
"C:\Users\Ghanam\OneDrive\projects\Greeny-Life\.venv\Lib\site-packages\pandas\io\html.py","html.py",".py","39806","7/25/2026 1:34:32 PM","C:\Users\Ghanam\OneDrive\projects\Greeny-Life\.venv\Lib\site-packages\pandas\io"
"C:\Users\Ghanam\OneDrive\projects\Greeny-Life\.venv\Lib\site-packages\pandas\io\orc.py","orc.py",".py","8635","7/25/2026 1:34:32 PM","C:\Users\Ghanam\OneDrive\projects\Greeny-Life\.venv\Lib\site-packages\pandas\io"
"C:\Users\Ghanam\OneDrive\projects\Greeny-Life\.venv\Lib\site-packages\pandas\io\parquet.py","parquet.py",".py","24453","7/25/2026 1:34:32 PM","C:\Users\Ghanam\OneDrive\projects\Greeny-Life\.venv\Lib\site-packages\pandas\io"
"C:\Users\Ghanam\OneDrive\projects\Greeny-Life\.venv\Lib\site-packages\pandas\io\sql.py","sql.py",".py","106028","7/25/2026 1:34:32 PM","C:\Users\Ghanam\OneDrive\projects\Greeny-Life\.venv\Lib\site-packages\pandas\io"
"C:\Users\Ghanam\OneDrive\projects\Greeny-Life\.venv\Lib\site-packages\pandas\io\_util.py","_util.py",".py","10227","7/25/2026 1:34:33 PM","C:\Users\Ghanam\OneDrive\projects\Greeny-Life\.venv\Lib\site-packages\pandas\io"
"C:\Users\Ghanam\OneDrive\projects\Greeny-Life\.venv\Lib\site-packages\pandas\io\excel\_base.py","_base.py",".py","70410","7/25/2026 1:34:33 PM","C:\Users\Ghanam\OneDrive\projects\Greeny-Life\.venv\Lib\site-packages\pandas\io\excel"
"C:\Users\Ghanam\OneDrive\projects\Greeny-Life\.venv\Lib\site-packages\pandas\io\excel\_calamine.py","_calamine.py",".py","4180","7/25/2026 1:34:33 PM","C:\Users\Ghanam\OneDrive\projects\Greeny-Life\.venv\Lib\site-packages\pandas\io\excel"
"C:\Users\Ghanam\OneDrive\projects\Greeny-Life\.venv\Lib\site-packages\pandas\io\excel\_odfreader.py","_odfreader.py",".py","8232","7/25/2026 1:34:33 PM","C:\Users\Ghanam\OneDrive\projects\Greeny-Life\.venv\Lib\site-packages\pandas\io\excel"
"C:\Users\Ghanam\OneDrive\projects\Greeny-Life\.venv\Lib\site-packages\pandas\io\excel\_odswriter.py","_odswriter.py",".py","11519","7/25/2026 1:34:33 PM","C:\Users\Ghanam\OneDrive\projects\Greeny-Life\.venv\Lib\site-packages\pandas\io\excel"
"C:\Users\Ghanam\OneDrive\projects\Greeny-Life\.venv\Lib\site-packages\pandas\io\excel\_openpyxl.py","_openpyxl.py",".py","20115","7/25/2026 1:34:33 PM","C:\Users\Ghanam\OneDrive\projects\Greeny-Life\.venv\Lib\site-packages\pandas\io\excel"
"C:\Users\Ghanam\OneDrive\projects\Greeny-Life\.venv\Lib\site-packages\pandas\io\excel\_pyxlsb.py","_pyxlsb.py",".py","4861","7/25/2026 1:34:33 PM","C:\Users\Ghanam\OneDrive\projects\Greeny-Life\.venv\Lib\site-packages\pandas\io\excel"
"C:\Users\Ghanam\OneDrive\projects\Greeny-Life\.venv\Lib\site-packages\pandas\io\excel\_util.py","_util.py",".py","8081","7/25/2026 1:34:33 PM","C:\Users\Ghanam\OneDrive\projects\Greeny-Life\.venv\Lib\site-packages\pandas\io\excel"
"C:\Users\Ghanam\OneDrive\projects\Greeny-Life\.venv\Lib\site-packages\pandas\io\excel\_xlrd.py","_xlrd.py",".py","5093","7/25/2026 1:34:33 PM","C:\Users\Ghanam\OneDrive\projects\Greeny-Life\.venv\Lib\site-packages\pandas\io\excel"
"C:\Users\Ghanam\OneDrive\projects\Greeny-Life\.venv\Lib\site-packages\pandas\io\excel\_xlsxwriter.py","_xlsxwriter.py",".py","9380","7/25/2026 1:34:33 PM","C:\Users\Ghanam\OneDrive\projects\Greeny-Life\.venv\Lib\site-packages\pandas\io\excel"
"C:\Users\Ghanam\OneDrive\projects\Greeny-Life\.venv\Lib\site-packages\pandas\io\formats\excel.py","excel.py",".py","35621","7/25/2026 1:34:33 PM","C:\Users\Ghanam\OneDrive\projects\Greeny-Life\.venv\Lib\site-packages\pandas\io\formats"
"C:\Users\Ghanam\OneDrive\projects\Greeny-Life\.venv\Lib\site-packages\pandas\io\formats\format.py","format.py",".py","66886","7/25/2026 1:34:33 PM","C:\Users\Ghanam\OneDrive\projects\Greeny-Life\.venv\Lib\site-packages\pandas\io\formats"
"C:\Users\Ghanam\OneDrive\projects\Greeny-Life\.venv\Lib\site-packages\pandas\io\formats\info.py","info.py",".py","27360","7/25/2026 1:34:33 PM","C:\Users\Ghanam\OneDrive\projects\Greeny-Life\.venv\Lib\site-packages\pandas\io\formats"
"C:\Users\Ghanam\OneDrive\projects\Greeny-Life\.venv\Lib\site-packages\pandas\io\formats\style.py","style.py",".py","177431","7/25/2026 1:34:33 PM","C:\Users\Ghanam\OneDrive\projects\Greeny-Life\.venv\Lib\site-packages\pandas\io\formats"
"C:\Users\Ghanam\OneDrive\projects\Greeny-Life\.venv\Lib\site-packages\pandas\io\formats\_color_data.py","_color_data.py",".py","4332","7/25/2026 1:34:33 PM","C:\Users\Ghanam\OneDrive\projects\Greeny-Life\.venv\Lib\site-packages\pandas\io\formats"
"C:\Users\Ghanam\OneDrive\projects\Greeny-Life\.venv\Lib\site-packages\pandas\io\json\_json.py","_json.py",".py","49807","7/25/2026 1:34:33 PM","C:\Users\Ghanam\OneDrive\projects\Greeny-Life\.venv\Lib\site-packages\pandas\io\json"
"C:\Users\Ghanam\OneDrive\projects\Greeny-Life\.venv\Lib\site-packages\pandas\io\json\_table_schema.py","_table_schema.py",".py","12100","7/25/2026 1:34:33 PM","C:\Users\Ghanam\OneDrive\projects\Greeny-Life\.venv\Lib\site-packages\pandas\io\json"
"C:\Users\Ghanam\OneDrive\projects\Greeny-Life\.venv\Lib\site-packages\pandas\io\parsers\arrow_parser_wrapper.py","arrow_parser_wrapper.py",".py","11952","7/25/2026 1:34:33 PM","C:\Users\Ghanam\OneDrive\projects\Greeny-Life\.venv\Lib\site-packages\pandas\io\parsers"
"C:\Users\Ghanam\OneDrive\projects\Greeny-Life\.venv\Lib\site-packages\pandas\io\parsers\base_parser.py","base_parser.py",".py","32912","7/25/2026 1:34:33 PM","C:\Users\Ghanam\OneDrive\projects\Greeny-Life\.venv\Lib\site-packages\pandas\io\parsers"
"C:\Users\Ghanam\OneDrive\projects\Greeny-Life\.venv\Lib\site-packages\pandas\io\parsers\python_parser.py","python_parser.py",".py","55162","7/25/2026 1:34:33 PM","C:\Users\Ghanam\OneDrive\projects\Greeny-Life\.venv\Lib\site-packages\pandas\io\parsers"
"C:\Users\Ghanam\OneDrive\projects\Greeny-Life\.venv\Lib\site-packages\pandas\io\parsers\readers.py","readers.py",".py","92966","7/25/2026 1:34:33 PM","C:\Users\Ghanam\OneDrive\projects\Greeny-Life\.venv\Lib\site-packages\pandas\io\parsers"
"C:\Users\Ghanam\OneDrive\projects\Greeny-Life\.venv\Lib\site-packages\pandas\io\sas\sas7bdat.py","sas7bdat.py",".py","27023","7/25/2026 1:34:33 PM","C:\Users\Ghanam\OneDrive\projects\Greeny-Life\.venv\Lib\site-packages\pandas\io\sas"
"C:\Users\Ghanam\OneDrive\projects\Greeny-Life\.venv\Lib\site-packages\pandas\tests\api\test_api.py","test_api.py",".py","14786","7/25/2026 1:34:33 PM","C:\Users\Ghanam\OneDrive\projects\Greeny-Life\.venv\Lib\site-packages\pandas\tests\api"
"C:\Users\Ghanam\OneDrive\projects\Greeny-Life\.venv\Lib\site-packages\pandas\tests\apply\conftest.py","conftest.py",".py","2045","7/25/2026 1:34:33 PM","C:\Users\Ghanam\OneDrive\projects\Greeny-Life\.venv\Lib\site-packages\pandas\tests\apply"
"C:\Users\Ghanam\OneDrive\projects\Greeny-Life\.venv\Lib\site-packages\pandas\tests\apply\test_frame_apply.py","test_frame_apply.py",".py","58466","7/25/2026 1:34:33 PM","C:\Users\Ghanam\OneDrive\projects\Greeny-Life\.venv\Lib\site-packages\pandas\tests\apply"
"C:\Users\Ghanam\OneDrive\projects\Greeny-Life\.venv\Lib\site-packages\pandas\tests\apply\test_numba.py","test_numba.py",".py","4191","7/25/2026 1:34:33 PM","C:\Users\Ghanam\OneDrive\projects\Greeny-Life\.venv\Lib\site-packages\pandas\tests\apply"
"C:\Users\Ghanam\OneDrive\projects\Greeny-Life\.venv\Lib\site-packages\pandas\tests\apply\test_series_apply.py","test_series_apply.py",".py","20997","7/25/2026 1:34:33 PM","C:\Users\Ghanam\OneDrive\projects\Greeny-Life\.venv\Lib\site-packages\pandas\tests\apply"
"C:\Users\Ghanam\OneDrive\projects\Greeny-Life\.venv\Lib\site-packages\pandas\tests\base\test_misc.py","test_misc.py",".py","5918","7/25/2026 1:34:33 PM","C:\Users\Ghanam\OneDrive\projects\Greeny-Life\.venv\Lib\site-packages\pandas\tests\base"
"C:\Users\Ghanam\OneDrive\projects\Greeny-Life\.venv\Lib\site-packages\pandas\tests\computation\test_compat.py","test_compat.py",".py","872","7/25/2026 1:34:33 PM","C:\Users\Ghanam\OneDrive\projects\Greeny-Life\.venv\Lib\site-packages\pandas\tests\computation"
"C:\Users\Ghanam\OneDrive\projects\Greeny-Life\.venv\Lib\site-packages\pandas\tests\computation\test_eval.py","test_eval.py",".py","73832","7/25/2026 1:34:33 PM","C:\Users\Ghanam\OneDrive\projects\Greeny-Life\.venv\Lib\site-packages\pandas\tests\computation"
"C:\Users\Ghanam\OneDrive\projects\Greeny-Life\.venv\Lib\site-packages\pandas\tests\extension\test_arrow.py","test_arrow.py",".py","137505","7/25/2026 1:34:33 PM","C:\Users\Ghanam\OneDrive\projects\Greeny-Life\.venv\Lib\site-packages\pandas\tests\extension"
"C:\Users\Ghanam\OneDrive\projects\Greeny-Life\.venv\Lib\site-packages\pandas\tests\extension\test_interval.py","test_interval.py",".py","4511","7/25/2026 1:34:33 PM","C:\Users\Ghanam\OneDrive\projects\Greeny-Life\.venv\Lib\site-packages\pandas\tests\extension"
"C:\Users\Ghanam\OneDrive\projects\Greeny-Life\.venv\Lib\site-packages\pandas\tests\extension\test_numpy.py","test_numpy.py",".py","15893","7/25/2026 1:34:33 PM","C:\Users\Ghanam\OneDrive\projects\Greeny-Life\.venv\Lib\site-packages\pandas\tests\extension"
"C:\Users\Ghanam\OneDrive\projects\Greeny-Life\.venv\Lib\site-packages\pandas\tests\extension\base\io.py","io.py",".py","1474","7/25/2026 1:34:33 PM","C:\Users\Ghanam\OneDrive\projects\Greeny-Life\.venv\Lib\site-packages\pandas\tests\extension\base"
"C:\Users\Ghanam\OneDrive\projects\Greeny-Life\.venv\Lib\site-packages\pandas\tests\extension\json\test_json.py","test_json.py",".py","18221","7/25/2026 1:34:33 PM","C:\Users\Ghanam\OneDrive\projects\Greeny-Life\.venv\Lib\site-packages\pandas\tests\extension\json"
"C:\Users\Ghanam\OneDrive\projects\Greeny-Life\.venv\Lib\site-packages\pandas\tests\frame\test_query_eval.py","test_query_eval.py",".py","62027","7/25/2026 1:34:33 PM","C:\Users\Ghanam\OneDrive\projects\Greeny-Life\.venv\Lib\site-packages\pandas\tests\frame"
"C:\Users\Ghanam\OneDrive\projects\Greeny-Life\.venv\Lib\site-packages\pandas\tests\frame\test_stack_unstack.py","test_stack_unstack.py",".py","100501","7/25/2026 1:34:33 PM","C:\Users\Ghanam\OneDrive\projects\Greeny-Life\.venv\Lib\site-packages\pandas\tests\frame"
"C:\Users\Ghanam\OneDrive\projects\Greeny-Life\.venv\Lib\site-packages\pandas\tests\frame\methods\test_convert_dtypes.py","test_convert_dtypes.py",".py","9793","7/25/2026 1:34:33 PM","C:\Users\Ghanam\OneDrive\projects\Greeny-Life\.venv\Lib\site-packages\pandas\tests\frame\methods"
"C:\Users\Ghanam\OneDrive\projects\Greeny-Life\.venv\Lib\site-packages\pandas\tests\generic\test_finalize.py","test_finalize.py",".py","28550","7/25/2026 1:34:33 PM","C:\Users\Ghanam\OneDrive\projects\Greeny-Life\.venv\Lib\site-packages\pandas\tests\generic"
"C:\Users\Ghanam\OneDrive\projects\Greeny-Life\.venv\Lib\site-packages\pandas\tests\groupby\conftest.py","conftest.py",".py","3893","7/25/2026 1:34:33 PM","C:\Users\Ghanam\OneDrive\projects\Greeny-Life\.venv\Lib\site-packages\pandas\tests\groupby"
"C:\Users\Ghanam\OneDrive\projects\Greeny-Life\.venv\Lib\site-packages\pandas\tests\groupby\test_api.py","test_api.py",".py","8554","7/25/2026 1:34:33 PM","C:\Users\Ghanam\OneDrive\projects\Greeny-Life\.venv\Lib\site-packages\pandas\tests\groupby"
"C:\Users\Ghanam\OneDrive\projects\Greeny-Life\.venv\Lib\site-packages\pandas\tests\groupby\test_apply.py","test_apply.py",".py","46178","7/25/2026 1:34:33 PM","C:\Users\Ghanam\OneDrive\projects\Greeny-Life\.venv\Lib\site-packages\pandas\tests\groupby"
"C:\Users\Ghanam\OneDrive\projects\Greeny-Life\.venv\Lib\site-packages\pandas\tests\groupby\test_numba.py","test_numba.py",".py","3205","7/25/2026 1:34:34 PM","C:\Users\Ghanam\OneDrive\projects\Greeny-Life\.venv\Lib\site-packages\pandas\tests\groupby"
"C:\Users\Ghanam\OneDrive\projects\Greeny-Life\.venv\Lib\site-packages\pandas\tests\groupby\test_timegrouper.py","test_timegrouper.py",".py","35157","7/25/2026 1:34:34 PM","C:\Users\Ghanam\OneDrive\projects\Greeny-Life\.venv\Lib\site-packages\pandas\tests\groupby"
"C:\Users\Ghanam\OneDrive\projects\Greeny-Life\.venv\Lib\site-packages\pandas\tests\groupby\aggregate\test_numba.py","test_numba.py",".py","14930","7/25/2026 1:34:34 PM","C:\Users\Ghanam\OneDrive\projects\Greeny-Life\.venv\Lib\site-packages\pandas\tests\groupby\aggregate"
"C:\Users\Ghanam\OneDrive\projects\Greeny-Life\.venv\Lib\site-packages\pandas\tests\groupby\transform\test_numba.py","test_numba.py",".py","11454","7/25/2026 1:34:34 PM","C:\Users\Ghanam\OneDrive\projects\Greeny-Life\.venv\Lib\site-packages\pandas\tests\groupby\transform"
"C:\Users\Ghanam\OneDrive\projects\Greeny-Life\.venv\Lib\site-packages\pandas\tests\indexes\test_engines.py","test_engines.py",".py","6699","7/25/2026 1:34:34 PM","C:\Users\Ghanam\OneDrive\projects\Greeny-Life\.venv\Lib\site-packages\pandas\tests\indexes"
"C:\Users\Ghanam\OneDrive\projects\Greeny-Life\.venv\Lib\site-packages\pandas\tests\indexes\test_indexing.py","test_indexing.py",".py","11434","7/25/2026 1:34:34 PM","C:\Users\Ghanam\OneDrive\projects\Greeny-Life\.venv\Lib\site-packages\pandas\tests\indexes"
"C:\Users\Ghanam\OneDrive\projects\Greeny-Life\.venv\Lib\site-packages\pandas\tests\indexes\test_old_base.py","test_old_base.py",".py","36962","7/25/2026 1:34:34 PM","C:\Users\Ghanam\OneDrive\projects\Greeny-Life\.venv\Lib\site-packages\pandas\tests\indexes"
"C:\Users\Ghanam\OneDrive\projects\Greeny-Life\.venv\Lib\site-packages\pandas\tests\indexes\categorical\test_category.py","test_category.py",".py","15160","7/25/2026 1:34:34 PM","C:\Users\Ghanam\OneDrive\projects\Greeny-Life\.venv\Lib\site-packages\pandas\tests\indexes\categorical"
"C:\Users\Ghanam\OneDrive\projects\Greeny-Life\.venv\Lib\site-packages\pandas\tests\indexes\datetimelike_\test_is_monotonic.py","test_is_monotonic.py",".py","1522","7/25/2026 1:34:34 PM","C:\Users\Ghanam\OneDrive\projects\Greeny-Life\.venv\Lib\site-packages\pandas\tests\indexes\datetimelike_"
"C:\Users\Ghanam\OneDrive\projects\Greeny-Life\.venv\Lib\site-packages\pandas\tests\indexes\multi\test_get_level_values.py","test_get_level_values.py",".py","4308","7/25/2026 1:34:35 PM","C:\Users\Ghanam\OneDrive\projects\Greeny-Life\.venv\Lib\site-packages\pandas\tests\indexes\multi"
"C:\Users\Ghanam\OneDrive\projects\Greeny-Life\.venv\Lib\site-packages\pandas\tests\indexes\multi\test_indexing.py","test_indexing.py",".py","37656","7/25/2026 1:34:35 PM","C:\Users\Ghanam\OneDrive\projects\Greeny-Life\.venv\Lib\site-packages\pandas\tests\indexes\multi"
"C:\Users\Ghanam\OneDrive\projects\Greeny-Life\.venv\Lib\site-packages\pandas\tests\indexes\multi\test_integrity.py","test_integrity.py",".py","8997","7/25/2026 1:34:35 PM","C:\Users\Ghanam\OneDrive\projects\Greeny-Life\.venv\Lib\site-packages\pandas\tests\indexes\multi"
"C:\Users\Ghanam\OneDrive\projects\Greeny-Life\.venv\Lib\site-packages\pandas\tests\indexes\numeric\test_indexing.py","test_indexing.py",".py","23316","7/25/2026 1:34:35 PM","C:\Users\Ghanam\OneDrive\projects\Greeny-Life\.venv\Lib\site-packages\pandas\tests\indexes\numeric"
"C:\Users\Ghanam\OneDrive\projects\Greeny-Life\.venv\Lib\site-packages\pandas\tests\indexes\ranges\test_range.py","test_range.py",".py","29733","7/25/2026 1:34:35 PM","C:\Users\Ghanam\OneDrive\projects\Greeny-Life\.venv\Lib\site-packages\pandas\tests\indexes\ranges"
"C:\Users\Ghanam\OneDrive\projects\Greeny-Life\.venv\Lib\site-packages\pandas\tests\indexing\multiindex\test_chaining_and_caching.py","test_chaining_and_caching.py",".py","2757","7/25/2026 1:34:35 PM","C:\Users\Ghanam\OneDrive\projects\Greeny-Life\.venv\Lib\site-packages\pandas\tests\indexing\multiindex"
"C:\Users\Ghanam\OneDrive\projects\Greeny-Life\.venv\Lib\site-packages\pandas\tests\io\test_clipboard.py","test_clipboard.py",".py","12580","7/25/2026 1:34:35 PM","C:\Users\Ghanam\OneDrive\projects\Greeny-Life\.venv\Lib\site-packages\pandas\tests\io"
"C:\Users\Ghanam\OneDrive\projects\Greeny-Life\.venv\Lib\site-packages\pandas\tests\io\test_common.py","test_common.py",".py","25197","7/25/2026 1:34:35 PM","C:\Users\Ghanam\OneDrive\projects\Greeny-Life\.venv\Lib\site-packages\pandas\tests\io"
"C:\Users\Ghanam\OneDrive\projects\Greeny-Life\.venv\Lib\site-packages\pandas\tests\io\test_fsspec.py","test_fsspec.py",".py","10944","7/25/2026 1:34:35 PM","C:\Users\Ghanam\OneDrive\projects\Greeny-Life\.venv\Lib\site-packages\pandas\tests\io"
"C:\Users\Ghanam\OneDrive\projects\Greeny-Life\.venv\Lib\site-packages\pandas\tests\io\test_gcs.py","test_gcs.py",".py","7491","7/25/2026 1:34:35 PM","C:\Users\Ghanam\OneDrive\projects\Greeny-Life\.venv\Lib\site-packages\pandas\tests\io"
"C:\Users\Ghanam\OneDrive\projects\Greeny-Life\.venv\Lib\site-packages\pandas\tests\io\test_http_headers.py","test_http_headers.py",".py","4782","7/25/2026 1:34:35 PM","C:\Users\Ghanam\OneDrive\projects\Greeny-Life\.venv\Lib\site-packages\pandas\tests\io"
"C:\Users\Ghanam\OneDrive\projects\Greeny-Life\.venv\Lib\site-packages\pandas\tests\io\test_parquet.py","test_parquet.py",".py","52067","7/25/2026 1:34:35 PM","C:\Users\Ghanam\OneDrive\projects\Greeny-Life\.venv\Lib\site-packages\pandas\tests\io"
"C:\Users\Ghanam\OneDrive\projects\Greeny-Life\.venv\Lib\site-packages\pandas\tests\io\test_sql.py","test_sql.py",".py","146240","7/25/2026 1:34:35 PM","C:\Users\Ghanam\OneDrive\projects\Greeny-Life\.venv\Lib\site-packages\pandas\tests\io"
"C:\Users\Ghanam\OneDrive\projects\Greeny-Life\.venv\Lib\site-packages\pandas\tests\io\excel\test_odf.py","test_odf.py",".py","1884","7/25/2026 1:34:35 PM","C:\Users\Ghanam\OneDrive\projects\Greeny-Life\.venv\Lib\site-packages\pandas\tests\io\excel"
"C:\Users\Ghanam\OneDrive\projects\Greeny-Life\.venv\Lib\site-packages\pandas\tests\io\excel\test_odswriter.py","test_odswriter.py",".py","3075","7/25/2026 1:34:35 PM","C:\Users\Ghanam\OneDrive\projects\Greeny-Life\.venv\Lib\site-packages\pandas\tests\io\excel"
"C:\Users\Ghanam\OneDrive\projects\Greeny-Life\.venv\Lib\site-packages\pandas\tests\io\excel\test_openpyxl.py","test_openpyxl.py",".py","14688","7/25/2026 1:34:35 PM","C:\Users\Ghanam\OneDrive\projects\Greeny-Life\.venv\Lib\site-packages\pandas\tests\io\excel"
"C:\Users\Ghanam\OneDrive\projects\Greeny-Life\.venv\Lib\site-packages\pandas\tests\io\excel\test_readers.py","test_readers.py",".py","62945","7/25/2026 1:34:35 PM","C:\Users\Ghanam\OneDrive\projects\Greeny-Life\.venv\Lib\site-packages\pandas\tests\io\excel"
"C:\Users\Ghanam\OneDrive\projects\Greeny-Life\.venv\Lib\site-packages\pandas\tests\io\excel\test_style.py","test_style.py",".py","13614","7/25/2026 1:34:35 PM","C:\Users\Ghanam\OneDrive\projects\Greeny-Life\.venv\Lib\site-packages\pandas\tests\io\excel"
"C:\Users\Ghanam\OneDrive\projects\Greeny-Life\.venv\Lib\site-packages\pandas\tests\io\excel\test_writers.py","test_writers.py",".py","63699","7/25/2026 1:34:35 PM","C:\Users\Ghanam\OneDrive\projects\Greeny-Life\.venv\Lib\site-packages\pandas\tests\io\excel"
"C:\Users\Ghanam\OneDrive\projects\Greeny-Life\.venv\Lib\site-packages\pandas\tests\io\excel\test_xlrd.py","test_xlrd.py",".py","1832","7/25/2026 1:34:35 PM","C:\Users\Ghanam\OneDrive\projects\Greeny-Life\.venv\Lib\site-packages\pandas\tests\io\excel"
"C:\Users\Ghanam\OneDrive\projects\Greeny-Life\.venv\Lib\site-packages\pandas\tests\io\excel\test_xlsxwriter.py","test_xlsxwriter.py",".py","2559","7/25/2026 1:34:35 PM","C:\Users\Ghanam\OneDrive\projects\Greeny-Life\.venv\Lib\site-packages\pandas\tests\io\excel"
"C:\Users\Ghanam\OneDrive\projects\Greeny-Life\.venv\Lib\site-packages\pandas\tests\io\json\test_pandas.py","test_pandas.py",".py","86522","7/25/2026 1:34:35 PM","C:\Users\Ghanam\OneDrive\projects\Greeny-Life\.venv\Lib\site-packages\pandas\tests\io\json"
"C:\Users\Ghanam\OneDrive\projects\Greeny-Life\.venv\Lib\site-packages\pandas\tests\io\json\test_readlines.py","test_readlines.py",".py","18639","7/25/2026 1:34:35 PM","C:\Users\Ghanam\OneDrive\projects\Greeny-Life\.venv\Lib\site-packages\pandas\tests\io\json"
"C:\Users\Ghanam\OneDrive\projects\Greeny-Life\.venv\Lib\site-packages\pandas\tests\io\parser\conftest.py","conftest.py",".py","9144","7/25/2026 1:34:35 PM","C:\Users\Ghanam\OneDrive\projects\Greeny-Life\.venv\Lib\site-packages\pandas\tests\io\parser"
"C:\Users\Ghanam\OneDrive\projects\Greeny-Life\.venv\Lib\site-packages\pandas\tests\io\parser\test_comment.py","test_comment.py",".py","7061","7/25/2026 1:34:35 PM","C:\Users\Ghanam\OneDrive\projects\Greeny-Life\.venv\Lib\site-packages\pandas\tests\io\parser"
"C:\Users\Ghanam\OneDrive\projects\Greeny-Life\.venv\Lib\site-packages\pandas\tests\io\parser\test_converters.py","test_converters.py",".py","7445","7/25/2026 1:34:35 PM","C:\Users\Ghanam\OneDrive\projects\Greeny-Life\.venv\Lib\site-packages\pandas\tests\io\parser"
"C:\Users\Ghanam\OneDrive\projects\Greeny-Life\.venv\Lib\site-packages\pandas\tests\io\parser\test_c_parser_only.py","test_c_parser_only.py",".py","20515","7/25/2026 1:34:35 PM","C:\Users\Ghanam\OneDrive\projects\Greeny-Life\.venv\Lib\site-packages\pandas\tests\io\parser"
"C:\Users\Ghanam\OneDrive\projects\Greeny-Life\.venv\Lib\site-packages\pandas\tests\io\parser\test_dialect.py","test_dialect.py",".py","5844","7/25/2026 1:34:35 PM","C:\Users\Ghanam\OneDrive\projects\Greeny-Life\.venv\Lib\site-packages\pandas\tests\io\parser"
"C:\Users\Ghanam\OneDrive\projects\Greeny-Life\.venv\Lib\site-packages\pandas\tests\io\parser\test_encoding.py","test_encoding.py",".py","10457","7/25/2026 1:34:35 PM","C:\Users\Ghanam\OneDrive\projects\Greeny-Life\.venv\Lib\site-packages\pandas\tests\io\parser"
"C:\Users\Ghanam\OneDrive\projects\Greeny-Life\.venv\Lib\site-packages\pandas\tests\io\parser\test_header.py","test_header.py",".py","20797","7/25/2026 1:34:35 PM","C:\Users\Ghanam\OneDrive\projects\Greeny-Life\.venv\Lib\site-packages\pandas\tests\io\parser"
"C:\Users\Ghanam\OneDrive\projects\Greeny-Life\.venv\Lib\site-packages\pandas\tests\io\parser\test_index_col.py","test_index_col.py",".py","11461","7/25/2026 1:34:35 PM","C:\Users\Ghanam\OneDrive\projects\Greeny-Life\.venv\Lib\site-packages\pandas\tests\io\parser"
"C:\Users\Ghanam\OneDrive\projects\Greeny-Life\.venv\Lib\site-packages\pandas\tests\io\parser\test_mangle_dupes.py","test_mangle_dupes.py",".py","5443","7/25/2026 1:34:35 PM","C:\Users\Ghanam\OneDrive\projects\Greeny-Life\.venv\Lib\site-packages\pandas\tests\io\parser"
"C:\Users\Ghanam\OneDrive\projects\Greeny-Life\.venv\Lib\site-packages\pandas\tests\io\parser\test_multi_thread.py","test_multi_thread.py",".py","4346","7/25/2026 1:34:35 PM","C:\Users\Ghanam\OneDrive\projects\Greeny-Life\.venv\Lib\site-packages\pandas\tests\io\parser"
"C:\Users\Ghanam\OneDrive\projects\Greeny-Life\.venv\Lib\site-packages\pandas\tests\io\parser\test_na_values.py","test_na_values.py",".py","24211","7/25/2026 1:34:35 PM","C:\Users\Ghanam\OneDrive\projects\Greeny-Life\.venv\Lib\site-packages\pandas\tests\io\parser"
"C:\Users\Ghanam\OneDrive\projects\Greeny-Life\.venv\Lib\site-packages\pandas\tests\io\parser\test_network.py","test_network.py",".py","8150","7/25/2026 1:34:35 PM","C:\Users\Ghanam\OneDrive\projects\Greeny-Life\.venv\Lib\site-packages\pandas\tests\io\parser"
"C:\Users\Ghanam\OneDrive\projects\Greeny-Life\.venv\Lib\site-packages\pandas\tests\io\parser\test_parse_dates.py","test_parse_dates.py",".py","25455","7/25/2026 1:34:35 PM","C:\Users\Ghanam\OneDrive\projects\Greeny-Life\.venv\Lib\site-packages\pandas\tests\io\parser"
"C:\Users\Ghanam\OneDrive\projects\Greeny-Life\.venv\Lib\site-packages\pandas\tests\io\parser\test_python_parser_only.py","test_python_parser_only.py",".py","17794","7/25/2026 1:34:35 PM","C:\Users\Ghanam\OneDrive\projects\Greeny-Life\.venv\Lib\site-packages\pandas\tests\io\parser"
"C:\Users\Ghanam\OneDrive\projects\Greeny-Life\.venv\Lib\site-packages\pandas\tests\io\parser\test_quoting.py","test_quoting.py",".py","6488","7/25/2026 1:34:35 PM","C:\Users\Ghanam\OneDrive\projects\Greeny-Life\.venv\Lib\site-packages\pandas\tests\io\parser"
"C:\Users\Ghanam\OneDrive\projects\Greeny-Life\.venv\Lib\site-packages\pandas\tests\io\parser\test_read_fwf.py","test_read_fwf.py",".py","28959","7/25/2026 1:34:35 PM","C:\Users\Ghanam\OneDrive\projects\Greeny-Life\.venv\Lib\site-packages\pandas\tests\io\parser"
"C:\Users\Ghanam\OneDrive\projects\Greeny-Life\.venv\Lib\site-packages\pandas\tests\io\parser\test_skiprows.py","test_skiprows.py",".py","9321","7/25/2026 1:34:35 PM","C:\Users\Ghanam\OneDrive\projects\Greeny-Life\.venv\Lib\site-packages\pandas\tests\io\parser"
"C:\Users\Ghanam\OneDrive\projects\Greeny-Life\.venv\Lib\site-packages\pandas\tests\io\parser\test_textreader.py","test_textreader.py",".py","12091","7/25/2026 1:34:35 PM","C:\Users\Ghanam\OneDrive\projects\Greeny-Life\.venv\Lib\site-packages\pandas\tests\io\parser"
"C:\Users\Ghanam\OneDrive\projects\Greeny-Life\.venv\Lib\site-packages\pandas\tests\io\parser\test_unsupported.py","test_unsupported.py",".py","6985","7/25/2026 1:34:35 PM","C:\Users\Ghanam\OneDrive\projects\Greeny-Life\.venv\Lib\site-packages\pandas\tests\io\parser"
"C:\Users\Ghanam\OneDrive\projects\Greeny-Life\.venv\Lib\site-packages\pandas\tests\io\parser\common\test_chunksize.py","test_chunksize.py",".py","10730","7/25/2026 1:34:35 PM","C:\Users\Ghanam\OneDrive\projects\Greeny-Life\.venv\Lib\site-packages\pandas\tests\io\parser\common"
"C:\Users\Ghanam\OneDrive\projects\Greeny-Life\.venv\Lib\site-packages\pandas\tests\io\parser\common\test_common_basic.py","test_common_basic.py",".py","26623","7/25/2026 1:34:35 PM","C:\Users\Ghanam\OneDrive\projects\Greeny-Life\.venv\Lib\site-packages\pandas\tests\io\parser\common"
"C:\Users\Ghanam\OneDrive\projects\Greeny-Life\.venv\Lib\site-packages\pandas\tests\io\parser\common\test_data_list.py","test_data_list.py",".py","2229","7/25/2026 1:34:35 PM","C:\Users\Ghanam\OneDrive\projects\Greeny-Life\.venv\Lib\site-packages\pandas\tests\io\parser\common"
"C:\Users\Ghanam\OneDrive\projects\Greeny-Life\.venv\Lib\site-packages\pandas\tests\io\parser\common\test_decimal.py","test_decimal.py",".py","1933","7/25/2026 1:34:35 PM","C:\Users\Ghanam\OneDrive\projects\Greeny-Life\.venv\Lib\site-packages\pandas\tests\io\parser\common"
"C:\Users\Ghanam\OneDrive\projects\Greeny-Life\.venv\Lib\site-packages\pandas\tests\io\parser\common\test_file_buffer_url.py","test_file_buffer_url.py",".py","13643","7/25/2026 1:34:35 PM","C:\Users\Ghanam\OneDrive\projects\Greeny-Life\.venv\Lib\site-packages\pandas\tests\io\parser\common"
"C:\Users\Ghanam\OneDrive\projects\Greeny-Life\.venv\Lib\site-packages\pandas\tests\io\parser\common\test_float.py","test_float.py",".py","3414","7/25/2026 1:34:35 PM","C:\Users\Ghanam\OneDrive\projects\Greeny-Life\.venv\Lib\site-packages\pandas\tests\io\parser\common"
"C:\Users\Ghanam\OneDrive\projects\Greeny-Life\.venv\Lib\site-packages\pandas\tests\io\parser\common\test_index.py","test_index.py",".py","8301","7/25/2026 1:34:35 PM","C:\Users\Ghanam\OneDrive\projects\Greeny-Life\.venv\Lib\site-packages\pandas\tests\io\parser\common"
"C:\Users\Ghanam\OneDrive\projects\Greeny-Life\.venv\Lib\site-packages\pandas\tests\io\parser\common\test_inf.py","test_inf.py",".py","1462","7/25/2026 1:34:35 PM","C:\Users\Ghanam\OneDrive\projects\Greeny-Life\.venv\Lib\site-packages\pandas\tests\io\parser\common"
"C:\Users\Ghanam\OneDrive\projects\Greeny-Life\.venv\Lib\site-packages\pandas\tests\io\parser\common\test_ints.py","test_ints.py",".py","7504","7/25/2026 1:34:35 PM","C:\Users\Ghanam\OneDrive\projects\Greeny-Life\.venv\Lib\site-packages\pandas\tests\io\parser\common"
"C:\Users\Ghanam\OneDrive\projects\Greeny-Life\.venv\Lib\site-packages\pandas\tests\io\parser\common\test_iterator.py","test_iterator.py",".py","4339","7/25/2026 1:34:35 PM","C:\Users\Ghanam\OneDrive\projects\Greeny-Life\.venv\Lib\site-packages\pandas\tests\io\parser\common"
"C:\Users\Ghanam\OneDrive\projects\Greeny-Life\.venv\Lib\site-packages\pandas\tests\io\parser\common\test_read_errors.py","test_read_errors.py",".py","9216","7/25/2026 1:34:35 PM","C:\Users\Ghanam\OneDrive\projects\Greeny-Life\.venv\Lib\site-packages\pandas\tests\io\parser\common"
"C:\Users\Ghanam\OneDrive\projects\Greeny-Life\.venv\Lib\site-packages\pandas\tests\io\parser\dtypes\test_categorical.py","test_categorical.py",".py","10053","7/25/2026 1:34:35 PM","C:\Users\Ghanam\OneDrive\projects\Greeny-Life\.venv\Lib\site-packages\pandas\tests\io\parser\dtypes"
"C:\Users\Ghanam\OneDrive\projects\Greeny-Life\.venv\Lib\site-packages\pandas\tests\io\parser\dtypes\test_dtypes_basic.py","test_dtypes_basic.py",".py","18580","7/25/2026 1:34:35 PM","C:\Users\Ghanam\OneDrive\projects\Greeny-Life\.venv\Lib\site-packages\pandas\tests\io\parser\dtypes"
"C:\Users\Ghanam\OneDrive\projects\Greeny-Life\.venv\Lib\site-packages\pandas\tests\io\parser\usecols\test_parse_dates.py","test_parse_dates.py",".py","2103","7/25/2026 1:34:35 PM","C:\Users\Ghanam\OneDrive\projects\Greeny-Life\.venv\Lib\site-packages\pandas\tests\io\parser\usecols"
"C:\Users\Ghanam\OneDrive\projects\Greeny-Life\.venv\Lib\site-packages\pandas\tests\io\parser\usecols\test_usecols_basic.py","test_usecols_basic.py",".py","17033","7/25/2026 1:34:35 PM","C:\Users\Ghanam\OneDrive\projects\Greeny-Life\.venv\Lib\site-packages\pandas\tests\io\parser\usecols"
"C:\Users\Ghanam\OneDrive\projects\Greeny-Life\.venv\Lib\site-packages\pandas\tests\series\indexing\test_datetime.py","test_datetime.py",".py","14447","7/25/2026 1:34:35 PM","C:\Users\Ghanam\OneDrive\projects\Greeny-Life\.venv\Lib\site-packages\pandas\tests\series\indexing"
"C:\Users\Ghanam\OneDrive\projects\Greeny-Life\.venv\Lib\site-packages\pandas\tests\series\indexing\test_getitem.py","test_getitem.py",".py","23328","7/25/2026 1:34:35 PM","C:\Users\Ghanam\OneDrive\projects\Greeny-Life\.venv\Lib\site-packages\pandas\tests\series\indexing"
"C:\Users\Ghanam\OneDrive\projects\Greeny-Life\.venv\Lib\site-packages\pandas\tests\series\methods\test_map.py","test_map.py",".py","20816","7/25/2026 1:34:35 PM","C:\Users\Ghanam\OneDrive\projects\Greeny-Life\.venv\Lib\site-packages\pandas\tests\series\methods"
"C:\Users\Ghanam\OneDrive\projects\Greeny-Life\.venv\Lib\site-packages\pandas\tests\window\conftest.py","conftest.py",".py","2595","7/25/2026 1:34:36 PM","C:\Users\Ghanam\OneDrive\projects\Greeny-Life\.venv\Lib\site-packages\pandas\tests\window"
"C:\Users\Ghanam\OneDrive\projects\Greeny-Life\.venv\Lib\site-packages\pandas\tests\window\test_apply.py","test_apply.py",".py","9521","7/25/2026 1:34:36 PM","C:\Users\Ghanam\OneDrive\projects\Greeny-Life\.venv\Lib\site-packages\pandas\tests\window"
"C:\Users\Ghanam\OneDrive\projects\Greeny-Life\.venv\Lib\site-packages\pandas\tests\window\test_expanding.py","test_expanding.py",".py","26803","7/25/2026 1:34:36 PM","C:\Users\Ghanam\OneDrive\projects\Greeny-Life\.venv\Lib\site-packages\pandas\tests\window"
"C:\Users\Ghanam\OneDrive\projects\Greeny-Life\.venv\Lib\site-packages\pandas\tests\window\test_numba.py","test_numba.py",".py","22246","7/25/2026 1:34:36 PM","C:\Users\Ghanam\OneDrive\projects\Greeny-Life\.venv\Lib\site-packages\pandas\tests\window"
"C:\Users\Ghanam\OneDrive\projects\Greeny-Life\.venv\Lib\site-packages\pandas\tests\window\test_online.py","test_online.py",".py","3644","7/25/2026 1:34:36 PM","C:\Users\Ghanam\OneDrive\projects\Greeny-Life\.venv\Lib\site-packages\pandas\tests\window"
"C:\Users\Ghanam\OneDrive\projects\Greeny-Life\.venv\Lib\site-packages\pandas\util\_print_versions.py","_print_versions.py",".py","4824","7/25/2026 1:34:36 PM","C:\Users\Ghanam\OneDrive\projects\Greeny-Life\.venv\Lib\site-packages\pandas\util"
"C:\Users\Ghanam\OneDrive\projects\Greeny-Life\.venv\Lib\site-packages\pandas\_libs\index.cp314-win_amd64.pyd","index.cp314-win_amd64.pyd",".pyd","535552","7/25/2026 1:34:36 PM","C:\Users\Ghanam\OneDrive\projects\Greeny-Life\.venv\Lib\site-packages\pandas\_libs"
"C:\Users\Ghanam\OneDrive\projects\Greeny-Life\.venv\Lib\site-packages\pandas\_libs\index.pyi","index.pyi",".pyi","3842","7/25/2026 1:34:36 PM","C:\Users\Ghanam\OneDrive\projects\Greeny-Life\.venv\Lib\site-packages\pandas\_libs"
"C:\Users\Ghanam\OneDrive\projects\Greeny-Life\.venv\Lib\site-packages\pandas\_libs\interval.cp314-win_amd64.pyd","interval.cp314-win_amd64.pyd",".pyd","768512","7/25/2026 1:34:36 PM","C:\Users\Ghanam\OneDrive\projects\Greeny-Life\.venv\Lib\site-packages\pandas\_libs"
"C:\Users\Ghanam\OneDrive\projects\Greeny-Life\.venv\Lib\site-packages\pandas\_libs\pandas_parser.cp314-win_amd64.pyd","pandas_parser.cp314-win_amd64.pyd",".pyd","30208","7/25/2026 1:34:36 PM","C:\Users\Ghanam\OneDrive\projects\Greeny-Life\.venv\Lib\site-packages\pandas\_libs"
"C:\Users\Ghanam\OneDrive\projects\Greeny-Life\.venv\Lib\site-packages\pandas-3.0.5.dist-info\METADATA","METADATA","","19728","7/25/2026 1:34:36 PM","C:\Users\Ghanam\OneDrive\projects\Greeny-Life\.venv\Lib\site-packages\pandas-3.0.5.dist-info"
"C:\Users\Ghanam\OneDrive\projects\Greeny-Life\.venv\Lib\site-packages\pandas-3.0.5.dist-info\RECORD","RECORD","","249416","7/25/2026 1:34:58 PM","C:\Users\Ghanam\OneDrive\projects\Greeny-Life\.venv\Lib\site-packages\pandas-3.0.5.dist-info"
"C:\Users\Ghanam\OneDrive\projects\Greeny-Life\.venv\Lib\site-packages\PIL\Image.py","Image.py",".py","158171","7/25/2026 1:31:41 PM","C:\Users\Ghanam\OneDrive\projects\Greeny-Life\.venv\Lib\site-packages\PIL"
"C:\Users\Ghanam\OneDrive\projects\Greeny-Life\.venv\Lib\site-packages\PIL\ImageColor.py","ImageColor.py",".py","9761","7/25/2026 1:31:41 PM","C:\Users\Ghanam\OneDrive\projects\Greeny-Life\.venv\Lib\site-packages\PIL"
"C:\Users\Ghanam\OneDrive\projects\Greeny-Life\.venv\Lib\site-packages\PIL\ImageFont.py","ImageFont.py",".py","65080","7/25/2026 1:31:41 PM","C:\Users\Ghanam\OneDrive\projects\Greeny-Life\.venv\Lib\site-packages\PIL"
"C:\Users\Ghanam\OneDrive\projects\Greeny-Life\.venv\Lib\site-packages\PIL\ImageMorph.py","ImageMorph.py",".py","10673","7/25/2026 1:31:41 PM","C:\Users\Ghanam\OneDrive\projects\Greeny-Life\.venv\Lib\site-packages\PIL"
"C:\Users\Ghanam\OneDrive\projects\Greeny-Life\.venv\Lib\site-packages\PIL\_imagingft.pyi","_imagingft.pyi",".pyi","1903","7/25/2026 1:31:42 PM","C:\Users\Ghanam\OneDrive\projects\Greeny-Life\.venv\Lib\site-packages\PIL"
"C:\Users\Ghanam\OneDrive\projects\Greeny-Life\.venv\Lib\site-packages\pillow-12.3.0.dist-info\METADATA","METADATA","","9273","7/25/2026 1:31:42 PM","C:\Users\Ghanam\OneDrive\projects\Greeny-Life\.venv\Lib\site-packages\pillow-12.3.0.dist-info"
"C:\Users\Ghanam\OneDrive\projects\Greeny-Life\.venv\Lib\site-packages\pillow-12.3.0.dist-info\licenses\LICENSE","LICENSE","","78016","7/25/2026 1:31:42 PM","C:\Users\Ghanam\OneDrive\projects\Greeny-Life\.venv\Lib\site-packages\pillow-12.3.0.dist-info\licenses"
"C:\Users\Ghanam\OneDrive\projects\Greeny-Life\.venv\Lib\site-packages\pip\_internal\build_env.py","build_env.py",".py","21911","7/24/2026 7:49:52 PM","C:\Users\Ghanam\OneDrive\projects\Greeny-Life\.venv\Lib\site-packages\pip\_internal"
"C:\Users\Ghanam\OneDrive\projects\Greeny-Life\.venv\Lib\site-packages\pip\_internal\exceptions.py","exceptions.py",".py","32166","7/24/2026 7:49:52 PM","C:\Users\Ghanam\OneDrive\projects\Greeny-Life\.venv\Lib\site-packages\pip\_internal"
"C:\Users\Ghanam\OneDrive\projects\Greeny-Life\.venv\Lib\site-packages\pip\_internal\wheel_builder.py","wheel_builder.py",".py","9010","7/24/2026 7:49:52 PM","C:\Users\Ghanam\OneDrive\projects\Greeny-Life\.venv\Lib\site-packages\pip\_internal"
"C:\Users\Ghanam\OneDrive\projects\Greeny-Life\.venv\Lib\site-packages\pip\_internal\commands\debug.py","debug.py",".py","6543","7/24/2026 7:49:52 PM","C:\Users\Ghanam\OneDrive\projects\Greeny-Life\.venv\Lib\site-packages\pip\_internal\commands"
"C:\Users\Ghanam\OneDrive\projects\Greeny-Life\.venv\Lib\site-packages\pip\_internal\commands\install.py","install.py",".py","33733","7/24/2026 7:49:52 PM","C:\Users\Ghanam\OneDrive\projects\Greeny-Life\.venv\Lib\site-packages\pip\_internal\commands"
"C:\Users\Ghanam\OneDrive\projects\Greeny-Life\.venv\Lib\site-packages\pip\_internal\commands\wheel.py","wheel.py",".py","5880","7/24/2026 7:49:52 PM","C:\Users\Ghanam\OneDrive\projects\Greeny-Life\.venv\Lib\site-packages\pip\_internal\commands"
"C:\Users\Ghanam\OneDrive\projects\Greeny-Life\.venv\Lib\site-packages\pip\_internal\network\session.py","session.py",".py","19856","7/24/2026 7:49:52 PM","C:\Users\Ghanam\OneDrive\projects\Greeny-Life\.venv\Lib\site-packages\pip\_internal\network"
"C:\Users\Ghanam\OneDrive\projects\Greeny-Life\.venv\Lib\site-packages\pip\_internal\utils\logging.py","logging.py",".py","13414","7/24/2026 7:49:52 PM","C:\Users\Ghanam\OneDrive\projects\Greeny-Life\.venv\Lib\site-packages\pip\_internal\utils"
"C:\Users\Ghanam\OneDrive\projects\Greeny-Life\.venv\Lib\site-packages\pip\_internal\utils\subprocess.py","subprocess.py",".py","8983","7/24/2026 7:49:52 PM","C:\Users\Ghanam\OneDrive\projects\Greeny-Life\.venv\Lib\site-packages\pip\_internal\utils"
"C:\Users\Ghanam\OneDrive\projects\Greeny-Life\.venv\Lib\site-packages\pip\_vendor\distlib\scripts.py","scripts.py",".py","18612","7/24/2026 7:49:52 PM","C:\Users\Ghanam\OneDrive\projects\Greeny-Life\.venv\Lib\site-packages\pip\_vendor\distlib"
"C:\Users\Ghanam\OneDrive\projects\Greeny-Life\.venv\Lib\site-packages\pip\_vendor\distlib\util.py","util.py",".py","66682","7/24/2026 7:49:52 PM","C:\Users\Ghanam\OneDrive\projects\Greeny-Life\.venv\Lib\site-packages\pip\_vendor\distlib"
"C:\Users\Ghanam\OneDrive\projects\Greeny-Life\.venv\Lib\site-packages\pip\_vendor\msgpack\fallback.py","fallback.py",".py","32390","7/24/2026 7:49:52 PM","C:\Users\Ghanam\OneDrive\projects\Greeny-Life\.venv\Lib\site-packages\pip\_vendor\msgpack"
"C:\Users\Ghanam\OneDrive\projects\Greeny-Life\.venv\Lib\site-packages\pip\_vendor\packaging\_elffile.py","_elffile.py",".py","3211","7/24/2026 7:49:52 PM","C:\Users\Ghanam\OneDrive\projects\Greeny-Life\.venv\Lib\site-packages\pip\_vendor\packaging"
"C:\Users\Ghanam\OneDrive\projects\Greeny-Life\.venv\Lib\site-packages\pip\_vendor\pkg_resources\__init__.py","__init__.py",".py","124451","7/24/2026 7:49:52 PM","C:\Users\Ghanam\OneDrive\projects\Greeny-Life\.venv\Lib\site-packages\pip\_vendor\pkg_resources"
"C:\Users\Ghanam\OneDrive\projects\Greeny-Life\.venv\Lib\site-packages\pip\_vendor\pygments\console.py","console.py",".py","1718","7/24/2026 7:49:52 PM","C:\Users\Ghanam\OneDrive\projects\Greeny-Life\.venv\Lib\site-packages\pip\_vendor\pygments"
"C:\Users\Ghanam\OneDrive\projects\Greeny-Life\.venv\Lib\site-packages\pip\_vendor\pygments\style.py","style.py",".py","6420","7/24/2026 7:49:52 PM","C:\Users\Ghanam\OneDrive\projects\Greeny-Life\.venv\Lib\site-packages\pip\_vendor\pygments"
"C:\Users\Ghanam\OneDrive\projects\Greeny-Life\.venv\Lib\site-packages\pip\_vendor\pygments\lexers\_mapping.py","_mapping.py",".py","77602","7/24/2026 7:49:52 PM","C:\Users\Ghanam\OneDrive\projects\Greeny-Life\.venv\Lib\site-packages\pip\_vendor\pygments\lexers"
"C:\Users\Ghanam\OneDrive\projects\Greeny-Life\.venv\Lib\site-packages\pip\_vendor\requests\utils.py","utils.py",".py","32978","7/24/2026 7:49:52 PM","C:\Users\Ghanam\OneDrive\projects\Greeny-Life\.venv\Lib\site-packages\pip\_vendor\requests"
"C:\Users\Ghanam\OneDrive\projects\Greeny-Life\.venv\Lib\site-packages\pip\_vendor\rich\box.py","box.py",".py","10686","7/24/2026 7:49:52 PM","C:\Users\Ghanam\OneDrive\projects\Greeny-Life\.venv\Lib\site-packages\pip\_vendor\rich"
"C:\Users\Ghanam\OneDrive\projects\Greeny-Life\.venv\Lib\site-packages\pip\_vendor\rich\color.py","color.py",".py","18211","7/24/2026 7:49:52 PM","C:\Users\Ghanam\OneDrive\projects\Greeny-Life\.venv\Lib\site-packages\pip\_vendor\rich"
"C:\Users\Ghanam\OneDrive\projects\Greeny-Life\.venv\Lib\site-packages\pip\_vendor\rich\console.py","console.py",".py","100849","7/24/2026 7:49:52 PM","C:\Users\Ghanam\OneDrive\projects\Greeny-Life\.venv\Lib\site-packages\pip\_vendor\rich"
"C:\Users\Ghanam\OneDrive\projects\Greeny-Life\.venv\Lib\site-packages\pip\_vendor\rich\default_styles.py","default_styles.py",".py","8257","7/24/2026 7:49:52 PM","C:\Users\Ghanam\OneDrive\projects\Greeny-Life\.venv\Lib\site-packages\pip\_vendor\rich"
"C:\Users\Ghanam\OneDrive\projects\Greeny-Life\.venv\Lib\site-packages\pip\_vendor\rich\live.py","live.py",".py","15180","7/24/2026 7:49:52 PM","C:\Users\Ghanam\OneDrive\projects\Greeny-Life\.venv\Lib\site-packages\pip\_vendor\rich"
"C:\Users\Ghanam\OneDrive\projects\Greeny-Life\.venv\Lib\site-packages\pip\_vendor\rich\markup.py","markup.py",".py","8451","7/24/2026 7:49:52 PM","C:\Users\Ghanam\OneDrive\projects\Greeny-Life\.venv\Lib\site-packages\pip\_vendor\rich"
"C:\Users\Ghanam\OneDrive\projects\Greeny-Life\.venv\Lib\site-packages\pip\_vendor\rich\progress.py","progress.py",".py","60408","7/24/2026 7:49:52 PM","C:\Users\Ghanam\OneDrive\projects\Greeny-Life\.venv\Lib\site-packages\pip\_vendor\rich"
"C:\Users\Ghanam\OneDrive\projects\Greeny-Life\.venv\Lib\site-packages\pip\_vendor\rich\segment.py","segment.py",".py","24743","7/24/2026 7:49:52 PM","C:\Users\Ghanam\OneDrive\projects\Greeny-Life\.venv\Lib\site-packages\pip\_vendor\rich"
"C:\Users\Ghanam\OneDrive\projects\Greeny-Life\.venv\Lib\site-packages\pip\_vendor\rich\status.py","status.py",".py","4424","7/24/2026 7:49:52 PM","C:\Users\Ghanam\OneDrive\projects\Greeny-Life\.venv\Lib\site-packages\pip\_vendor\rich"
"C:\Users\Ghanam\OneDrive\projects\Greeny-Life\.venv\Lib\site-packages\pip\_vendor\rich\syntax.py","syntax.py",".py","36371","7/24/2026 7:49:52 PM","C:\Users\Ghanam\OneDrive\projects\Greeny-Life\.venv\Lib\site-packages\pip\_vendor\rich"
"C:\Users\Ghanam\OneDrive\projects\Greeny-Life\.venv\Lib\site-packages\pip\_vendor\rich\table.py","table.py",".py","40049","7/24/2026 7:49:52 PM","C:\Users\Ghanam\OneDrive\projects\Greeny-Life\.venv\Lib\site-packages\pip\_vendor\rich"
"C:\Users\Ghanam\OneDrive\projects\Greeny-Life\.venv\Lib\site-packages\pip\_vendor\rich\text.py","text.py",".py","47552","7/24/2026 7:49:52 PM","C:\Users\Ghanam\OneDrive\projects\Greeny-Life\.venv\Lib\site-packages\pip\_vendor\rich"
"C:\Users\Ghanam\OneDrive\projects\Greeny-Life\.venv\Lib\site-packages\pip\_vendor\rich\tree.py","tree.py",".py","9451","7/24/2026 7:49:52 PM","C:\Users\Ghanam\OneDrive\projects\Greeny-Life\.venv\Lib\site-packages\pip\_vendor\rich"
"C:\Users\Ghanam\OneDrive\projects\Greeny-Life\.venv\Lib\site-packages\pip\_vendor\rich\_emoji_codes.py","_emoji_codes.py",".py","140235","7/24/2026 7:49:52 PM","C:\Users\Ghanam\OneDrive\projects\Greeny-Life\.venv\Lib\site-packages\pip\_vendor\rich"
"C:\Users\Ghanam\OneDrive\projects\Greeny-Life\.venv\Lib\site-packages\pip\_vendor\rich\_inspect.py","_inspect.py",".py","9656","7/24/2026 7:49:52 PM","C:\Users\Ghanam\OneDrive\projects\Greeny-Life\.venv\Lib\site-packages\pip\_vendor\rich"
"C:\Users\Ghanam\OneDrive\projects\Greeny-Life\.venv\Lib\site-packages\pip\_vendor\rich\_win32_console.py","_win32_console.py",".py","22755","7/24/2026 7:49:52 PM","C:\Users\Ghanam\OneDrive\projects\Greeny-Life\.venv\Lib\site-packages\pip\_vendor\rich"
"C:\Users\Ghanam\OneDrive\projects\Greeny-Life\.venv\Lib\site-packages\pip\_vendor\rich\__main__.py","__main__.py",".py","7896","7/24/2026 7:49:52 PM","C:\Users\Ghanam\OneDrive\projects\Greeny-Life\.venv\Lib\site-packages\pip\_vendor\rich"
"C:\Users\Ghanam\OneDrive\projects\Greeny-Life\.venv\Lib\site-packages\pip\_vendor\truststore\_windows.py","_windows.py",".py","17993","7/24/2026 7:49:52 PM","C:\Users\Ghanam\OneDrive\projects\Greeny-Life\.venv\Lib\site-packages\pip\_vendor\truststore"
"C:\Users\Ghanam\OneDrive\projects\Greeny-Life\.venv\Lib\site-packages\pip\_vendor\urllib3\connection.py","connection.py",".py","42800","7/24/2026 7:49:52 PM","C:\Users\Ghanam\OneDrive\projects\Greeny-Life\.venv\Lib\site-packages\pip\_vendor\urllib3"
"C:\Users\Ghanam\OneDrive\projects\Greeny-Life\.venv\Lib\site-packages\pip\_vendor\urllib3\connectionpool.py","connectionpool.py",".py","43371","7/24/2026 7:49:52 PM","C:\Users\Ghanam\OneDrive\projects\Greeny-Life\.venv\Lib\site-packages\pip\_vendor\urllib3"
"C:\Users\Ghanam\OneDrive\projects\Greeny-Life\.venv\Lib\site-packages\pip\_vendor\urllib3\_request_methods.py","_request_methods.py",".py","9931","7/24/2026 7:49:52 PM","C:\Users\Ghanam\OneDrive\projects\Greeny-Life\.venv\Lib\site-packages\pip\_vendor\urllib3"
"C:\Users\Ghanam\OneDrive\projects\Greeny-Life\.venv\Lib\site-packages\pip\_vendor\urllib3\__init__.py","__init__.py",".py","6979","7/24/2026 7:49:52 PM","C:\Users\Ghanam\OneDrive\projects\Greeny-Life\.venv\Lib\site-packages\pip\_vendor\urllib3"
"C:\Users\Ghanam\OneDrive\projects\Greeny-Life\.venv\Lib\site-packages\pip\_vendor\urllib3\contrib\emscripten\fetch.py","fetch.py",".py","23520","7/24/2026 7:49:52 PM","C:\Users\Ghanam\OneDrive\projects\Greeny-Life\.venv\Lib\site-packages\pip\_vendor\urllib3\contrib\emscripten"
"C:\Users\Ghanam\OneDrive\projects\Greeny-Life\.venv\Lib\site-packages\pip\_vendor\urllib3\http2\connection.py","connection.py",".py","12578","7/24/2026 7:49:52 PM","C:\Users\Ghanam\OneDrive\projects\Greeny-Life\.venv\Lib\site-packages\pip\_vendor\urllib3\http2"
"C:\Users\Ghanam\OneDrive\projects\Greeny-Life\.venv\Lib\site-packages\pip\_vendor\urllib3\util\request.py","request.py",".py","8086","7/24/2026 7:49:52 PM","C:\Users\Ghanam\OneDrive\projects\Greeny-Life\.venv\Lib\site-packages\pip\_vendor\urllib3\util"
"C:\Users\Ghanam\OneDrive\projects\Greeny-Life\.venv\Lib\site-packages\pip-26.1.2.dist-info\RECORD","RECORD","","42593","7/24/2026 7:49:53 PM","C:\Users\Ghanam\OneDrive\projects\Greeny-Life\.venv\Lib\site-packages\pip-26.1.2.dist-info"
"C:\Users\Ghanam\OneDrive\projects\Greeny-Life\.venv\Lib\site-packages\pydantic\color.py","color.py",".py","21481","7/24/2026 9:09:52 PM","C:\Users\Ghanam\OneDrive\projects\Greeny-Life\.venv\Lib\site-packages\pydantic"
"C:\Users\Ghanam\OneDrive\projects\Greeny-Life\.venv\Lib\site-packages\pydantic\config.py","config.py",".py","44533","7/24/2026 9:09:52 PM","C:\Users\Ghanam\OneDrive\projects\Greeny-Life\.venv\Lib\site-packages\pydantic"
"C:\Users\Ghanam\OneDrive\projects\Greeny-Life\.venv\Lib\site-packages\pydantic\mypy.py","mypy.py",".py","60971","7/24/2026 9:09:52 PM","C:\Users\Ghanam\OneDrive\projects\Greeny-Life\.venv\Lib\site-packages\pydantic"
"C:\Users\Ghanam\OneDrive\projects\Greeny-Life\.venv\Lib\site-packages\pydantic\v1\color.py","color.py",".py","16844","7/24/2026 9:09:52 PM","C:\Users\Ghanam\OneDrive\projects\Greeny-Life\.venv\Lib\site-packages\pydantic\v1"
"C:\Users\Ghanam\OneDrive\projects\Greeny-Life\.venv\Lib\site-packages\pydantic\v1\mypy.py","mypy.py",".py","38860","7/24/2026 9:09:52 PM","C:\Users\Ghanam\OneDrive\projects\Greeny-Life\.venv\Lib\site-packages\pydantic\v1"
"C:\Users\Ghanam\OneDrive\projects\Greeny-Life\.venv\Lib\site-packages\pydantic\_internal\_config.py","_config.py",".py","14839","7/24/2026 9:09:52 PM","C:\Users\Ghanam\OneDrive\projects\Greeny-Life\.venv\Lib\site-packages\pydantic\_internal"
"C:\Users\Ghanam\OneDrive\projects\Greeny-Life\.venv\Lib\site-packages\pydantic-2.13.4.dist-info\METADATA","METADATA","","109397","7/24/2026 9:09:52 PM","C:\Users\Ghanam\OneDrive\projects\Greeny-Life\.venv\Lib\site-packages\pydantic-2.13.4.dist-info"
"C:\Users\Ghanam\OneDrive\projects\Greeny-Life\.venv\Lib\site-packages\pydantic_core\core_schema.py","core_schema.py",".py","160035","7/24/2026 9:09:50 PM","C:\Users\Ghanam\OneDrive\projects\Greeny-Life\.venv\Lib\site-packages\pydantic_core"
"C:\Users\Ghanam\OneDrive\projects\Greeny-Life\.venv\Lib\site-packages\pydantic_core-2.46.4.dist-info\METADATA","METADATA","","6709","7/24/2026 9:09:50 PM","C:\Users\Ghanam\OneDrive\projects\Greeny-Life\.venv\Lib\site-packages\pydantic_core-2.46.4.dist-info"
"C:\Users\Ghanam\OneDrive\projects\Greeny-Life\.venv\Lib\site-packages\pygments\console.py","console.py",".py","1721","7/24/2026 7:46:02 PM","C:\Users\Ghanam\OneDrive\projects\Greeny-Life\.venv\Lib\site-packages\pygments"
"C:\Users\Ghanam\OneDrive\projects\Greeny-Life\.venv\Lib\site-packages\pygments\style.py","style.py",".py","6411","7/24/2026 7:46:02 PM","C:\Users\Ghanam\OneDrive\projects\Greeny-Life\.venv\Lib\site-packages\pygments"
"C:\Users\Ghanam\OneDrive\projects\Greeny-Life\.venv\Lib\site-packages\pygments\formatters\html.py","html.py",".py","36053","7/24/2026 7:46:02 PM","C:\Users\Ghanam\OneDrive\projects\Greeny-Life\.venv\Lib\site-packages\pygments\formatters"
"C:\Users\Ghanam\OneDrive\projects\Greeny-Life\.venv\Lib\site-packages\pygments\formatters\irc.py","irc.py",".py","4907","7/24/2026 7:46:02 PM","C:\Users\Ghanam\OneDrive\projects\Greeny-Life\.venv\Lib\site-packages\pygments\formatters"
"C:\Users\Ghanam\OneDrive\projects\Greeny-Life\.venv\Lib\site-packages\pygments\formatters\terminal.py","terminal.py",".py","4629","7/24/2026 7:46:02 PM","C:\Users\Ghanam\OneDrive\projects\Greeny-Life\.venv\Lib\site-packages\pygments\formatters"
"C:\Users\Ghanam\OneDrive\projects\Greeny-Life\.venv\Lib\site-packages\pygments\lexers\apdlexer.py","apdlexer.py",".py","30803","7/24/2026 7:46:02 PM","C:\Users\Ghanam\OneDrive\projects\Greeny-Life\.venv\Lib\site-packages\pygments\lexers"
"C:\Users\Ghanam\OneDrive\projects\Greeny-Life\.venv\Lib\site-packages\pygments\lexers\asm.py","asm.py",".py","42219","7/24/2026 7:46:02 PM","C:\Users\Ghanam\OneDrive\projects\Greeny-Life\.venv\Lib\site-packages\pygments\lexers"
"C:\Users\Ghanam\OneDrive\projects\Greeny-Life\.venv\Lib\site-packages\pygments\lexers\automation.py","automation.py",".py","19834","7/24/2026 7:46:02 PM","C:\Users\Ghanam\OneDrive\projects\Greeny-Life\.venv\Lib\site-packages\pygments\lexers"
"C:\Users\Ghanam\OneDrive\projects\Greeny-Life\.venv\Lib\site-packages\pygments\lexers\basic.py","basic.py",".py","27992","7/24/2026 7:46:02 PM","C:\Users\Ghanam\OneDrive\projects\Greeny-Life\.venv\Lib\site-packages\pygments\lexers"
"C:\Users\Ghanam\OneDrive\projects\Greeny-Life\.venv\Lib\site-packages\pygments\lexers\business.py","business.py",".py","28348","7/24/2026 7:46:02 PM","C:\Users\Ghanam\OneDrive\projects\Greeny-Life\.venv\Lib\site-packages\pygments\lexers"
"C:\Users\Ghanam\OneDrive\projects\Greeny-Life\.venv\Lib\site-packages\pygments\lexers\configs.py","configs.py",".py","50925","7/24/2026 7:46:02 PM","C:\Users\Ghanam\OneDrive\projects\Greeny-Life\.venv\Lib\site-packages\pygments\lexers"
"C:\Users\Ghanam\OneDrive\projects\Greeny-Life\.venv\Lib\site-packages\pygments\lexers\csound.py","csound.py",".py","17001","7/24/2026 7:46:02 PM","C:\Users\Ghanam\OneDrive\projects\Greeny-Life\.venv\Lib\site-packages\pygments\lexers"
"C:\Users\Ghanam\OneDrive\projects\Greeny-Life\.venv\Lib\site-packages\pygments\lexers\css.py","css.py",".py","26439","7/24/2026 7:46:02 PM","C:\Users\Ghanam\OneDrive\projects\Greeny-Life\.venv\Lib\site-packages\pygments\lexers"
"C:\Users\Ghanam\OneDrive\projects\Greeny-Life\.venv\Lib\site-packages\pygments\lexers\c_cpp.py","c_cpp.py",".py","18321","7/24/2026 7:46:02 PM","C:\Users\Ghanam\OneDrive\projects\Greeny-Life\.venv\Lib\site-packages\pygments\lexers"
"C:\Users\Ghanam\OneDrive\projects\Greeny-Life\.venv\Lib\site-packages\pygments\lexers\c_like.py","c_like.py",".py","32024","7/24/2026 7:46:02 PM","C:\Users\Ghanam\OneDrive\projects\Greeny-Life\.venv\Lib\site-packages\pygments\lexers"
"C:\Users\Ghanam\OneDrive\projects\Greeny-Life\.venv\Lib\site-packages\pygments\lexers\devicetree.py","devicetree.py",".py","4826","7/24/2026 7:46:02 PM","C:\Users\Ghanam\OneDrive\projects\Greeny-Life\.venv\Lib\site-packages\pygments\lexers"
"C:\Users\Ghanam\OneDrive\projects\Greeny-Life\.venv\Lib\site-packages\pygments\lexers\dotnet.py","dotnet.py",".py","39444","7/24/2026 7:46:02 PM","C:\Users\Ghanam\OneDrive\projects\Greeny-Life\.venv\Lib\site-packages\pygments\lexers"
"C:\Users\Ghanam\OneDrive\projects\Greeny-Life\.venv\Lib\site-packages\pygments\lexers\dsls.py","dsls.py",".py","36753","7/24/2026 7:46:02 PM","C:\Users\Ghanam\OneDrive\projects\Greeny-Life\.venv\Lib\site-packages\pygments\lexers"
"C:\Users\Ghanam\OneDrive\projects\Greeny-Life\.venv\Lib\site-packages\pygments\lexers\eiffel.py","eiffel.py",".py","2693","7/24/2026 7:46:02 PM","C:\Users\Ghanam\OneDrive\projects\Greeny-Life\.venv\Lib\site-packages\pygments\lexers"
"C:\Users\Ghanam\OneDrive\projects\Greeny-Life\.venv\Lib\site-packages\pygments\lexers\esoteric.py","esoteric.py",".py","10503","7/24/2026 7:46:02 PM","C:\Users\Ghanam\OneDrive\projects\Greeny-Life\.venv\Lib\site-packages\pygments\lexers"
"C:\Users\Ghanam\OneDrive\projects\Greeny-Life\.venv\Lib\site-packages\pygments\lexers\felix.py","felix.py",".py","9658","7/24/2026 7:46:02 PM","C:\Users\Ghanam\OneDrive\projects\Greeny-Life\.venv\Lib\site-packages\pygments\lexers"
"C:\Users\Ghanam\OneDrive\projects\Greeny-Life\.venv\Lib\site-packages\pygments\lexers\foxpro.py","foxpro.py",".py","26298","7/24/2026 7:46:02 PM","C:\Users\Ghanam\OneDrive\projects\Greeny-Life\.venv\Lib\site-packages\pygments\lexers"
"C:\Users\Ghanam\OneDrive\projects\Greeny-Life\.venv\Lib\site-packages\pygments\lexers\freefem.py","freefem.py",".py","26916","7/24/2026 7:46:02 PM","C:\Users\Ghanam\OneDrive\projects\Greeny-Life\.venv\Lib\site-packages\pygments\lexers"
"C:\Users\Ghanam\OneDrive\projects\Greeny-Life\.venv\Lib\site-packages\pygments\lexers\func.py","func.py",".py","3703","7/24/2026 7:46:02 PM","C:\Users\Ghanam\OneDrive\projects\Greeny-Life\.venv\Lib\site-packages\pygments\lexers"
"C:\Users\Ghanam\OneDrive\projects\Greeny-Life\.venv\Lib\site-packages\pygments\lexers\gdscript.py","gdscript.py",".py","7569","7/24/2026 7:46:02 PM","C:\Users\Ghanam\OneDrive\projects\Greeny-Life\.venv\Lib\site-packages\pygments\lexers"
"C:\Users\Ghanam\OneDrive\projects\Greeny-Life\.venv\Lib\site-packages\pygments\lexers\hdl.py","hdl.py",".py","22741","7/24/2026 7:46:02 PM","C:\Users\Ghanam\OneDrive\projects\Greeny-Life\.venv\Lib\site-packages\pygments\lexers"
"C:\Users\Ghanam\OneDrive\projects\Greeny-Life\.venv\Lib\site-packages\pygments\lexers\html.py","html.py",".py","21999","7/24/2026 7:46:02 PM","C:\Users\Ghanam\OneDrive\projects\Greeny-Life\.venv\Lib\site-packages\pygments\lexers"
"C:\Users\Ghanam\OneDrive\projects\Greeny-Life\.venv\Lib\site-packages\pygments\lexers\igor.py","igor.py",".py","31636","7/24/2026 7:46:02 PM","C:\Users\Ghanam\OneDrive\projects\Greeny-Life\.venv\Lib\site-packages\pygments\lexers"
"C:\Users\Ghanam\OneDrive\projects\Greeny-Life\.venv\Lib\site-packages\pygments\lexers\javascript.py","javascript.py",".py","63246","7/24/2026 7:46:02 PM","C:\Users\Ghanam\OneDrive\projects\Greeny-Life\.venv\Lib\site-packages\pygments\lexers"
"C:\Users\Ghanam\OneDrive\projects\Greeny-Life\.venv\Lib\site-packages\pygments\lexers\jvm.py","jvm.py",".py","72936","7/24/2026 7:46:02 PM","C:\Users\Ghanam\OneDrive\projects\Greeny-Life\.venv\Lib\site-packages\pygments\lexers"
"C:\Users\Ghanam\OneDrive\projects\Greeny-Life\.venv\Lib\site-packages\pygments\lexers\lisp.py","lisp.py",".py","157903","7/24/2026 7:46:02 PM","C:\Users\Ghanam\OneDrive\projects\Greeny-Life\.venv\Lib\site-packages\pygments\lexers"
"C:\Users\Ghanam\OneDrive\projects\Greeny-Life\.venv\Lib\site-packages\pygments\lexers\macaulay2.py","macaulay2.py",".py","34139","7/24/2026 7:46:02 PM","C:\Users\Ghanam\OneDrive\projects\Greeny-Life\.venv\Lib\site-packages\pygments\lexers"
"C:\Users\Ghanam\OneDrive\projects\Greeny-Life\.venv\Lib\site-packages\pygments\lexers\markup.py","markup.py",".py","65264","7/24/2026 7:46:02 PM","C:\Users\Ghanam\OneDrive\projects\Greeny-Life\.venv\Lib\site-packages\pygments\lexers"
"C:\Users\Ghanam\OneDrive\projects\Greeny-Life\.venv\Lib\site-packages\pygments\lexers\matlab.py","matlab.py",".py","133030","7/24/2026 7:46:02 PM","C:\Users\Ghanam\OneDrive\projects\Greeny-Life\.venv\Lib\site-packages\pygments\lexers"
"C:\Users\Ghanam\OneDrive\projects\Greeny-Life\.venv\Lib\site-packages\pygments\lexers\minecraft.py","minecraft.py",".py","13701","7/24/2026 7:46:02 PM","C:\Users\Ghanam\OneDrive\projects\Greeny-Life\.venv\Lib\site-packages\pygments\lexers"
"C:\Users\Ghanam\OneDrive\projects\Greeny-Life\.venv\Lib\site-packages\pygments\lexers\mips.py","mips.py",".py","4659","7/24/2026 7:46:02 PM","C:\Users\Ghanam\OneDrive\projects\Greeny-Life\.venv\Lib\site-packages\pygments\lexers"
"C:\Users\Ghanam\OneDrive\projects\Greeny-Life\.venv\Lib\site-packages\pygments\lexers\objective.py","objective.py",".py","23300","7/24/2026 7:46:02 PM","C:\Users\Ghanam\OneDrive\projects\Greeny-Life\.venv\Lib\site-packages\pygments\lexers"
"C:\Users\Ghanam\OneDrive\projects\Greeny-Life\.venv\Lib\site-packages\pygments\lexers\other.py","other.py",".py","1766","7/24/2026 7:46:02 PM","C:\Users\Ghanam\OneDrive\projects\Greeny-Life\.venv\Lib\site-packages\pygments\lexers"
"C:\Users\Ghanam\OneDrive\projects\Greeny-Life\.venv\Lib\site-packages\pygments\lexers\pawn.py","pawn.py",".py","8256","7/24/2026 7:46:02 PM","C:\Users\Ghanam\OneDrive\projects\Greeny-Life\.venv\Lib\site-packages\pygments\lexers"
"C:\Users\Ghanam\OneDrive\projects\Greeny-Life\.venv\Lib\site-packages\pygments\lexers\pddl.py","pddl.py",".py","2992","7/24/2026 7:46:02 PM","C:\Users\Ghanam\OneDrive\projects\Greeny-Life\.venv\Lib\site-packages\pygments\lexers"
"C:\Users\Ghanam\OneDrive\projects\Greeny-Life\.venv\Lib\site-packages\pygments\lexers\phix.py","phix.py",".py","23252","7/24/2026 7:46:02 PM","C:\Users\Ghanam\OneDrive\projects\Greeny-Life\.venv\Lib\site-packages\pygments\lexers"
"C:\Users\Ghanam\OneDrive\projects\Greeny-Life\.venv\Lib\site-packages\pygments\lexers\prolog.py","prolog.py",".py","12869","7/24/2026 7:46:02 PM","C:\Users\Ghanam\OneDrive\projects\Greeny-Life\.venv\Lib\site-packages\pygments\lexers"
"C:\Users\Ghanam\OneDrive\projects\Greeny-Life\.venv\Lib\site-packages\pygments\lexers\r.py","r.py",".py","6477","7/24/2026 7:46:02 PM","C:\Users\Ghanam\OneDrive\projects\Greeny-Life\.venv\Lib\site-packages\pygments\lexers"
"C:\Users\Ghanam\OneDrive\projects\Greeny-Life\.venv\Lib\site-packages\pygments\lexers\rego.py","rego.py",".py","1751","7/24/2026 7:46:02 PM","C:\Users\Ghanam\OneDrive\projects\Greeny-Life\.venv\Lib\site-packages\pygments\lexers"
"C:\Users\Ghanam\OneDrive\projects\Greeny-Life\.venv\Lib\site-packages\pygments\lexers\scripting.py","scripting.py",".py","82959","7/24/2026 7:46:02 PM","C:\Users\Ghanam\OneDrive\projects\Greeny-Life\.venv\Lib\site-packages\pygments\lexers"
"C:\Users\Ghanam\OneDrive\projects\Greeny-Life\.venv\Lib\site-packages\pygments\lexers\templates.py","templates.py",".py","75734","7/24/2026 7:46:02 PM","C:\Users\Ghanam\OneDrive\projects\Greeny-Life\.venv\Lib\site-packages\pygments\lexers"
"C:\Users\Ghanam\OneDrive\projects\Greeny-Life\.venv\Lib\site-packages\pygments\lexers\typoscript.py","typoscript.py",".py","8335","7/24/2026 7:46:02 PM","C:\Users\Ghanam\OneDrive\projects\Greeny-Life\.venv\Lib\site-packages\pygments\lexers"
"C:\Users\Ghanam\OneDrive\projects\Greeny-Life\.venv\Lib\site-packages\pygments\lexers\webmisc.py","webmisc.py",".py","40567","7/24/2026 7:46:02 PM","C:\Users\Ghanam\OneDrive\projects\Greeny-Life\.venv\Lib\site-packages\pygments\lexers"
"C:\Users\Ghanam\OneDrive\projects\Greeny-Life\.venv\Lib\site-packages\pygments\lexers\_asy_builtins.py","_asy_builtins.py",".py","27290","7/24/2026 7:46:02 PM","C:\Users\Ghanam\OneDrive\projects\Greeny-Life\.venv\Lib\site-packages\pygments\lexers"
"C:\Users\Ghanam\OneDrive\projects\Greeny-Life\.venv\Lib\site-packages\pygments\lexers\_cocoa_builtins.py","_cocoa_builtins.py",".py","105176","7/24/2026 7:46:02 PM","C:\Users\Ghanam\OneDrive\projects\Greeny-Life\.venv\Lib\site-packages\pygments\lexers"
"C:\Users\Ghanam\OneDrive\projects\Greeny-Life\.venv\Lib\site-packages\pygments\lexers\_csound_builtins.py","_csound_builtins.py",".py","18417","7/24/2026 7:46:02 PM","C:\Users\Ghanam\OneDrive\projects\Greeny-Life\.venv\Lib\site-packages\pygments\lexers"
"C:\Users\Ghanam\OneDrive\projects\Greeny-Life\.venv\Lib\site-packages\pygments\lexers\_lasso_builtins.py","_lasso_builtins.py",".py","134513","7/24/2026 7:46:02 PM","C:\Users\Ghanam\OneDrive\projects\Greeny-Life\.venv\Lib\site-packages\pygments\lexers"
"C:\Users\Ghanam\OneDrive\projects\Greeny-Life\.venv\Lib\site-packages\pygments\lexers\_mapping.py","_mapping.py",".py","70758","7/24/2026 7:46:02 PM","C:\Users\Ghanam\OneDrive\projects\Greeny-Life\.venv\Lib\site-packages\pygments\lexers"
"C:\Users\Ghanam\OneDrive\projects\Greeny-Life\.venv\Lib\site-packages\pygments\lexers\_mql_builtins.py","_mql_builtins.py",".py","24716","7/24/2026 7:46:02 PM","C:\Users\Ghanam\OneDrive\projects\Greeny-Life\.venv\Lib\site-packages\pygments\lexers"
"C:\Users\Ghanam\OneDrive\projects\Greeny-Life\.venv\Lib\site-packages\pygments\lexers\_mysql_builtins.py","_mysql_builtins.py",".py","26876","7/24/2026 7:46:02 PM","C:\Users\Ghanam\OneDrive\projects\Greeny-Life\.venv\Lib\site-packages\pygments\lexers"
"C:\Users\Ghanam\OneDrive\projects\Greeny-Life\.venv\Lib\site-packages\pygments\lexers\_php_builtins.py","_php_builtins.py",".py","108054","7/24/2026 7:46:02 PM","C:\Users\Ghanam\OneDrive\projects\Greeny-Life\.venv\Lib\site-packages\pygments\lexers"
"C:\Users\Ghanam\OneDrive\projects\Greeny-Life\.venv\Lib\site-packages\pygments\lexers\_qlik_builtins.py","_qlik_builtins.py",".py","12598","7/24/2026 7:46:02 PM","C:\Users\Ghanam\OneDrive\projects\Greeny-Life\.venv\Lib\site-packages\pygments\lexers"
"C:\Users\Ghanam\OneDrive\projects\Greeny-Life\.venv\Lib\site-packages\pygments\lexers\_scilab_builtins.py","_scilab_builtins.py",".py","52414","7/24/2026 7:46:02 PM","C:\Users\Ghanam\OneDrive\projects\Greeny-Life\.venv\Lib\site-packages\pygments\lexers"
"C:\Users\Ghanam\OneDrive\projects\Greeny-Life\.venv\Lib\site-packages\pygments\lexers\_sourcemod_builtins.py","_sourcemod_builtins.py",".py","26780","7/24/2026 7:46:02 PM","C:\Users\Ghanam\OneDrive\projects\Greeny-Life\.venv\Lib\site-packages\pygments\lexers"
"C:\Users\Ghanam\OneDrive\projects\Greeny-Life\.venv\Lib\site-packages\pygments\lexers\_vbscript_builtins.py","_vbscript_builtins.py",".py","4228","7/24/2026 7:46:02 PM","C:\Users\Ghanam\OneDrive\projects\Greeny-Life\.venv\Lib\site-packages\pygments\lexers"
"C:\Users\Ghanam\OneDrive\projects\Greeny-Life\.venv\Lib\site-packages\pygments\lexers\_vim_builtins.py","_vim_builtins.py",".py","57069","7/24/2026 7:46:02 PM","C:\Users\Ghanam\OneDrive\projects\Greeny-Life\.venv\Lib\site-packages\pygments\lexers"
"C:\Users\Ghanam\OneDrive\projects\Greeny-Life\.venv\Lib\site-packages\pygments\styles\lightbulb.py","lightbulb.py",".py","3175","7/24/2026 7:46:02 PM","C:\Users\Ghanam\OneDrive\projects\Greeny-Life\.venv\Lib\site-packages\pygments\styles"
"C:\Users\Ghanam\OneDrive\projects\Greeny-Life\.venv\Lib\site-packages\pygments\styles\paraiso_dark.py","paraiso_dark.py",".py","5665","7/24/2026 7:46:02 PM","C:\Users\Ghanam\OneDrive\projects\Greeny-Life\.venv\Lib\site-packages\pygments\styles"
"C:\Users\Ghanam\OneDrive\projects\Greeny-Life\.venv\Lib\site-packages\pygments\styles\paraiso_light.py","paraiso_light.py",".py","5671","7/24/2026 7:46:02 PM","C:\Users\Ghanam\OneDrive\projects\Greeny-Life\.venv\Lib\site-packages\pygments\styles"
"C:\Users\Ghanam\OneDrive\projects\Greeny-Life\.venv\Lib\site-packages\pygments\styles\solarized.py","solarized.py",".py","4250","7/24/2026 7:46:02 PM","C:\Users\Ghanam\OneDrive\projects\Greeny-Life\.venv\Lib\site-packages\pygments\styles"
"C:\Users\Ghanam\OneDrive\projects\Greeny-Life\.venv\Lib\site-packages\pygments-2.20.0.dist-info\RECORD","RECORD","","28841","7/24/2026 7:46:03 PM","C:\Users\Ghanam\OneDrive\projects\Greeny-Life\.venv\Lib\site-packages\pygments-2.20.0.dist-info"
"C:\Users\Ghanam\OneDrive\projects\Greeny-Life\.venv\Lib\site-packages\pygments-2.20.0.dist-info\licenses\AUTHORS","AUTHORS","","10873","7/24/2026 7:46:02 PM","C:\Users\Ghanam\OneDrive\projects\Greeny-Life\.venv\Lib\site-packages\pygments-2.20.0.dist-info\licenses"
"C:\Users\Ghanam\OneDrive\projects\Greeny-Life\.venv\Lib\site-packages\regex\_main.py","_main.py",".py","34169","7/25/2026 1:31:41 PM","C:\Users\Ghanam\OneDrive\projects\Greeny-Life\.venv\Lib\site-packages\regex"
"C:\Users\Ghanam\OneDrive\projects\Greeny-Life\.venv\Lib\site-packages\regex\_regex.cp314-win_amd64.pyd","_regex.cp314-win_amd64.pyd",".pyd","726528","7/25/2026 1:31:41 PM","C:\Users\Ghanam\OneDrive\projects\Greeny-Life\.venv\Lib\site-packages\regex"
"C:\Users\Ghanam\OneDrive\projects\Greeny-Life\.venv\Lib\site-packages\regex\_regex_core.py","_regex_core.py",".py","152050","7/25/2026 1:31:41 PM","C:\Users\Ghanam\OneDrive\projects\Greeny-Life\.venv\Lib\site-packages\regex"
"C:\Users\Ghanam\OneDrive\projects\Greeny-Life\.venv\Lib\site-packages\regex\tests\test_regex.py","test_regex.py",".py","230349","7/25/2026 1:31:41 PM","C:\Users\Ghanam\OneDrive\projects\Greeny-Life\.venv\Lib\site-packages\regex\tests"
"C:\Users\Ghanam\OneDrive\projects\Greeny-Life\.venv\Lib\site-packages\regex-2026.7.19.dist-info\METADATA","METADATA","","41573","7/25/2026 1:31:41 PM","C:\Users\Ghanam\OneDrive\projects\Greeny-Life\.venv\Lib\site-packages\regex-2026.7.19.dist-info"
"C:\Users\Ghanam\OneDrive\projects\Greeny-Life\.venv\Lib\site-packages\requests\utils.py","utils.py",".py","36322","7/24/2026 7:46:02 PM","C:\Users\Ghanam\OneDrive\projects\Greeny-Life\.venv\Lib\site-packages\requests"
"C:\Users\Ghanam\OneDrive\projects\Greeny-Life\.venv\Lib\site-packages\rich\box.py","box.py",".py","10650","7/24/2026 7:46:02 PM","C:\Users\Ghanam\OneDrive\projects\Greeny-Life\.venv\Lib\site-packages\rich"
"C:\Users\Ghanam\OneDrive\projects\Greeny-Life\.venv\Lib\site-packages\rich\color.py","color.py",".py","18211","7/24/2026 7:46:02 PM","C:\Users\Ghanam\OneDrive\projects\Greeny-Life\.venv\Lib\site-packages\rich"
"C:\Users\Ghanam\OneDrive\projects\Greeny-Life\.venv\Lib\site-packages\rich\console.py","console.py",".py","101361","7/24/2026 7:46:02 PM","C:\Users\Ghanam\OneDrive\projects\Greeny-Life\.venv\Lib\site-packages\rich"
"C:\Users\Ghanam\OneDrive\projects\Greeny-Life\.venv\Lib\site-packages\rich\default_styles.py","default_styles.py",".py","8401","7/24/2026 7:46:02 PM","C:\Users\Ghanam\OneDrive\projects\Greeny-Life\.venv\Lib\site-packages\rich"
"C:\Users\Ghanam\OneDrive\projects\Greeny-Life\.venv\Lib\site-packages\rich\live.py","live.py",".py","15317","7/24/2026 7:46:02 PM","C:\Users\Ghanam\OneDrive\projects\Greeny-Life\.venv\Lib\site-packages\rich"
"C:\Users\Ghanam\OneDrive\projects\Greeny-Life\.venv\Lib\site-packages\rich\markup.py","markup.py",".py","8427","7/24/2026 7:46:02 PM","C:\Users\Ghanam\OneDrive\projects\Greeny-Life\.venv\Lib\site-packages\rich"
"C:\Users\Ghanam\OneDrive\projects\Greeny-Life\.venv\Lib\site-packages\rich\progress.py","progress.py",".py","60393","7/24/2026 7:46:02 PM","C:\Users\Ghanam\OneDrive\projects\Greeny-Life\.venv\Lib\site-packages\rich"
"C:\Users\Ghanam\OneDrive\projects\Greeny-Life\.venv\Lib\site-packages\rich\segment.py","segment.py",".py","25740","7/24/2026 7:46:02 PM","C:\Users\Ghanam\OneDrive\projects\Greeny-Life\.venv\Lib\site-packages\rich"
"C:\Users\Ghanam\OneDrive\projects\Greeny-Life\.venv\Lib\site-packages\rich\status.py","status.py",".py","4424","7/24/2026 7:46:02 PM","C:\Users\Ghanam\OneDrive\projects\Greeny-Life\.venv\Lib\site-packages\rich"
"C:\Users\Ghanam\OneDrive\projects\Greeny-Life\.venv\Lib\site-packages\rich\syntax.py","syntax.py",".py","36305","7/24/2026 7:46:02 PM","C:\Users\Ghanam\OneDrive\projects\Greeny-Life\.venv\Lib\site-packages\rich"
"C:\Users\Ghanam\OneDrive\projects\Greeny-Life\.venv\Lib\site-packages\rich\table.py","table.py",".py","40033","7/24/2026 7:46:02 PM","C:\Users\Ghanam\OneDrive\projects\Greeny-Life\.venv\Lib\site-packages\rich"
"C:\Users\Ghanam\OneDrive\projects\Greeny-Life\.venv\Lib\site-packages\rich\text.py","text.py",".py","47655","7/24/2026 7:46:02 PM","C:\Users\Ghanam\OneDrive\projects\Greeny-Life\.venv\Lib\site-packages\rich"
"C:\Users\Ghanam\OneDrive\projects\Greeny-Life\.venv\Lib\site-packages\rich\tree.py","tree.py",".py","9391","7/24/2026 7:46:02 PM","C:\Users\Ghanam\OneDrive\projects\Greeny-Life\.venv\Lib\site-packages\rich"
"C:\Users\Ghanam\OneDrive\projects\Greeny-Life\.venv\Lib\site-packages\rich\_emoji_codes.py","_emoji_codes.py",".py","140235","7/24/2026 7:46:02 PM","C:\Users\Ghanam\OneDrive\projects\Greeny-Life\.venv\Lib\site-packages\rich"
"C:\Users\Ghanam\OneDrive\projects\Greeny-Life\.venv\Lib\site-packages\rich\_inspect.py","_inspect.py",".py","9894","7/24/2026 7:46:02 PM","C:\Users\Ghanam\OneDrive\projects\Greeny-Life\.venv\Lib\site-packages\rich"
"C:\Users\Ghanam\OneDrive\projects\Greeny-Life\.venv\Lib\site-packages\rich\_win32_console.py","_win32_console.py",".py","22719","7/24/2026 7:46:02 PM","C:\Users\Ghanam\OneDrive\projects\Greeny-Life\.venv\Lib\site-packages\rich"
"C:\Users\Ghanam\OneDrive\projects\Greeny-Life\.venv\Lib\site-packages\rich\__main__.py","__main__.py",".py","7725","7/24/2026 7:46:02 PM","C:\Users\Ghanam\OneDrive\projects\Greeny-Life\.venv\Lib\site-packages\rich"
"C:\Users\Ghanam\OneDrive\projects\Greeny-Life\.venv\Lib\site-packages\rich-15.0.0.dist-info\METADATA","METADATA","","18445","7/24/2026 7:46:02 PM","C:\Users\Ghanam\OneDrive\projects\Greeny-Life\.venv\Lib\site-packages\rich-15.0.0.dist-info"
"C:\Users\Ghanam\OneDrive\projects\Greeny-Life\.venv\Lib\site-packages\safetensors\_safetensors_rust.pyd","_safetensors_rust.pyd",".pyd","734720","7/24/2026 9:09:31 PM","C:\Users\Ghanam\OneDrive\projects\Greeny-Life\.venv\Lib\site-packages\safetensors"
"C:\Users\Ghanam\OneDrive\projects\Greeny-Life\.venv\Lib\site-packages\safetensors-0.8.0.dist-info\METADATA","METADATA","","4249","7/24/2026 9:09:31 PM","C:\Users\Ghanam\OneDrive\projects\Greeny-Life\.venv\Lib\site-packages\safetensors-0.8.0.dist-info"
"C:\Users\Ghanam\OneDrive\projects\Greeny-Life\.venv\Lib\site-packages\scikit_learn-1.9.0.dist-info\METADATA","METADATA","","11984","7/25/2026 1:34:22 PM","C:\Users\Ghanam\OneDrive\projects\Greeny-Life\.venv\Lib\site-packages\scikit_learn-1.9.0.dist-info"
"C:\Users\Ghanam\OneDrive\projects\Greeny-Life\.venv\Lib\site-packages\scipy\cluster\hierarchy\_hierarchy_impl.py","_hierarchy_impl.py",".py","158999","7/25/2026 1:31:11 PM","C:\Users\Ghanam\OneDrive\projects\Greeny-Life\.venv\Lib\site-packages\scipy\cluster\hierarchy"
"C:\Users\Ghanam\OneDrive\projects\Greeny-Life\.venv\Lib\site-packages\scipy\datasets\_download_all.py","_download_all.py",".py","2256","7/25/2026 1:31:11 PM","C:\Users\Ghanam\OneDrive\projects\Greeny-Life\.venv\Lib\site-packages\scipy\datasets"
"C:\Users\Ghanam\OneDrive\projects\Greeny-Life\.venv\Lib\site-packages\scipy\datasets\_fetchers.py","_fetchers.py",".py","7331","7/25/2026 1:31:11 PM","C:\Users\Ghanam\OneDrive\projects\Greeny-Life\.venv\Lib\site-packages\scipy\datasets"
"C:\Users\Ghanam\OneDrive\projects\Greeny-Life\.venv\Lib\site-packages\scipy\integrate\_quadrature.py","_quadrature.py",".py","50877","7/25/2026 1:31:12 PM","C:\Users\Ghanam\OneDrive\projects\Greeny-Life\.venv\Lib\site-packages\scipy\integrate"
"C:\Users\Ghanam\OneDrive\projects\Greeny-Life\.venv\Lib\site-packages\scipy\integrate\tests\test_quadrature.py","test_quadrature.py",".py","32636","7/25/2026 1:31:12 PM","C:\Users\Ghanam\OneDrive\projects\Greeny-Life\.venv\Lib\site-packages\scipy\integrate\tests"
"C:\Users\Ghanam\OneDrive\projects\Greeny-Life\.venv\Lib\site-packages\scipy\integrate\_ivp\rk.py","rk.py",".py","29289","7/25/2026 1:31:12 PM","C:\Users\Ghanam\OneDrive\projects\Greeny-Life\.venv\Lib\site-packages\scipy\integrate\_ivp"
"C:\Users\Ghanam\OneDrive\projects\Greeny-Life\.venv\Lib\site-packages\scipy\interpolate\_bsplines.py","_bsplines.py",".py","101277","7/25/2026 1:31:12 PM","C:\Users\Ghanam\OneDrive\projects\Greeny-Life\.venv\Lib\site-packages\scipy\interpolate"
"C:\Users\Ghanam\OneDrive\projects\Greeny-Life\.venv\Lib\site-packages\scipy\io\wavfile.py","wavfile.py",".py","31629","7/25/2026 1:31:12 PM","C:\Users\Ghanam\OneDrive\projects\Greeny-Life\.venv\Lib\site-packages\scipy\io"
"C:\Users\Ghanam\OneDrive\projects\Greeny-Life\.venv\Lib\site-packages\scipy\io\tests\data\array_float32_1d.sav","array_float32_1d.sav",".sav","2628","7/25/2026 1:31:14 PM","C:\Users\Ghanam\OneDrive\projects\Greeny-Life\.venv\Lib\site-packages\scipy\io\tests\data"
"C:\Users\Ghanam\OneDrive\projects\Greeny-Life\.venv\Lib\site-packages\scipy\io\tests\data\array_float32_2d.sav","array_float32_2d.sav",".sav","3192","7/25/2026 1:31:14 PM","C:\Users\Ghanam\OneDrive\projects\Greeny-Life\.venv\Lib\site-packages\scipy\io\tests\data"
"C:\Users\Ghanam\OneDrive\projects\Greeny-Life\.venv\Lib\site-packages\scipy\io\tests\data\array_float32_3d.sav","array_float32_3d.sav",".sav","13752","7/25/2026 1:31:14 PM","C:\Users\Ghanam\OneDrive\projects\Greeny-Life\.venv\Lib\site-packages\scipy\io\tests\data"
"C:\Users\Ghanam\OneDrive\projects\Greeny-Life\.venv\Lib\site-packages\scipy\io\tests\data\array_float32_4d.sav","array_float32_4d.sav",".sav","6616","7/25/2026 1:31:14 PM","C:\Users\Ghanam\OneDrive\projects\Greeny-Life\.venv\Lib\site-packages\scipy\io\tests\data"
"C:\Users\Ghanam\OneDrive\projects\Greeny-Life\.venv\Lib\site-packages\scipy\io\tests\data\array_float32_5d.sav","array_float32_5d.sav",".sav","7896","7/25/2026 1:31:14 PM","C:\Users\Ghanam\OneDrive\projects\Greeny-Life\.venv\Lib\site-packages\scipy\io\tests\data"
"C:\Users\Ghanam\OneDrive\projects\Greeny-Life\.venv\Lib\site-packages\scipy\io\tests\data\array_float32_6d.sav","array_float32_6d.sav",".sav","19416","7/25/2026 1:31:14 PM","C:\Users\Ghanam\OneDrive\projects\Greeny-Life\.venv\Lib\site-packages\scipy\io\tests\data"
"C:\Users\Ghanam\OneDrive\projects\Greeny-Life\.venv\Lib\site-packages\scipy\io\tests\data\array_float32_7d.sav","array_float32_7d.sav",".sav","3288","7/25/2026 1:31:14 PM","C:\Users\Ghanam\OneDrive\projects\Greeny-Life\.venv\Lib\site-packages\scipy\io\tests\data"
"C:\Users\Ghanam\OneDrive\projects\Greeny-Life\.venv\Lib\site-packages\scipy\io\tests\data\array_float32_8d.sav","array_float32_8d.sav",".sav","13656","7/25/2026 1:31:14 PM","C:\Users\Ghanam\OneDrive\projects\Greeny-Life\.venv\Lib\site-packages\scipy\io\tests\data"
"C:\Users\Ghanam\OneDrive\projects\Greeny-Life\.venv\Lib\site-packages\scipy\io\tests\data\array_float32_pointer_1d.sav","array_float32_pointer_1d.sav",".sav","2692","7/25/2026 1:31:14 PM","C:\Users\Ghanam\OneDrive\projects\Greeny-Life\.venv\Lib\site-packages\scipy\io\tests\data"
"C:\Users\Ghanam\OneDrive\projects\Greeny-Life\.venv\Lib\site-packages\scipy\io\tests\data\array_float32_pointer_2d.sav","array_float32_pointer_2d.sav",".sav","3256","7/25/2026 1:31:14 PM","C:\Users\Ghanam\OneDrive\projects\Greeny-Life\.venv\Lib\site-packages\scipy\io\tests\data"
"C:\Users\Ghanam\OneDrive\projects\Greeny-Life\.venv\Lib\site-packages\scipy\io\tests\data\array_float32_pointer_3d.sav","array_float32_pointer_3d.sav",".sav","13816","7/25/2026 1:31:14 PM","C:\Users\Ghanam\OneDrive\projects\Greeny-Life\.venv\Lib\site-packages\scipy\io\tests\data"
"C:\Users\Ghanam\OneDrive\projects\Greeny-Life\.venv\Lib\site-packages\scipy\io\tests\data\array_float32_pointer_4d.sav","array_float32_pointer_4d.sav",".sav","6680","7/25/2026 1:31:14 PM","C:\Users\Ghanam\OneDrive\projects\Greeny-Life\.venv\Lib\site-packages\scipy\io\tests\data"
"C:\Users\Ghanam\OneDrive\projects\Greeny-Life\.venv\Lib\site-packages\scipy\io\tests\data\array_float32_pointer_5d.sav","array_float32_pointer_5d.sav",".sav","7960","7/25/2026 1:31:14 PM","C:\Users\Ghanam\OneDrive\projects\Greeny-Life\.venv\Lib\site-packages\scipy\io\tests\data"
"C:\Users\Ghanam\OneDrive\projects\Greeny-Life\.venv\Lib\site-packages\scipy\io\tests\data\array_float32_pointer_6d.sav","array_float32_pointer_6d.sav",".sav","19480","7/25/2026 1:31:14 PM","C:\Users\Ghanam\OneDrive\projects\Greeny-Life\.venv\Lib\site-packages\scipy\io\tests\data"
"C:\Users\Ghanam\OneDrive\projects\Greeny-Life\.venv\Lib\site-packages\scipy\io\tests\data\array_float32_pointer_7d.sav","array_float32_pointer_7d.sav",".sav","3352","7/25/2026 1:31:14 PM","C:\Users\Ghanam\OneDrive\projects\Greeny-Life\.venv\Lib\site-packages\scipy\io\tests\data"
"C:\Users\Ghanam\OneDrive\projects\Greeny-Life\.venv\Lib\site-packages\scipy\io\tests\data\array_float32_pointer_8d.sav","array_float32_pointer_8d.sav",".sav","13720","7/25/2026 1:31:14 PM","C:\Users\Ghanam\OneDrive\projects\Greeny-Life\.venv\Lib\site-packages\scipy\io\tests\data"
"C:\Users\Ghanam\OneDrive\projects\Greeny-Life\.venv\Lib\site-packages\scipy\io\tests\data\null_pointer.sav","null_pointer.sav",".sav","2180","7/25/2026 1:31:14 PM","C:\Users\Ghanam\OneDrive\projects\Greeny-Life\.venv\Lib\site-packages\scipy\io\tests\data"
"C:\Users\Ghanam\OneDrive\projects\Greeny-Life\.venv\Lib\site-packages\scipy\io\tests\data\scalar_byte.sav","scalar_byte.sav",".sav","2076","7/25/2026 1:31:14 PM","C:\Users\Ghanam\OneDrive\projects\Greeny-Life\.venv\Lib\site-packages\scipy\io\tests\data"
"C:\Users\Ghanam\OneDrive\projects\Greeny-Life\.venv\Lib\site-packages\scipy\io\tests\data\scalar_byte_descr.sav","scalar_byte_descr.sav",".sav","2124","7/25/2026 1:31:14 PM","C:\Users\Ghanam\OneDrive\projects\Greeny-Life\.venv\Lib\site-packages\scipy\io\tests\data"
"C:\Users\Ghanam\OneDrive\projects\Greeny-Life\.venv\Lib\site-packages\scipy\io\tests\data\scalar_complex32.sav","scalar_complex32.sav",".sav","2076","7/25/2026 1:31:14 PM","C:\Users\Ghanam\OneDrive\projects\Greeny-Life\.venv\Lib\site-packages\scipy\io\tests\data"
"C:\Users\Ghanam\OneDrive\projects\Greeny-Life\.venv\Lib\site-packages\scipy\io\tests\data\scalar_complex64.sav","scalar_complex64.sav",".sav","2084","7/25/2026 1:31:14 PM","C:\Users\Ghanam\OneDrive\projects\Greeny-Life\.venv\Lib\site-packages\scipy\io\tests\data"
"C:\Users\Ghanam\OneDrive\projects\Greeny-Life\.venv\Lib\site-packages\scipy\io\tests\data\scalar_float32.sav","scalar_float32.sav",".sav","2072","7/25/2026 1:31:14 PM","C:\Users\Ghanam\OneDrive\projects\Greeny-Life\.venv\Lib\site-packages\scipy\io\tests\data"
"C:\Users\Ghanam\OneDrive\projects\Greeny-Life\.venv\Lib\site-packages\scipy\io\tests\data\scalar_float64.sav","scalar_float64.sav",".sav","2076","7/25/2026 1:31:14 PM","C:\Users\Ghanam\OneDrive\projects\Greeny-Life\.venv\Lib\site-packages\scipy\io\tests\data"
"C:\Users\Ghanam\OneDrive\projects\Greeny-Life\.venv\Lib\site-packages\scipy\io\tests\data\scalar_heap_pointer.sav","scalar_heap_pointer.sav",".sav","2204","7/25/2026 1:31:14 PM","C:\Users\Ghanam\OneDrive\projects\Greeny-Life\.venv\Lib\site-packages\scipy\io\tests\data"
"C:\Users\Ghanam\OneDrive\projects\Greeny-Life\.venv\Lib\site-packages\scipy\io\tests\data\scalar_int16.sav","scalar_int16.sav",".sav","2072","7/25/2026 1:31:14 PM","C:\Users\Ghanam\OneDrive\projects\Greeny-Life\.venv\Lib\site-packages\scipy\io\tests\data"
"C:\Users\Ghanam\OneDrive\projects\Greeny-Life\.venv\Lib\site-packages\scipy\io\tests\data\scalar_int32.sav","scalar_int32.sav",".sav","2072","7/25/2026 1:31:14 PM","C:\Users\Ghanam\OneDrive\projects\Greeny-Life\.venv\Lib\site-packages\scipy\io\tests\data"
"C:\Users\Ghanam\OneDrive\projects\Greeny-Life\.venv\Lib\site-packages\scipy\io\tests\data\scalar_int64.sav","scalar_int64.sav",".sav","2076","7/25/2026 1:31:14 PM","C:\Users\Ghanam\OneDrive\projects\Greeny-Life\.venv\Lib\site-packages\scipy\io\tests\data"
"C:\Users\Ghanam\OneDrive\projects\Greeny-Life\.venv\Lib\site-packages\scipy\io\tests\data\scalar_string.sav","scalar_string.sav",".sav","2124","7/25/2026 1:31:14 PM","C:\Users\Ghanam\OneDrive\projects\Greeny-Life\.venv\Lib\site-packages\scipy\io\tests\data"
"C:\Users\Ghanam\OneDrive\projects\Greeny-Life\.venv\Lib\site-packages\scipy\io\tests\data\scalar_uint16.sav","scalar_uint16.sav",".sav","2072","7/25/2026 1:31:14 PM","C:\Users\Ghanam\OneDrive\projects\Greeny-Life\.venv\Lib\site-packages\scipy\io\tests\data"
"C:\Users\Ghanam\OneDrive\projects\Greeny-Life\.venv\Lib\site-packages\scipy\io\tests\data\scalar_uint32.sav","scalar_uint32.sav",".sav","2072","7/25/2026 1:31:14 PM","C:\Users\Ghanam\OneDrive\projects\Greeny-Life\.venv\Lib\site-packages\scipy\io\tests\data"
"C:\Users\Ghanam\OneDrive\projects\Greeny-Life\.venv\Lib\site-packages\scipy\io\tests\data\scalar_uint64.sav","scalar_uint64.sav",".sav","2076","7/25/2026 1:31:14 PM","C:\Users\Ghanam\OneDrive\projects\Greeny-Life\.venv\Lib\site-packages\scipy\io\tests\data"
"C:\Users\Ghanam\OneDrive\projects\Greeny-Life\.venv\Lib\site-packages\scipy\io\tests\data\struct_arrays.sav","struct_arrays.sav",".sav","2580","7/25/2026 1:31:14 PM","C:\Users\Ghanam\OneDrive\projects\Greeny-Life\.venv\Lib\site-packages\scipy\io\tests\data"
"C:\Users\Ghanam\OneDrive\projects\Greeny-Life\.venv\Lib\site-packages\scipy\io\tests\data\struct_arrays_replicated.sav","struct_arrays_replicated.sav",".sav","2936","7/25/2026 1:31:14 PM","C:\Users\Ghanam\OneDrive\projects\Greeny-Life\.venv\Lib\site-packages\scipy\io\tests\data"
"C:\Users\Ghanam\OneDrive\projects\Greeny-Life\.venv\Lib\site-packages\scipy\io\tests\data\struct_arrays_replicated_3d.sav","struct_arrays_replicated_3d.sav",".sav","4608","7/25/2026 1:31:14 PM","C:\Users\Ghanam\OneDrive\projects\Greeny-Life\.venv\Lib\site-packages\scipy\io\tests\data"
"C:\Users\Ghanam\OneDrive\projects\Greeny-Life\.venv\Lib\site-packages\scipy\io\tests\data\struct_inherit.sav","struct_inherit.sav",".sav","2404","7/25/2026 1:31:14 PM","C:\Users\Ghanam\OneDrive\projects\Greeny-Life\.venv\Lib\site-packages\scipy\io\tests\data"
"C:\Users\Ghanam\OneDrive\projects\Greeny-Life\.venv\Lib\site-packages\scipy\io\tests\data\struct_pointers.sav","struct_pointers.sav",".sav","2268","7/25/2026 1:31:14 PM","C:\Users\Ghanam\OneDrive\projects\Greeny-Life\.venv\Lib\site-packages\scipy\io\tests\data"
"C:\Users\Ghanam\OneDrive\projects\Greeny-Life\.venv\Lib\site-packages\scipy\io\tests\data\struct_pointers_replicated.sav","struct_pointers_replicated.sav",".sav","2304","7/25/2026 1:31:14 PM","C:\Users\Ghanam\OneDrive\projects\Greeny-Life\.venv\Lib\site-packages\scipy\io\tests\data"
"C:\Users\Ghanam\OneDrive\projects\Greeny-Life\.venv\Lib\site-packages\scipy\io\tests\data\struct_pointers_replicated_3d.sav","struct_pointers_replicated_3d.sav",".sav","2456","7/25/2026 1:31:14 PM","C:\Users\Ghanam\OneDrive\projects\Greeny-Life\.venv\Lib\site-packages\scipy\io\tests\data"
"C:\Users\Ghanam\OneDrive\projects\Greeny-Life\.venv\Lib\site-packages\scipy\io\tests\data\struct_pointer_arrays.sav","struct_pointer_arrays.sav",".sav","2408","7/25/2026 1:31:14 PM","C:\Users\Ghanam\OneDrive\projects\Greeny-Life\.venv\Lib\site-packages\scipy\io\tests\data"
"C:\Users\Ghanam\OneDrive\projects\Greeny-Life\.venv\Lib\site-packages\scipy\io\tests\data\struct_pointer_arrays_replicated.sav","struct_pointer_arrays_replicated.sav",".sav","2492","7/25/2026 1:31:14 PM","C:\Users\Ghanam\OneDrive\projects\Greeny-Life\.venv\Lib\site-packages\scipy\io\tests\data"
"C:\Users\Ghanam\OneDrive\projects\Greeny-Life\.venv\Lib\site-packages\scipy\io\tests\data\struct_pointer_arrays_replicated_3d.sav","struct_pointer_arrays_replicated_3d.sav",".sav","2872","7/25/2026 1:31:14 PM","C:\Users\Ghanam\OneDrive\projects\Greeny-Life\.venv\Lib\site-packages\scipy\io\tests\data"
"C:\Users\Ghanam\OneDrive\projects\Greeny-Life\.venv\Lib\site-packages\scipy\io\tests\data\struct_scalars.sav","struct_scalars.sav",".sav","2316","7/25/2026 1:31:14 PM","C:\Users\Ghanam\OneDrive\projects\Greeny-Life\.venv\Lib\site-packages\scipy\io\tests\data"
"C:\Users\Ghanam\OneDrive\projects\Greeny-Life\.venv\Lib\site-packages\scipy\io\tests\data\struct_scalars_replicated.sav","struct_scalars_replicated.sav",".sav","2480","7/25/2026 1:31:14 PM","C:\Users\Ghanam\OneDrive\projects\Greeny-Life\.venv\Lib\site-packages\scipy\io\tests\data"
"C:\Users\Ghanam\OneDrive\projects\Greeny-Life\.venv\Lib\site-packages\scipy\io\tests\data\struct_scalars_replicated_3d.sav","struct_scalars_replicated_3d.sav",".sav","3240","7/25/2026 1:31:14 PM","C:\Users\Ghanam\OneDrive\projects\Greeny-Life\.venv\Lib\site-packages\scipy\io\tests\data"
"C:\Users\Ghanam\OneDrive\projects\Greeny-Life\.venv\Lib\site-packages\scipy\linalg\_solvers.py","_solvers.py",".py","31002","7/25/2026 1:31:15 PM","C:\Users\Ghanam\OneDrive\projects\Greeny-Life\.venv\Lib\site-packages\scipy\linalg"
"C:\Users\Ghanam\OneDrive\projects\Greeny-Life\.venv\Lib\site-packages\scipy\linalg\tests\test_decomp.py","test_decomp.py",".py","137038","7/25/2026 1:31:15 PM","C:\Users\Ghanam\OneDrive\projects\Greeny-Life\.venv\Lib\site-packages\scipy\linalg\tests"
"C:\Users\Ghanam\OneDrive\projects\Greeny-Life\.venv\Lib\site-packages\scipy\ndimage\_interpolation.py","_interpolation.py",".py","38730","7/25/2026 1:31:15 PM","C:\Users\Ghanam\OneDrive\projects\Greeny-Life\.venv\Lib\site-packages\scipy\ndimage"
"C:\Users\Ghanam\OneDrive\projects\Greeny-Life\.venv\Lib\site-packages\scipy\odr\__odrpack.cp314-win_amd64.pyd","__odrpack.cp314-win_amd64.pyd",".pyd","715776","7/25/2026 1:31:16 PM","C:\Users\Ghanam\OneDrive\projects\Greeny-Life\.venv\Lib\site-packages\scipy\odr"
"C:\Users\Ghanam\OneDrive\projects\Greeny-Life\.venv\Lib\site-packages\scipy\optimize\_chandrupatla.py","_chandrupatla.py",".py","25298","7/25/2026 1:31:16 PM","C:\Users\Ghanam\OneDrive\projects\Greeny-Life\.venv\Lib\site-packages\scipy\optimize"
"C:\Users\Ghanam\OneDrive\projects\Greeny-Life\.venv\Lib\site-packages\scipy\optimize\_differentialevolution.py","_differentialevolution.py",".py","92056","7/25/2026 1:31:16 PM","C:\Users\Ghanam\OneDrive\projects\Greeny-Life\.venv\Lib\site-packages\scipy\optimize"
"C:\Users\Ghanam\OneDrive\projects\Greeny-Life\.venv\Lib\site-packages\scipy\optimize\_elementwise.py","_elementwise.py",".py","35567","7/25/2026 1:31:16 PM","C:\Users\Ghanam\OneDrive\projects\Greeny-Life\.venv\Lib\site-packages\scipy\optimize"
"C:\Users\Ghanam\OneDrive\projects\Greeny-Life\.venv\Lib\site-packages\scipy\optimize\_shgo.py","_shgo.py",".py","65114","7/25/2026 1:31:16 PM","C:\Users\Ghanam\OneDrive\projects\Greeny-Life\.venv\Lib\site-packages\scipy\optimize"
"C:\Users\Ghanam\OneDrive\projects\Greeny-Life\.venv\Lib\site-packages\scipy\optimize\_tstutils.py","_tstutils.py",".py","35032","7/25/2026 1:31:16 PM","C:\Users\Ghanam\OneDrive\projects\Greeny-Life\.venv\Lib\site-packages\scipy\optimize"
"C:\Users\Ghanam\OneDrive\projects\Greeny-Life\.venv\Lib\site-packages\scipy\optimize\tests\test_slsqp.py","test_slsqp.py",".py","26341","7/25/2026 1:31:17 PM","C:\Users\Ghanam\OneDrive\projects\Greeny-Life\.venv\Lib\site-packages\scipy\optimize\tests"
"C:\Users\Ghanam\OneDrive\projects\Greeny-Life\.venv\Lib\site-packages\scipy\optimize\tests\test__differential_evolution.py","test__differential_evolution.py",".py","73327","7/25/2026 1:31:17 PM","C:\Users\Ghanam\OneDrive\projects\Greeny-Life\.venv\Lib\site-packages\scipy\optimize\tests"
"C:\Users\Ghanam\OneDrive\projects\Greeny-Life\.venv\Lib\site-packages\scipy\signal\_czt.py","_czt.py",".py","20152","7/25/2026 1:31:17 PM","C:\Users\Ghanam\OneDrive\projects\Greeny-Life\.venv\Lib\site-packages\scipy\signal"
"C:\Users\Ghanam\OneDrive\projects\Greeny-Life\.venv\Lib\site-packages\scipy\signal\_filter_design.py","_filter_design.py",".py","211042","7/25/2026 1:31:18 PM","C:\Users\Ghanam\OneDrive\projects\Greeny-Life\.venv\Lib\site-packages\scipy\signal"
"C:\Users\Ghanam\OneDrive\projects\Greeny-Life\.venv\Lib\site-packages\scipy\signal\_fir_filter_design.py","_fir_filter_design.py",".py","65721","7/25/2026 1:31:18 PM","C:\Users\Ghanam\OneDrive\projects\Greeny-Life\.venv\Lib\site-packages\scipy\signal"
"C:\Users\Ghanam\OneDrive\projects\Greeny-Life\.venv\Lib\site-packages\scipy\signal\_signaltools.py","_signaltools.py",".py","203726","7/25/2026 1:31:18 PM","C:\Users\Ghanam\OneDrive\projects\Greeny-Life\.venv\Lib\site-packages\scipy\signal"
"C:\Users\Ghanam\OneDrive\projects\Greeny-Life\.venv\Lib\site-packages\scipy\signal\tests\test_filter_design.py","test_filter_design.py",".py","236803","7/25/2026 1:31:18 PM","C:\Users\Ghanam\OneDrive\projects\Greeny-Life\.venv\Lib\site-packages\scipy\signal\tests"
"C:\Users\Ghanam\OneDrive\projects\Greeny-Life\.venv\Lib\site-packages\scipy\sparse\linalg\_matfuncs.py","_matfuncs.py",".py","30272","7/25/2026 1:31:19 PM","C:\Users\Ghanam\OneDrive\projects\Greeny-Life\.venv\Lib\site-packages\scipy\sparse\linalg"
"C:\Users\Ghanam\OneDrive\projects\Greeny-Life\.venv\Lib\site-packages\scipy\sparse\linalg\_isolve\lsmr.py","lsmr.py",".py","16335","7/25/2026 1:31:19 PM","C:\Users\Ghanam\OneDrive\projects\Greeny-Life\.venv\Lib\site-packages\scipy\sparse\linalg\_isolve"
"C:\Users\Ghanam\OneDrive\projects\Greeny-Life\.venv\Lib\site-packages\scipy\sparse\linalg\_isolve\tests\test_lsmr.py","test_lsmr.py",".py","7284","7/25/2026 1:31:19 PM","C:\Users\Ghanam\OneDrive\projects\Greeny-Life\.venv\Lib\site-packages\scipy\sparse\linalg\_isolve\tests"
"C:\Users\Ghanam\OneDrive\projects\Greeny-Life\.venv\Lib\site-packages\scipy\spatial\_ckdtree.cp314-win_amd64.pyd","_ckdtree.cp314-win_amd64.pyd",".pyd","861696","7/25/2026 1:31:20 PM","C:\Users\Ghanam\OneDrive\projects\Greeny-Life\.venv\Lib\site-packages\scipy\spatial"
"C:\Users\Ghanam\OneDrive\projects\Greeny-Life\.venv\Lib\site-packages\scipy\spatial\_kdtree.py","_kdtree.py",".py","38903","7/25/2026 1:31:20 PM","C:\Users\Ghanam\OneDrive\projects\Greeny-Life\.venv\Lib\site-packages\scipy\spatial"
"C:\Users\Ghanam\OneDrive\projects\Greeny-Life\.venv\Lib\site-packages\scipy\spatial\_spherical_voronoi.py","_spherical_voronoi.py",".py","13851","7/25/2026 1:31:20 PM","C:\Users\Ghanam\OneDrive\projects\Greeny-Life\.venv\Lib\site-packages\scipy\spatial"
"C:\Users\Ghanam\OneDrive\projects\Greeny-Life\.venv\Lib\site-packages\scipy\spatial\tests\test_kdtree.py","test_kdtree.py",".py","54704","7/25/2026 1:31:20 PM","C:\Users\Ghanam\OneDrive\projects\Greeny-Life\.venv\Lib\site-packages\scipy\spatial\tests"
"C:\Users\Ghanam\OneDrive\projects\Greeny-Life\.venv\Lib\site-packages\scipy\spatial\tests\test_spherical_voronoi.py","test_spherical_voronoi.py",".py","14858","7/25/2026 1:31:20 PM","C:\Users\Ghanam\OneDrive\projects\Greeny-Life\.venv\Lib\site-packages\scipy\spatial\tests"
"C:\Users\Ghanam\OneDrive\projects\Greeny-Life\.venv\Lib\site-packages\scipy\special\_add_newdocs.py","_add_newdocs.py",".py","250693","7/25/2026 1:31:20 PM","C:\Users\Ghanam\OneDrive\projects\Greeny-Life\.venv\Lib\site-packages\scipy\special"
"C:\Users\Ghanam\OneDrive\projects\Greeny-Life\.venv\Lib\site-packages\scipy\stats\qmc.py","qmc.py",".py","11939","7/25/2026 1:31:21 PM","C:\Users\Ghanam\OneDrive\projects\Greeny-Life\.venv\Lib\site-packages\scipy\stats"
"C:\Users\Ghanam\OneDrive\projects\Greeny-Life\.venv\Lib\site-packages\scipy\stats\_continuous_distns.py","_continuous_distns.py",".py","425515","7/25/2026 1:31:21 PM","C:\Users\Ghanam\OneDrive\projects\Greeny-Life\.venv\Lib\site-packages\scipy\stats"
"C:\Users\Ghanam\OneDrive\projects\Greeny-Life\.venv\Lib\site-packages\scipy\stats\_distribution_infrastructure.py","_distribution_infrastructure.py",".py","239815","7/25/2026 1:31:22 PM","C:\Users\Ghanam\OneDrive\projects\Greeny-Life\.venv\Lib\site-packages\scipy\stats"
"C:\Users\Ghanam\OneDrive\projects\Greeny-Life\.venv\Lib\site-packages\scipy\stats\_morestats.py","_morestats.py",".py","199507","7/25/2026 1:31:22 PM","C:\Users\Ghanam\OneDrive\projects\Greeny-Life\.venv\Lib\site-packages\scipy\stats"
"C:\Users\Ghanam\OneDrive\projects\Greeny-Life\.venv\Lib\site-packages\scipy\stats\_probability_distribution.py","_probability_distribution.py",".py","76921","7/25/2026 1:31:22 PM","C:\Users\Ghanam\OneDrive\projects\Greeny-Life\.venv\Lib\site-packages\scipy\stats"
"C:\Users\Ghanam\OneDrive\projects\Greeny-Life\.venv\Lib\site-packages\scipy\stats\_qmc.py","_qmc.py",".py","110569","7/25/2026 1:31:22 PM","C:\Users\Ghanam\OneDrive\projects\Greeny-Life\.venv\Lib\site-packages\scipy\stats"
"C:\Users\Ghanam\OneDrive\projects\Greeny-Life\.venv\Lib\site-packages\scipy\stats\_sampling.py","_sampling.py",".py","47846","7/25/2026 1:31:22 PM","C:\Users\Ghanam\OneDrive\projects\Greeny-Life\.venv\Lib\site-packages\scipy\stats"
"C:\Users\Ghanam\OneDrive\projects\Greeny-Life\.venv\Lib\site-packages\scipy\stats\tests\test_continuous.py","test_continuous.py",".py","101518","7/25/2026 1:31:22 PM","C:\Users\Ghanam\OneDrive\projects\Greeny-Life\.venv\Lib\site-packages\scipy\stats\tests"
"C:\Users\Ghanam\OneDrive\projects\Greeny-Life\.venv\Lib\site-packages\scipy\stats\tests\test_distributions.py","test_distributions.py",".py","435638","7/25/2026 1:31:22 PM","C:\Users\Ghanam\OneDrive\projects\Greeny-Life\.venv\Lib\site-packages\scipy\stats\tests"
"C:\Users\Ghanam\OneDrive\projects\Greeny-Life\.venv\Lib\site-packages\scipy\stats\tests\test_fast_gen_inversion.py","test_fast_gen_inversion.py",".py","16496","7/25/2026 1:31:22 PM","C:\Users\Ghanam\OneDrive\projects\Greeny-Life\.venv\Lib\site-packages\scipy\stats\tests"
"C:\Users\Ghanam\OneDrive\projects\Greeny-Life\.venv\Lib\site-packages\scipy\stats\tests\test_hypotests.py","test_hypotests.py",".py","103433","7/25/2026 1:31:22 PM","C:\Users\Ghanam\OneDrive\projects\Greeny-Life\.venv\Lib\site-packages\scipy\stats\tests"
"C:\Users\Ghanam\OneDrive\projects\Greeny-Life\.venv\Lib\site-packages\scipy\stats\tests\test_qmc.py","test_qmc.py",".py","60781","7/25/2026 1:31:22 PM","C:\Users\Ghanam\OneDrive\projects\Greeny-Life\.venv\Lib\site-packages\scipy\stats\tests"
"C:\Users\Ghanam\OneDrive\projects\Greeny-Life\.venv\Lib\site-packages\scipy\stats\tests\test_sampling.py","test_sampling.py",".py","56617","7/25/2026 1:31:22 PM","C:\Users\Ghanam\OneDrive\projects\Greeny-Life\.venv\Lib\site-packages\scipy\stats\tests"
"C:\Users\Ghanam\OneDrive\projects\Greeny-Life\.venv\Lib\site-packages\scipy\stats\_unuran\unuran_wrapper.pyi","unuran_wrapper.pyi",".pyi","5794","7/25/2026 1:31:23 PM","C:\Users\Ghanam\OneDrive\projects\Greeny-Life\.venv\Lib\site-packages\scipy\stats\_unuran"
"C:\Users\Ghanam\OneDrive\projects\Greeny-Life\.venv\Lib\site-packages\scipy\_external\pyprima\cobyla\cobylb.py","cobylb.py",".py","41478","7/25/2026 1:31:23 PM","C:\Users\Ghanam\OneDrive\projects\Greeny-Life\.venv\Lib\site-packages\scipy\_external\pyprima\cobyla"
"C:\Users\Ghanam\OneDrive\projects\Greeny-Life\.venv\Lib\site-packages\scipy\_lib\_util.py","_util.py",".py","48226","7/25/2026 1:31:24 PM","C:\Users\Ghanam\OneDrive\projects\Greeny-Life\.venv\Lib\site-packages\scipy\_lib"
"C:\Users\Ghanam\OneDrive\projects\Greeny-Life\.venv\Lib\site-packages\scipy\_lib\tests\test__util.py","test__util.py",".py","23164","7/25/2026 1:31:24 PM","C:\Users\Ghanam\OneDrive\projects\Greeny-Life\.venv\Lib\site-packages\scipy\_lib\tests"
"C:\Users\Ghanam\OneDrive\projects\Greeny-Life\.venv\Lib\site-packages\scipy-1.18.0.dist-info\LICENSE.txt","LICENSE.txt",".txt","45881","7/25/2026 1:31:24 PM","C:\Users\Ghanam\OneDrive\projects\Greeny-Life\.venv\Lib\site-packages\scipy-1.18.0.dist-info"
"C:\Users\Ghanam\OneDrive\projects\Greeny-Life\.venv\Lib\site-packages\scipy-1.18.0.dist-info\METADATA","METADATA","","61110","7/25/2026 1:31:24 PM","C:\Users\Ghanam\OneDrive\projects\Greeny-Life\.venv\Lib\site-packages\scipy-1.18.0.dist-info"
"C:\Users\Ghanam\OneDrive\projects\Greeny-Life\.venv\Lib\site-packages\sentence_transformers\base\modality.py","modality.py",".py","34035","7/25/2026 1:35:34 PM","C:\Users\Ghanam\OneDrive\projects\Greeny-Life\.venv\Lib\site-packages\sentence_transformers\base"
"C:\Users\Ghanam\OneDrive\projects\Greeny-Life\.venv\Lib\site-packages\sentence_transformers\base\modality_types.py","modality_types.py",".py","2423","7/25/2026 1:35:34 PM","C:\Users\Ghanam\OneDrive\projects\Greeny-Life\.venv\Lib\site-packages\sentence_transformers\base"
"C:\Users\Ghanam\OneDrive\projects\Greeny-Life\.venv\Lib\site-packages\sentence_transformers\base\model.py","model.py",".py","78005","7/25/2026 1:35:34 PM","C:\Users\Ghanam\OneDrive\projects\Greeny-Life\.venv\Lib\site-packages\sentence_transformers\base"
"C:\Users\Ghanam\OneDrive\projects\Greeny-Life\.venv\Lib\site-packages\sentence_transformers\base\trainer.py","trainer.py",".py","64672","7/25/2026 1:35:34 PM","C:\Users\Ghanam\OneDrive\projects\Greeny-Life\.venv\Lib\site-packages\sentence_transformers\base"
"C:\Users\Ghanam\OneDrive\projects\Greeny-Life\.venv\Lib\site-packages\sentence_transformers\base\modules\module.py","module.py",".py","23273","7/25/2026 1:35:34 PM","C:\Users\Ghanam\OneDrive\projects\Greeny-Life\.venv\Lib\site-packages\sentence_transformers\base\modules"
"C:\Users\Ghanam\OneDrive\projects\Greeny-Life\.venv\Lib\site-packages\sentence_transformers\base\modules\router.py","router.py",".py","34900","7/25/2026 1:35:34 PM","C:\Users\Ghanam\OneDrive\projects\Greeny-Life\.venv\Lib\site-packages\sentence_transformers\base\modules"
"C:\Users\Ghanam\OneDrive\projects\Greeny-Life\.venv\Lib\site-packages\sentence_transformers\base\modules\transformer.py","transformer.py",".py","107816","7/25/2026 1:35:34 PM","C:\Users\Ghanam\OneDrive\projects\Greeny-Life\.venv\Lib\site-packages\sentence_transformers\base\modules"
"C:\Users\Ghanam\OneDrive\projects\Greeny-Life\.venv\Lib\site-packages\sentence_transformers\cross_encoder\model.py","model.py",".py","46309","7/25/2026 1:35:34 PM","C:\Users\Ghanam\OneDrive\projects\Greeny-Life\.venv\Lib\site-packages\sentence_transformers\cross_encoder"
"C:\Users\Ghanam\OneDrive\projects\Greeny-Life\.venv\Lib\site-packages\sentence_transformers\cross_encoder\trainer.py","trainer.py",".py","13382","7/25/2026 1:35:34 PM","C:\Users\Ghanam\OneDrive\projects\Greeny-Life\.venv\Lib\site-packages\sentence_transformers\cross_encoder"
"C:\Users\Ghanam\OneDrive\projects\Greeny-Life\.venv\Lib\site-packages\sentence_transformers\sentence_transformer\model.py","model.py",".py","55756","7/25/2026 1:35:34 PM","C:\Users\Ghanam\OneDrive\projects\Greeny-Life\.venv\Lib\site-packages\sentence_transformers\sentence_transformer"
"C:\Users\Ghanam\OneDrive\projects\Greeny-Life\.venv\Lib\site-packages\sentence_transformers\sentence_transformer\trainer.py","trainer.py",".py","11262","7/25/2026 1:35:34 PM","C:\Users\Ghanam\OneDrive\projects\Greeny-Life\.venv\Lib\site-packages\sentence_transformers\sentence_transformer"
"C:\Users\Ghanam\OneDrive\projects\Greeny-Life\.venv\Lib\site-packages\sentence_transformers\sentence_transformer\modules\clip_model.py","clip_model.py",".py","2880","7/25/2026 1:35:34 PM","C:\Users\Ghanam\OneDrive\projects\Greeny-Life\.venv\Lib\site-packages\sentence_transformers\sentence_transformer\modules"
"C:\Users\Ghanam\OneDrive\projects\Greeny-Life\.venv\Lib\site-packages\sentence_transformers\sparse_encoder\model.py","model.py",".py","63046","7/25/2026 1:35:34 PM","C:\Users\Ghanam\OneDrive\projects\Greeny-Life\.venv\Lib\site-packages\sentence_transformers\sparse_encoder"
"C:\Users\Ghanam\OneDrive\projects\Greeny-Life\.venv\Lib\site-packages\sentence_transformers\sparse_encoder\search_engines.py","search_engines.py",".py","22723","7/25/2026 1:35:34 PM","C:\Users\Ghanam\OneDrive\projects\Greeny-Life\.venv\Lib\site-packages\sentence_transformers\sparse_encoder"
"C:\Users\Ghanam\OneDrive\projects\Greeny-Life\.venv\Lib\site-packages\sentence_transformers\sparse_encoder\trainer.py","trainer.py",".py","12883","7/25/2026 1:35:34 PM","C:\Users\Ghanam\OneDrive\projects\Greeny-Life\.venv\Lib\site-packages\sentence_transformers\sparse_encoder"
"C:\Users\Ghanam\OneDrive\projects\Greeny-Life\.venv\Lib\site-packages\sentence_transformers\util\decorators.py","decorators.py",".py","8653","7/25/2026 1:35:34 PM","C:\Users\Ghanam\OneDrive\projects\Greeny-Life\.venv\Lib\site-packages\sentence_transformers\util"
"C:\Users\Ghanam\OneDrive\projects\Greeny-Life\.venv\Lib\site-packages\sentence_transformers-5.6.1.dist-info\METADATA","METADATA","","18473","7/25/2026 1:35:34 PM","C:\Users\Ghanam\OneDrive\projects\Greeny-Life\.venv\Lib\site-packages\sentence_transformers-5.6.1.dist-info"
"C:\Users\Ghanam\OneDrive\projects\Greeny-Life\.venv\Lib\site-packages\sentence_transformers-5.6.1.dist-info\RECORD","RECORD","","38890","7/25/2026 1:35:36 PM","C:\Users\Ghanam\OneDrive\projects\Greeny-Life\.venv\Lib\site-packages\sentence_transformers-5.6.1.dist-info"
"C:\Users\Ghanam\OneDrive\projects\Greeny-Life\.venv\Lib\site-packages\setuptools\launcher manifest.xml","launcher manifest.xml",".xml","628","7/25/2026 1:30:56 PM","C:\Users\Ghanam\OneDrive\projects\Greeny-Life\.venv\Lib\site-packages\setuptools"
"C:\Users\Ghanam\OneDrive\projects\Greeny-Life\.venv\Lib\site-packages\setuptools\msvc.py","msvc.py",".py","42909","7/25/2026 1:30:56 PM","C:\Users\Ghanam\OneDrive\projects\Greeny-Life\.venv\Lib\site-packages\setuptools"
"C:\Users\Ghanam\OneDrive\projects\Greeny-Life\.venv\Lib\site-packages\setuptools\command\install.py","install.py",".py","5066","7/25/2026 1:30:57 PM","C:\Users\Ghanam\OneDrive\projects\Greeny-Life\.venv\Lib\site-packages\setuptools\command"
"C:\Users\Ghanam\OneDrive\projects\Greeny-Life\.venv\Lib\site-packages\setuptools\config\setuptools.schema.json","setuptools.schema.json",".json","16047","7/25/2026 1:30:58 PM","C:\Users\Ghanam\OneDrive\projects\Greeny-Life\.venv\Lib\site-packages\setuptools\config"
"C:\Users\Ghanam\OneDrive\projects\Greeny-Life\.venv\Lib\site-packages\setuptools\config\_validate_pyproject\fastjsonschema_validations.py","fastjsonschema_validations.py",".py","365819","7/25/2026 1:30:58 PM","C:\Users\Ghanam\OneDrive\projects\Greeny-Life\.venv\Lib\site-packages\setuptools\config\_validate_pyproject"
"C:\Users\Ghanam\OneDrive\projects\Greeny-Life\.venv\Lib\site-packages\setuptools\_distutils\sysconfig.py","sysconfig.py",".py","19728","7/25/2026 1:30:56 PM","C:\Users\Ghanam\OneDrive\projects\Greeny-Life\.venv\Lib\site-packages\setuptools\_distutils"
"C:\Users\Ghanam\OneDrive\projects\Greeny-Life\.venv\Lib\site-packages\setuptools\_distutils\command\build_ext.py","build_ext.py",".py","32690","7/25/2026 1:30:56 PM","C:\Users\Ghanam\OneDrive\projects\Greeny-Life\.venv\Lib\site-packages\setuptools\_distutils\command"
"C:\Users\Ghanam\OneDrive\projects\Greeny-Life\.venv\Lib\site-packages\setuptools\_distutils\command\config.py","config.py",".py","12206","7/25/2026 1:30:56 PM","C:\Users\Ghanam\OneDrive\projects\Greeny-Life\.venv\Lib\site-packages\setuptools\_distutils\command"
"C:\Users\Ghanam\OneDrive\projects\Greeny-Life\.venv\Lib\site-packages\setuptools\_distutils\compilers\C\base.py","base.py",".py","54534","7/25/2026 1:30:56 PM","C:\Users\Ghanam\OneDrive\projects\Greeny-Life\.venv\Lib\site-packages\setuptools\_distutils\compilers\C"
"C:\Users\Ghanam\OneDrive\projects\Greeny-Life\.venv\Lib\site-packages\setuptools\_distutils\compilers\C\cygwin.py","cygwin.py",".py","11874","7/25/2026 1:30:56 PM","C:\Users\Ghanam\OneDrive\projects\Greeny-Life\.venv\Lib\site-packages\setuptools\_distutils\compilers\C"
"C:\Users\Ghanam\OneDrive\projects\Greeny-Life\.venv\Lib\site-packages\setuptools\_distutils\compilers\C\unix.py","unix.py",".py","16475","7/25/2026 1:30:56 PM","C:\Users\Ghanam\OneDrive\projects\Greeny-Life\.venv\Lib\site-packages\setuptools\_distutils\compilers\C"
"C:\Users\Ghanam\OneDrive\projects\Greeny-Life\.venv\Lib\site-packages\setuptools\_distutils\tests\test_config_cmd.py","test_config_cmd.py",".py","2664","7/25/2026 1:30:57 PM","C:\Users\Ghanam\OneDrive\projects\Greeny-Life\.venv\Lib\site-packages\setuptools\_distutils\tests"
"C:\Users\Ghanam\OneDrive\projects\Greeny-Life\.venv\Lib\site-packages\setuptools\_distutils\tests\test_sysconfig.py","test_sysconfig.py",".py","11986","7/25/2026 1:30:57 PM","C:\Users\Ghanam\OneDrive\projects\Greeny-Life\.venv\Lib\site-packages\setuptools\_distutils\tests"
"C:\Users\Ghanam\OneDrive\projects\Greeny-Life\.venv\Lib\site-packages\setuptools\_vendor\autocommand-2.2.2.dist-info\LICENSE","LICENSE","","7634","7/25/2026 1:30:58 PM","C:\Users\Ghanam\OneDrive\projects\Greeny-Life\.venv\Lib\site-packages\setuptools\_vendor\autocommand-2.2.2.dist-info"
"C:\Users\Ghanam\OneDrive\projects\Greeny-Life\.venv\Lib\site-packages\setuptools\_vendor\backports.tarfile-1.2.0.dist-info\METADATA","METADATA","","2020","7/25/2026 1:30:58 PM","C:\Users\Ghanam\OneDrive\projects\Greeny-Life\.venv\Lib\site-packages\setuptools\_vendor\backports.tarfile-1.2.0.dist-info"
"C:\Users\Ghanam\OneDrive\projects\Greeny-Life\.venv\Lib\site-packages\setuptools\_vendor\importlib_metadata-8.7.1.dist-info\METADATA","METADATA","","4670","7/25/2026 1:30:58 PM","C:\Users\Ghanam\OneDrive\projects\Greeny-Life\.venv\Lib\site-packages\setuptools\_vendor\importlib_metadata-8.7.1.dist-info"
"C:\Users\Ghanam\OneDrive\projects\Greeny-Life\.venv\Lib\site-packages\setuptools\_vendor\jaraco\text\show-newlines.py","show-newlines.py",".py","903","7/25/2026 1:30:57 PM","C:\Users\Ghanam\OneDrive\projects\Greeny-Life\.venv\Lib\site-packages\setuptools\_vendor\jaraco\text"
"C:\Users\Ghanam\OneDrive\projects\Greeny-Life\.venv\Lib\site-packages\setuptools\_vendor\jaraco.text-4.0.0.dist-info\METADATA","METADATA","","3731","7/25/2026 1:30:58 PM","C:\Users\Ghanam\OneDrive\projects\Greeny-Life\.venv\Lib\site-packages\setuptools\_vendor\jaraco.text-4.0.0.dist-info"
"C:\Users\Ghanam\OneDrive\projects\Greeny-Life\.venv\Lib\site-packages\setuptools\_vendor\jaraco_context-6.1.0.dist-info\METADATA","METADATA","","4270","7/25/2026 1:30:58 PM","C:\Users\Ghanam\OneDrive\projects\Greeny-Life\.venv\Lib\site-packages\setuptools\_vendor\jaraco_context-6.1.0.dist-info"
"C:\Users\Ghanam\OneDrive\projects\Greeny-Life\.venv\Lib\site-packages\setuptools\_vendor\jaraco_functools-4.4.0.dist-info\METADATA","METADATA","","2960","7/25/2026 1:30:58 PM","C:\Users\Ghanam\OneDrive\projects\Greeny-Life\.venv\Lib\site-packages\setuptools\_vendor\jaraco_functools-4.4.0.dist-info"
"C:\Users\Ghanam\OneDrive\projects\Greeny-Life\.venv\Lib\site-packages\setuptools\_vendor\packaging\_elffile.py","_elffile.py",".py","3211","7/25/2026 1:30:57 PM","C:\Users\Ghanam\OneDrive\projects\Greeny-Life\.venv\Lib\site-packages\setuptools\_vendor\packaging"
"C:\Users\Ghanam\OneDrive\projects\Greeny-Life\.venv\Lib\site-packages\setuptools\_vendor\platformdirs-4.4.0.dist-info\METADATA","METADATA","","12831","7/25/2026 1:30:58 PM","C:\Users\Ghanam\OneDrive\projects\Greeny-Life\.venv\Lib\site-packages\setuptools\_vendor\platformdirs-4.4.0.dist-info"
"C:\Users\Ghanam\OneDrive\projects\Greeny-Life\.venv\Lib\site-packages\setuptools\_vendor\tomli-2.4.0.dist-info\METADATA","METADATA","","10567","7/25/2026 1:30:58 PM","C:\Users\Ghanam\OneDrive\projects\Greeny-Life\.venv\Lib\site-packages\setuptools\_vendor\tomli-2.4.0.dist-info"
"C:\Users\Ghanam\OneDrive\projects\Greeny-Life\.venv\Lib\site-packages\setuptools\_vendor\zipp-3.23.0.dist-info\METADATA","METADATA","","3563","7/25/2026 1:30:59 PM","C:\Users\Ghanam\OneDrive\projects\Greeny-Life\.venv\Lib\site-packages\setuptools\_vendor\zipp-3.23.0.dist-info"
"C:\Users\Ghanam\OneDrive\projects\Greeny-Life\.venv\Lib\site-packages\setuptools-83.0.0.dist-info\METADATA","METADATA","","6581","7/25/2026 1:30:58 PM","C:\Users\Ghanam\OneDrive\projects\Greeny-Life\.venv\Lib\site-packages\setuptools-83.0.0.dist-info"
"C:\Users\Ghanam\OneDrive\projects\Greeny-Life\.venv\Lib\site-packages\sklearn\calibration.py","calibration.py",".py","63272","7/25/2026 1:34:20 PM","C:\Users\Ghanam\OneDrive\projects\Greeny-Life\.venv\Lib\site-packages\sklearn"
"C:\Users\Ghanam\OneDrive\projects\Greeny-Life\.venv\Lib\site-packages\sklearn\kernel_approximation.py","kernel_approximation.py",".py","41935","7/25/2026 1:34:20 PM","C:\Users\Ghanam\OneDrive\projects\Greeny-Life\.venv\Lib\site-packages\sklearn"
"C:\Users\Ghanam\OneDrive\projects\Greeny-Life\.venv\Lib\site-packages\sklearn\multiclass.py","multiclass.py",".py","45800","7/25/2026 1:34:20 PM","C:\Users\Ghanam\OneDrive\projects\Greeny-Life\.venv\Lib\site-packages\sklearn"
"C:\Users\Ghanam\OneDrive\projects\Greeny-Life\.venv\Lib\site-packages\sklearn\pipeline.py","pipeline.py",".py","90871","7/25/2026 1:34:20 PM","C:\Users\Ghanam\OneDrive\projects\Greeny-Life\.venv\Lib\site-packages\sklearn"
"C:\Users\Ghanam\OneDrive\projects\Greeny-Life\.venv\Lib\site-packages\sklearn\_cyutility.cp314-win_amd64.pyd","_cyutility.cp314-win_amd64.pyd",".pyd","131072","7/25/2026 1:34:20 PM","C:\Users\Ghanam\OneDrive\projects\Greeny-Life\.venv\Lib\site-packages\sklearn"
"C:\Users\Ghanam\OneDrive\projects\Greeny-Life\.venv\Lib\site-packages\sklearn\_isotonic.cp314-win_amd64.pyd","_isotonic.cp314-win_amd64.pyd",".pyd","91648","7/25/2026 1:34:20 PM","C:\Users\Ghanam\OneDrive\projects\Greeny-Life\.venv\Lib\site-packages\sklearn"
"C:\Users\Ghanam\OneDrive\projects\Greeny-Life\.venv\Lib\site-packages\sklearn\__init__.py","__init__.py",".py","4671","7/25/2026 1:34:20 PM","C:\Users\Ghanam\OneDrive\projects\Greeny-Life\.venv\Lib\site-packages\sklearn"
"C:\Users\Ghanam\OneDrive\projects\Greeny-Life\.venv\Lib\site-packages\sklearn\cluster\_agglomerative.py","_agglomerative.py",".py","50939","7/25/2026 1:34:20 PM","C:\Users\Ghanam\OneDrive\projects\Greeny-Life\.venv\Lib\site-packages\sklearn\cluster"
"C:\Users\Ghanam\OneDrive\projects\Greeny-Life\.venv\Lib\site-packages\sklearn\cluster\_dbscan.py","_dbscan.py",".py","21064","7/25/2026 1:34:20 PM","C:\Users\Ghanam\OneDrive\projects\Greeny-Life\.venv\Lib\site-packages\sklearn\cluster"
"C:\Users\Ghanam\OneDrive\projects\Greeny-Life\.venv\Lib\site-packages\sklearn\cluster\_dbscan_inner.cp314-win_amd64.pyd","_dbscan_inner.cp314-win_amd64.pyd",".pyd","44544","7/25/2026 1:34:20 PM","C:\Users\Ghanam\OneDrive\projects\Greeny-Life\.venv\Lib\site-packages\sklearn\cluster"
"C:\Users\Ghanam\OneDrive\projects\Greeny-Life\.venv\Lib\site-packages\sklearn\cluster\_hierarchical_fast.cp314-win_amd64.pyd","_hierarchical_fast.cp314-win_amd64.pyd",".pyd","118784","7/25/2026 1:34:20 PM","C:\Users\Ghanam\OneDrive\projects\Greeny-Life\.venv\Lib\site-packages\sklearn\cluster"
"C:\Users\Ghanam\OneDrive\projects\Greeny-Life\.venv\Lib\site-packages\sklearn\cluster\_k_means_common.cp314-win_amd64.pyd","_k_means_common.cp314-win_amd64.pyd",".pyd","198144","7/25/2026 1:34:20 PM","C:\Users\Ghanam\OneDrive\projects\Greeny-Life\.venv\Lib\site-packages\sklearn\cluster"
"C:\Users\Ghanam\OneDrive\projects\Greeny-Life\.venv\Lib\site-packages\sklearn\cluster\_k_means_elkan.cp314-win_amd64.pyd","_k_means_elkan.cp314-win_amd64.pyd",".pyd","218112","7/25/2026 1:34:20 PM","C:\Users\Ghanam\OneDrive\projects\Greeny-Life\.venv\Lib\site-packages\sklearn\cluster"
"C:\Users\Ghanam\OneDrive\projects\Greeny-Life\.venv\Lib\site-packages\sklearn\cluster\_k_means_lloyd.cp314-win_amd64.pyd","_k_means_lloyd.cp314-win_amd64.pyd",".pyd","142848","7/25/2026 1:34:20 PM","C:\Users\Ghanam\OneDrive\projects\Greeny-Life\.venv\Lib\site-packages\sklearn\cluster"
"C:\Users\Ghanam\OneDrive\projects\Greeny-Life\.venv\Lib\site-packages\sklearn\cluster\_k_means_minibatch.cp314-win_amd64.pyd","_k_means_minibatch.cp314-win_amd64.pyd",".pyd","101376","7/25/2026 1:34:20 PM","C:\Users\Ghanam\OneDrive\projects\Greeny-Life\.venv\Lib\site-packages\sklearn\cluster"
"C:\Users\Ghanam\OneDrive\projects\Greeny-Life\.venv\Lib\site-packages\sklearn\cluster\_mean_shift.py","_mean_shift.py",".py","20911","7/25/2026 1:34:20 PM","C:\Users\Ghanam\OneDrive\projects\Greeny-Life\.venv\Lib\site-packages\sklearn\cluster"
"C:\Users\Ghanam\OneDrive\projects\Greeny-Life\.venv\Lib\site-packages\sklearn\cluster\_optics.py","_optics.py",".py","46188","7/25/2026 1:34:20 PM","C:\Users\Ghanam\OneDrive\projects\Greeny-Life\.venv\Lib\site-packages\sklearn\cluster"
"C:\Users\Ghanam\OneDrive\projects\Greeny-Life\.venv\Lib\site-packages\sklearn\cluster\_spectral.py","_spectral.py",".py","31785","7/25/2026 1:34:20 PM","C:\Users\Ghanam\OneDrive\projects\Greeny-Life\.venv\Lib\site-packages\sklearn\cluster"
"C:\Users\Ghanam\OneDrive\projects\Greeny-Life\.venv\Lib\site-packages\sklearn\cluster\tests\test_hierarchical.py","test_hierarchical.py",".py","34062","7/25/2026 1:34:20 PM","C:\Users\Ghanam\OneDrive\projects\Greeny-Life\.venv\Lib\site-packages\sklearn\cluster\tests"
"C:\Users\Ghanam\OneDrive\projects\Greeny-Life\.venv\Lib\site-packages\sklearn\cluster\_hdbscan\hdbscan.py","hdbscan.py",".py","42812","7/25/2026 1:34:20 PM","C:\Users\Ghanam\OneDrive\projects\Greeny-Life\.venv\Lib\site-packages\sklearn\cluster\_hdbscan"
"C:\Users\Ghanam\OneDrive\projects\Greeny-Life\.venv\Lib\site-packages\sklearn\cluster\_hdbscan\_linkage.cp314-win_amd64.pyd","_linkage.cp314-win_amd64.pyd",".pyd","90112","7/25/2026 1:34:20 PM","C:\Users\Ghanam\OneDrive\projects\Greeny-Life\.venv\Lib\site-packages\sklearn\cluster\_hdbscan"
"C:\Users\Ghanam\OneDrive\projects\Greeny-Life\.venv\Lib\site-packages\sklearn\cluster\_hdbscan\_reachability.cp314-win_amd64.pyd","_reachability.cp314-win_amd64.pyd",".pyd","148480","7/25/2026 1:34:20 PM","C:\Users\Ghanam\OneDrive\projects\Greeny-Life\.venv\Lib\site-packages\sklearn\cluster\_hdbscan"
"C:\Users\Ghanam\OneDrive\projects\Greeny-Life\.venv\Lib\site-packages\sklearn\cluster\_hdbscan\_tree.cp314-win_amd64.pyd","_tree.cp314-win_amd64.pyd",".pyd","175616","7/25/2026 1:34:20 PM","C:\Users\Ghanam\OneDrive\projects\Greeny-Life\.venv\Lib\site-packages\sklearn\cluster\_hdbscan"
"C:\Users\Ghanam\OneDrive\projects\Greeny-Life\.venv\Lib\site-packages\sklearn\compose\_column_transformer.py","_column_transformer.py",".py","62705","7/25/2026 1:34:20 PM","C:\Users\Ghanam\OneDrive\projects\Greeny-Life\.venv\Lib\site-packages\sklearn\compose"
"C:\Users\Ghanam\OneDrive\projects\Greeny-Life\.venv\Lib\site-packages\sklearn\compose\tests\test_column_transformer.py","test_column_transformer.py",".py","101453","7/25/2026 1:34:20 PM","C:\Users\Ghanam\OneDrive\projects\Greeny-Life\.venv\Lib\site-packages\sklearn\compose\tests"
"C:\Users\Ghanam\OneDrive\projects\Greeny-Life\.venv\Lib\site-packages\sklearn\covariance\_graph_lasso.py","_graph_lasso.py",".py","42058","7/25/2026 1:34:20 PM","C:\Users\Ghanam\OneDrive\projects\Greeny-Life\.venv\Lib\site-packages\sklearn\covariance"
"C:\Users\Ghanam\OneDrive\projects\Greeny-Life\.venv\Lib\site-packages\sklearn\datasets\_svmlight_format_fast.cp314-win_amd64.pyd","_svmlight_format_fast.cp314-win_amd64.pyd",".pyd","275456","7/25/2026 1:34:20 PM","C:\Users\Ghanam\OneDrive\projects\Greeny-Life\.venv\Lib\site-packages\sklearn\datasets"
"C:\Users\Ghanam\OneDrive\projects\Greeny-Life\.venv\Lib\site-packages\sklearn\datasets\__init__.py","__init__.py",".py","5560","7/25/2026 1:34:20 PM","C:\Users\Ghanam\OneDrive\projects\Greeny-Life\.venv\Lib\site-packages\sklearn\datasets"
"C:\Users\Ghanam\OneDrive\projects\Greeny-Life\.venv\Lib\site-packages\sklearn\datasets\descr\digits.rst","digits.rst",".rst","2053","7/25/2026 1:34:21 PM","C:\Users\Ghanam\OneDrive\projects\Greeny-Life\.venv\Lib\site-packages\sklearn\datasets\descr"
"C:\Users\Ghanam\OneDrive\projects\Greeny-Life\.venv\Lib\site-packages\sklearn\datasets\images\flower.jpg","flower.jpg",".jpg","142987","7/25/2026 1:34:21 PM","C:\Users\Ghanam\OneDrive\projects\Greeny-Life\.venv\Lib\site-packages\sklearn\datasets\images"
"C:\Users\Ghanam\OneDrive\projects\Greeny-Life\.venv\Lib\site-packages\sklearn\decomposition\_cdnmf_fast.cp314-win_amd64.pyd","_cdnmf_fast.cp314-win_amd64.pyd",".pyd","60928","7/25/2026 1:34:21 PM","C:\Users\Ghanam\OneDrive\projects\Greeny-Life\.venv\Lib\site-packages\sklearn\decomposition"
"C:\Users\Ghanam\OneDrive\projects\Greeny-Life\.venv\Lib\site-packages\sklearn\decomposition\_dict_learning.py","_dict_learning.py",".py","81034","7/25/2026 1:34:21 PM","C:\Users\Ghanam\OneDrive\projects\Greeny-Life\.venv\Lib\site-packages\sklearn\decomposition"
"C:\Users\Ghanam\OneDrive\projects\Greeny-Life\.venv\Lib\site-packages\sklearn\decomposition\_kernel_pca.py","_kernel_pca.py",".py","23230","7/25/2026 1:34:21 PM","C:\Users\Ghanam\OneDrive\projects\Greeny-Life\.venv\Lib\site-packages\sklearn\decomposition"
"C:\Users\Ghanam\OneDrive\projects\Greeny-Life\.venv\Lib\site-packages\sklearn\decomposition\_lda.py","_lda.py",".py","35171","7/25/2026 1:34:21 PM","C:\Users\Ghanam\OneDrive\projects\Greeny-Life\.venv\Lib\site-packages\sklearn\decomposition"
"C:\Users\Ghanam\OneDrive\projects\Greeny-Life\.venv\Lib\site-packages\sklearn\decomposition\_online_lda_fast.cp314-win_amd64.pyd","_online_lda_fast.cp314-win_amd64.pyd",".pyd","85504","7/25/2026 1:34:21 PM","C:\Users\Ghanam\OneDrive\projects\Greeny-Life\.venv\Lib\site-packages\sklearn\decomposition"
"C:\Users\Ghanam\OneDrive\projects\Greeny-Life\.venv\Lib\site-packages\sklearn\decomposition\_sparse_pca.py","_sparse_pca.py",".py","18537","7/25/2026 1:34:21 PM","C:\Users\Ghanam\OneDrive\projects\Greeny-Life\.venv\Lib\site-packages\sklearn\decomposition"
"C:\Users\Ghanam\OneDrive\projects\Greeny-Life\.venv\Lib\site-packages\sklearn\ensemble\_bagging.py","_bagging.py",".py","54588","7/25/2026 1:34:21 PM","C:\Users\Ghanam\OneDrive\projects\Greeny-Life\.venv\Lib\site-packages\sklearn\ensemble"
"C:\Users\Ghanam\OneDrive\projects\Greeny-Life\.venv\Lib\site-packages\sklearn\ensemble\_forest.py","_forest.py",".py","122538","7/25/2026 1:34:21 PM","C:\Users\Ghanam\OneDrive\projects\Greeny-Life\.venv\Lib\site-packages\sklearn\ensemble"
"C:\Users\Ghanam\OneDrive\projects\Greeny-Life\.venv\Lib\site-packages\sklearn\ensemble\_gradient_boosting.cp314-win_amd64.pyd","_gradient_boosting.cp314-win_amd64.pyd",".pyd","71680","7/25/2026 1:34:21 PM","C:\Users\Ghanam\OneDrive\projects\Greeny-Life\.venv\Lib\site-packages\sklearn\ensemble"
"C:\Users\Ghanam\OneDrive\projects\Greeny-Life\.venv\Lib\site-packages\sklearn\ensemble\_iforest.py","_iforest.py",".py","25197","7/25/2026 1:34:21 PM","C:\Users\Ghanam\OneDrive\projects\Greeny-Life\.venv\Lib\site-packages\sklearn\ensemble"
"C:\Users\Ghanam\OneDrive\projects\Greeny-Life\.venv\Lib\site-packages\sklearn\ensemble\_stacking.py","_stacking.py",".py","44766","7/25/2026 1:34:21 PM","C:\Users\Ghanam\OneDrive\projects\Greeny-Life\.venv\Lib\site-packages\sklearn\ensemble"
"C:\Users\Ghanam\OneDrive\projects\Greeny-Life\.venv\Lib\site-packages\sklearn\ensemble\_voting.py","_voting.py",".py","26007","7/25/2026 1:34:21 PM","C:\Users\Ghanam\OneDrive\projects\Greeny-Life\.venv\Lib\site-packages\sklearn\ensemble"
"C:\Users\Ghanam\OneDrive\projects\Greeny-Life\.venv\Lib\site-packages\sklearn\ensemble\tests\test_forest.py","test_forest.py",".py","68734","7/25/2026 1:34:21 PM","C:\Users\Ghanam\OneDrive\projects\Greeny-Life\.venv\Lib\site-packages\sklearn\ensemble\tests"
"C:\Users\Ghanam\OneDrive\projects\Greeny-Life\.venv\Lib\site-packages\sklearn\ensemble\_hist_gradient_boosting\common.cp314-win_amd64.pyd","common.cp314-win_amd64.pyd",".pyd","31744","7/25/2026 1:34:21 PM","C:\Users\Ghanam\OneDrive\projects\Greeny-Life\.venv\Lib\site-packages\sklearn\ensemble\_hist_gradient_boosting"
"C:\Users\Ghanam\OneDrive\projects\Greeny-Life\.venv\Lib\site-packages\sklearn\ensemble\_hist_gradient_boosting\gradient_boosting.py","gradient_boosting.py",".py","95119","7/25/2026 1:34:21 PM","C:\Users\Ghanam\OneDrive\projects\Greeny-Life\.venv\Lib\site-packages\sklearn\ensemble\_hist_gradient_boosting"
"C:\Users\Ghanam\OneDrive\projects\Greeny-Life\.venv\Lib\site-packages\sklearn\ensemble\_hist_gradient_boosting\grower.py","grower.py",".py","33669","7/25/2026 1:34:21 PM","C:\Users\Ghanam\OneDrive\projects\Greeny-Life\.venv\Lib\site-packages\sklearn\ensemble\_hist_gradient_boosting"
"C:\Users\Ghanam\OneDrive\projects\Greeny-Life\.venv\Lib\site-packages\sklearn\ensemble\_hist_gradient_boosting\histogram.cp314-win_amd64.pyd","histogram.cp314-win_amd64.pyd",".pyd","129536","7/25/2026 1:34:21 PM","C:\Users\Ghanam\OneDrive\projects\Greeny-Life\.venv\Lib\site-packages\sklearn\ensemble\_hist_gradient_boosting"
"C:\Users\Ghanam\OneDrive\projects\Greeny-Life\.venv\Lib\site-packages\sklearn\ensemble\_hist_gradient_boosting\histogram.pyx","histogram.pyx",".pyx","21336","7/25/2026 1:34:21 PM","C:\Users\Ghanam\OneDrive\projects\Greeny-Life\.venv\Lib\site-packages\sklearn\ensemble\_hist_gradient_boosting"
"C:\Users\Ghanam\OneDrive\projects\Greeny-Life\.venv\Lib\site-packages\sklearn\ensemble\_hist_gradient_boosting\splitting.cp314-win_amd64.pyd","splitting.cp314-win_amd64.pyd",".pyd","138752","7/25/2026 1:34:21 PM","C:\Users\Ghanam\OneDrive\projects\Greeny-Life\.venv\Lib\site-packages\sklearn\ensemble\_hist_gradient_boosting"
"C:\Users\Ghanam\OneDrive\projects\Greeny-Life\.venv\Lib\site-packages\sklearn\ensemble\_hist_gradient_boosting\_binning.cp314-win_amd64.pyd","_binning.cp314-win_amd64.pyd",".pyd","44544","7/25/2026 1:34:21 PM","C:\Users\Ghanam\OneDrive\projects\Greeny-Life\.venv\Lib\site-packages\sklearn\ensemble\_hist_gradient_boosting"
"C:\Users\Ghanam\OneDrive\projects\Greeny-Life\.venv\Lib\site-packages\sklearn\ensemble\_hist_gradient_boosting\_gradient_boosting.cp314-win_amd64.pyd","_gradient_boosting.cp314-win_amd64.pyd",".pyd","48128","7/25/2026 1:34:21 PM","C:\Users\Ghanam\OneDrive\projects\Greeny-Life\.venv\Lib\site-packages\sklearn\ensemble\_hist_gradient_boosting"
"C:\Users\Ghanam\OneDrive\projects\Greeny-Life\.venv\Lib\site-packages\sklearn\ensemble\_hist_gradient_boosting\_predictor.cp314-win_amd64.pyd","_predictor.cp314-win_amd64.pyd",".pyd","66048","7/25/2026 1:34:21 PM","C:\Users\Ghanam\OneDrive\projects\Greeny-Life\.venv\Lib\site-packages\sklearn\ensemble\_hist_gradient_boosting"
"C:\Users\Ghanam\OneDrive\projects\Greeny-Life\.venv\Lib\site-packages\sklearn\ensemble\_hist_gradient_boosting\tests\test_gradient_boosting.py","test_gradient_boosting.py",".py","65387","7/25/2026 1:34:21 PM","C:\Users\Ghanam\OneDrive\projects\Greeny-Life\.venv\Lib\site-packages\sklearn\ensemble\_hist_gradient_boosting\tests"
"C:\Users\Ghanam\OneDrive\projects\Greeny-Life\.venv\Lib\site-packages\sklearn\ensemble\_hist_gradient_boosting\tests\test_monotonic_constraints.py","test_monotonic_constraints.py",".py","17383","7/25/2026 1:34:21 PM","C:\Users\Ghanam\OneDrive\projects\Greeny-Life\.venv\Lib\site-packages\sklearn\ensemble\_hist_gradient_boosting\tests"
"C:\Users\Ghanam\OneDrive\projects\Greeny-Life\.venv\Lib\site-packages\sklearn\ensemble\_hist_gradient_boosting\tests\test_splitting.py","test_splitting.py",".py","39709","7/25/2026 1:34:21 PM","C:\Users\Ghanam\OneDrive\projects\Greeny-Life\.venv\Lib\site-packages\sklearn\ensemble\_hist_gradient_boosting\tests"
"C:\Users\Ghanam\OneDrive\projects\Greeny-Life\.venv\Lib\site-packages\sklearn\feature_extraction\text.py","text.py",".py","79590","7/25/2026 1:34:21 PM","C:\Users\Ghanam\OneDrive\projects\Greeny-Life\.venv\Lib\site-packages\sklearn\feature_extraction"
"C:\Users\Ghanam\OneDrive\projects\Greeny-Life\.venv\Lib\site-packages\sklearn\feature_extraction\_hashing_fast.cp314-win_amd64.pyd","_hashing_fast.cp314-win_amd64.pyd",".pyd","61440","7/25/2026 1:34:21 PM","C:\Users\Ghanam\OneDrive\projects\Greeny-Life\.venv\Lib\site-packages\sklearn\feature_extraction"
"C:\Users\Ghanam\OneDrive\projects\Greeny-Life\.venv\Lib\site-packages\sklearn\feature_extraction\tests\test_text.py","test_text.py",".py","54947","7/25/2026 1:34:21 PM","C:\Users\Ghanam\OneDrive\projects\Greeny-Life\.venv\Lib\site-packages\sklearn\feature_extraction\tests"
"C:\Users\Ghanam\OneDrive\projects\Greeny-Life\.venv\Lib\site-packages\sklearn\feature_selection\_mutual_info.py","_mutual_info.py",".py","20596","7/25/2026 1:34:21 PM","C:\Users\Ghanam\OneDrive\projects\Greeny-Life\.venv\Lib\site-packages\sklearn\feature_selection"
"C:\Users\Ghanam\OneDrive\projects\Greeny-Life\.venv\Lib\site-packages\sklearn\feature_selection\_rfe.py","_rfe.py",".py","38069","7/25/2026 1:34:21 PM","C:\Users\Ghanam\OneDrive\projects\Greeny-Life\.venv\Lib\site-packages\sklearn\feature_selection"
"C:\Users\Ghanam\OneDrive\projects\Greeny-Life\.venv\Lib\site-packages\sklearn\feature_selection\_sequential.py","_sequential.py",".py","14346","7/25/2026 1:34:21 PM","C:\Users\Ghanam\OneDrive\projects\Greeny-Life\.venv\Lib\site-packages\sklearn\feature_selection"
"C:\Users\Ghanam\OneDrive\projects\Greeny-Life\.venv\Lib\site-packages\sklearn\gaussian_process\kernels.py","kernels.py",".py","87724","7/25/2026 1:34:21 PM","C:\Users\Ghanam\OneDrive\projects\Greeny-Life\.venv\Lib\site-packages\sklearn\gaussian_process"
"C:\Users\Ghanam\OneDrive\projects\Greeny-Life\.venv\Lib\site-packages\sklearn\gaussian_process\_gpc.py","_gpc.py",".py","40360","7/25/2026 1:34:21 PM","C:\Users\Ghanam\OneDrive\projects\Greeny-Life\.venv\Lib\site-packages\sklearn\gaussian_process"
"C:\Users\Ghanam\OneDrive\projects\Greeny-Life\.venv\Lib\site-packages\sklearn\inspection\_permutation_importance.py","_permutation_importance.py",".py","11744","7/25/2026 1:34:21 PM","C:\Users\Ghanam\OneDrive\projects\Greeny-Life\.venv\Lib\site-packages\sklearn\inspection"
"C:\Users\Ghanam\OneDrive\projects\Greeny-Life\.venv\Lib\site-packages\sklearn\inspection\tests\test_partial_dependence.py","test_partial_dependence.py",".py","41957","7/25/2026 1:34:21 PM","C:\Users\Ghanam\OneDrive\projects\Greeny-Life\.venv\Lib\site-packages\sklearn\inspection\tests"
"C:\Users\Ghanam\OneDrive\projects\Greeny-Life\.venv\Lib\site-packages\sklearn\inspection\_plot\partial_dependence.py","partial_dependence.py",".py","62955","7/25/2026 1:34:21 PM","C:\Users\Ghanam\OneDrive\projects\Greeny-Life\.venv\Lib\site-packages\sklearn\inspection\_plot"
"C:\Users\Ghanam\OneDrive\projects\Greeny-Life\.venv\Lib\site-packages\sklearn\inspection\_plot\tests\test_plot_partial_dependence.py","test_plot_partial_dependence.py",".py","42568","7/25/2026 1:34:21 PM","C:\Users\Ghanam\OneDrive\projects\Greeny-Life\.venv\Lib\site-packages\sklearn\inspection\_plot\tests"
"C:\Users\Ghanam\OneDrive\projects\Greeny-Life\.venv\Lib\site-packages\sklearn\linear_model\_base.py","_base.py",".py","31984","7/25/2026 1:34:21 PM","C:\Users\Ghanam\OneDrive\projects\Greeny-Life\.venv\Lib\site-packages\sklearn\linear_model"
"C:\Users\Ghanam\OneDrive\projects\Greeny-Life\.venv\Lib\site-packages\sklearn\linear_model\_cd_fast.cp314-win_amd64.pyd","_cd_fast.cp314-win_amd64.pyd",".pyd","315392","7/25/2026 1:34:21 PM","C:\Users\Ghanam\OneDrive\projects\Greeny-Life\.venv\Lib\site-packages\sklearn\linear_model"
"C:\Users\Ghanam\OneDrive\projects\Greeny-Life\.venv\Lib\site-packages\sklearn\linear_model\_coordinate_descent.py","_coordinate_descent.py",".py","123726","7/25/2026 1:34:21 PM","C:\Users\Ghanam\OneDrive\projects\Greeny-Life\.venv\Lib\site-packages\sklearn\linear_model"
"C:\Users\Ghanam\OneDrive\projects\Greeny-Life\.venv\Lib\site-packages\sklearn\linear_model\_least_angle.py","_least_angle.py",".py","85485","7/25/2026 1:34:21 PM","C:\Users\Ghanam\OneDrive\projects\Greeny-Life\.venv\Lib\site-packages\sklearn\linear_model"
"C:\Users\Ghanam\OneDrive\projects\Greeny-Life\.venv\Lib\site-packages\sklearn\linear_model\_logistic.py","_logistic.py",".py","103093","7/25/2026 1:34:21 PM","C:\Users\Ghanam\OneDrive\projects\Greeny-Life\.venv\Lib\site-packages\sklearn\linear_model"
"C:\Users\Ghanam\OneDrive\projects\Greeny-Life\.venv\Lib\site-packages\sklearn\linear_model\_omp.py","_omp.py",".py","39485","7/25/2026 1:34:21 PM","C:\Users\Ghanam\OneDrive\projects\Greeny-Life\.venv\Lib\site-packages\sklearn\linear_model"
"C:\Users\Ghanam\OneDrive\projects\Greeny-Life\.venv\Lib\site-packages\sklearn\linear_model\_passive_aggressive.py","_passive_aggressive.py",".py","21786","7/25/2026 1:34:21 PM","C:\Users\Ghanam\OneDrive\projects\Greeny-Life\.venv\Lib\site-packages\sklearn\linear_model"
"C:\Users\Ghanam\OneDrive\projects\Greeny-Life\.venv\Lib\site-packages\sklearn\linear_model\_perceptron.py","_perceptron.py",".py","7819","7/25/2026 1:34:21 PM","C:\Users\Ghanam\OneDrive\projects\Greeny-Life\.venv\Lib\site-packages\sklearn\linear_model"
"C:\Users\Ghanam\OneDrive\projects\Greeny-Life\.venv\Lib\site-packages\sklearn\linear_model\_sag_fast.cp314-win_amd64.pyd","_sag_fast.cp314-win_amd64.pyd",".pyd","98304","7/25/2026 1:34:21 PM","C:\Users\Ghanam\OneDrive\projects\Greeny-Life\.venv\Lib\site-packages\sklearn\linear_model"
"C:\Users\Ghanam\OneDrive\projects\Greeny-Life\.venv\Lib\site-packages\sklearn\linear_model\_sgd_fast.cp314-win_amd64.pyd","_sgd_fast.cp314-win_amd64.pyd",".pyd","141312","7/25/2026 1:34:21 PM","C:\Users\Ghanam\OneDrive\projects\Greeny-Life\.venv\Lib\site-packages\sklearn\linear_model"
"C:\Users\Ghanam\OneDrive\projects\Greeny-Life\.venv\Lib\site-packages\sklearn\linear_model\_stochastic_gradient.py","_stochastic_gradient.py",".py","96752","7/25/2026 1:34:21 PM","C:\Users\Ghanam\OneDrive\projects\Greeny-Life\.venv\Lib\site-packages\sklearn\linear_model"
"C:\Users\Ghanam\OneDrive\projects\Greeny-Life\.venv\Lib\site-packages\sklearn\linear_model\_theil_sen.py","_theil_sen.py",".py","16178","7/25/2026 1:34:21 PM","C:\Users\Ghanam\OneDrive\projects\Greeny-Life\.venv\Lib\site-packages\sklearn\linear_model"
"C:\Users\Ghanam\OneDrive\projects\Greeny-Life\.venv\Lib\site-packages\sklearn\manifold\_barnes_hut_tsne.cp314-win_amd64.pyd","_barnes_hut_tsne.cp314-win_amd64.pyd",".pyd","65536","7/25/2026 1:34:21 PM","C:\Users\Ghanam\OneDrive\projects\Greeny-Life\.venv\Lib\site-packages\sklearn\manifold"
"C:\Users\Ghanam\OneDrive\projects\Greeny-Life\.venv\Lib\site-packages\sklearn\manifold\_isomap.py","_isomap.py",".py","16277","7/25/2026 1:34:21 PM","C:\Users\Ghanam\OneDrive\projects\Greeny-Life\.venv\Lib\site-packages\sklearn\manifold"
"C:\Users\Ghanam\OneDrive\projects\Greeny-Life\.venv\Lib\site-packages\sklearn\manifold\_locally_linear.py","_locally_linear.py",".py","31830","7/25/2026 1:34:21 PM","C:\Users\Ghanam\OneDrive\projects\Greeny-Life\.venv\Lib\site-packages\sklearn\manifold"
"C:\Users\Ghanam\OneDrive\projects\Greeny-Life\.venv\Lib\site-packages\sklearn\manifold\_mds.py","_mds.py",".py","31061","7/25/2026 1:34:21 PM","C:\Users\Ghanam\OneDrive\projects\Greeny-Life\.venv\Lib\site-packages\sklearn\manifold"
"C:\Users\Ghanam\OneDrive\projects\Greeny-Life\.venv\Lib\site-packages\sklearn\manifold\_spectral_embedding.py","_spectral_embedding.py",".py","31217","7/25/2026 1:34:21 PM","C:\Users\Ghanam\OneDrive\projects\Greeny-Life\.venv\Lib\site-packages\sklearn\manifold"
"C:\Users\Ghanam\OneDrive\projects\Greeny-Life\.venv\Lib\site-packages\sklearn\manifold\_t_sne.py","_t_sne.py",".py","45263","7/25/2026 1:34:21 PM","C:\Users\Ghanam\OneDrive\projects\Greeny-Life\.venv\Lib\site-packages\sklearn\manifold"
"C:\Users\Ghanam\OneDrive\projects\Greeny-Life\.venv\Lib\site-packages\sklearn\manifold\_utils.cp314-win_amd64.pyd","_utils.cp314-win_amd64.pyd",".pyd","47104","7/25/2026 1:34:21 PM","C:\Users\Ghanam\OneDrive\projects\Greeny-Life\.venv\Lib\site-packages\sklearn\manifold"
"C:\Users\Ghanam\OneDrive\projects\Greeny-Life\.venv\Lib\site-packages\sklearn\metrics\pairwise.py","pairwise.py",".py","94673","7/25/2026 1:34:21 PM","C:\Users\Ghanam\OneDrive\projects\Greeny-Life\.venv\Lib\site-packages\sklearn\metrics"
"C:\Users\Ghanam\OneDrive\projects\Greeny-Life\.venv\Lib\site-packages\sklearn\metrics\_dist_metrics.cp314-win_amd64.pyd","_dist_metrics.cp314-win_amd64.pyd",".pyd","395776","7/25/2026 1:34:21 PM","C:\Users\Ghanam\OneDrive\projects\Greeny-Life\.venv\Lib\site-packages\sklearn\metrics"
"C:\Users\Ghanam\OneDrive\projects\Greeny-Life\.venv\Lib\site-packages\sklearn\metrics\_pairwise_fast.cp314-win_amd64.pyd","_pairwise_fast.cp314-win_amd64.pyd",".pyd","84480","7/25/2026 1:34:21 PM","C:\Users\Ghanam\OneDrive\projects\Greeny-Life\.venv\Lib\site-packages\sklearn\metrics"
"C:\Users\Ghanam\OneDrive\projects\Greeny-Life\.venv\Lib\site-packages\sklearn\metrics\cluster\_expected_mutual_info_fast.cp314-win_amd64.pyd","_expected_mutual_info_fast.cp314-win_amd64.pyd",".pyd","57856","7/25/2026 1:34:21 PM","C:\Users\Ghanam\OneDrive\projects\Greeny-Life\.venv\Lib\site-packages\sklearn\metrics\cluster"
"C:\Users\Ghanam\OneDrive\projects\Greeny-Life\.venv\Lib\site-packages\sklearn\metrics\_pairwise_distances_reduction\_argkmin.cp314-win_amd64.pyd","_argkmin.cp314-win_amd64.pyd",".pyd","129536","7/25/2026 1:34:21 PM","C:\Users\Ghanam\OneDrive\projects\Greeny-Life\.venv\Lib\site-packages\sklearn\metrics\_pairwise_distances_reduction"
"C:\Users\Ghanam\OneDrive\projects\Greeny-Life\.venv\Lib\site-packages\sklearn\metrics\_pairwise_distances_reduction\_argkmin_classmode.cp314-win_amd64.pyd","_argkmin_classmode.cp314-win_amd64.pyd",".pyd","86016","7/25/2026 1:34:21 PM","C:\Users\Ghanam\OneDrive\projects\Greeny-Life\.venv\Lib\site-packages\sklearn\metrics\_pairwise_distances_reduction"
"C:\Users\Ghanam\OneDrive\projects\Greeny-Life\.venv\Lib\site-packages\sklearn\metrics\_pairwise_distances_reduction\_base.cp314-win_amd64.pyd","_base.cp314-win_amd64.pyd",".pyd","109056","7/25/2026 1:34:21 PM","C:\Users\Ghanam\OneDrive\projects\Greeny-Life\.venv\Lib\site-packages\sklearn\metrics\_pairwise_distances_reduction"
"C:\Users\Ghanam\OneDrive\projects\Greeny-Life\.venv\Lib\site-packages\sklearn\metrics\_pairwise_distances_reduction\_datasets_pair.cp314-win_amd64.pyd","_datasets_pair.cp314-win_amd64.pyd",".pyd","203264","7/25/2026 1:34:21 PM","C:\Users\Ghanam\OneDrive\projects\Greeny-Life\.venv\Lib\site-packages\sklearn\metrics\_pairwise_distances_reduction"
"C:\Users\Ghanam\OneDrive\projects\Greeny-Life\.venv\Lib\site-packages\sklearn\metrics\_pairwise_distances_reduction\_middle_term_computer.cp314-win_amd64.pyd","_middle_term_computer.cp314-win_amd64.pyd",".pyd","210432","7/25/2026 1:34:21 PM","C:\Users\Ghanam\OneDrive\projects\Greeny-Life\.venv\Lib\site-packages\sklearn\metrics\_pairwise_distances_reduction"
"C:\Users\Ghanam\OneDrive\projects\Greeny-Life\.venv\Lib\site-packages\sklearn\metrics\_pairwise_distances_reduction\_radius_neighbors.cp314-win_amd64.pyd","_radius_neighbors.cp314-win_amd64.pyd",".pyd","161792","7/25/2026 1:34:21 PM","C:\Users\Ghanam\OneDrive\projects\Greeny-Life\.venv\Lib\site-packages\sklearn\metrics\_pairwise_distances_reduction"
"C:\Users\Ghanam\OneDrive\projects\Greeny-Life\.venv\Lib\site-packages\sklearn\metrics\_pairwise_distances_reduction\_radius_neighbors_classmode.cp314-win_amd64.pyd","_radius_neighbors_classmode.cp314-win_amd64.pyd",".pyd","94208","7/25/2026 1:34:21 PM","C:\Users\Ghanam\OneDrive\projects\Greeny-Life\.venv\Lib\site-packages\sklearn\metrics\_pairwise_distances_reduction"
"C:\Users\Ghanam\OneDrive\projects\Greeny-Life\.venv\Lib\site-packages\sklearn\model_selection\_classification_threshold.py","_classification_threshold.py",".py","33919","7/25/2026 1:34:21 PM","C:\Users\Ghanam\OneDrive\projects\Greeny-Life\.venv\Lib\site-packages\sklearn\model_selection"
"C:\Users\Ghanam\OneDrive\projects\Greeny-Life\.venv\Lib\site-packages\sklearn\model_selection\_plot.py","_plot.py",".py","35491","7/25/2026 1:34:21 PM","C:\Users\Ghanam\OneDrive\projects\Greeny-Life\.venv\Lib\site-packages\sklearn\model_selection"
"C:\Users\Ghanam\OneDrive\projects\Greeny-Life\.venv\Lib\site-packages\sklearn\model_selection\_search.py","_search.py",".py","87473","7/25/2026 1:34:21 PM","C:\Users\Ghanam\OneDrive\projects\Greeny-Life\.venv\Lib\site-packages\sklearn\model_selection"
"C:\Users\Ghanam\OneDrive\projects\Greeny-Life\.venv\Lib\site-packages\sklearn\model_selection\_search_successive_halving.py","_search_successive_halving.py",".py","47267","7/25/2026 1:34:21 PM","C:\Users\Ghanam\OneDrive\projects\Greeny-Life\.venv\Lib\site-packages\sklearn\model_selection"
"C:\Users\Ghanam\OneDrive\projects\Greeny-Life\.venv\Lib\site-packages\sklearn\model_selection\_split.py","_split.py",".py","115709","7/25/2026 1:34:21 PM","C:\Users\Ghanam\OneDrive\projects\Greeny-Life\.venv\Lib\site-packages\sklearn\model_selection"
"C:\Users\Ghanam\OneDrive\projects\Greeny-Life\.venv\Lib\site-packages\sklearn\model_selection\_validation.py","_validation.py",".py","98489","7/25/2026 1:34:21 PM","C:\Users\Ghanam\OneDrive\projects\Greeny-Life\.venv\Lib\site-packages\sklearn\model_selection"
"C:\Users\Ghanam\OneDrive\projects\Greeny-Life\.venv\Lib\site-packages\sklearn\neighbors\_ball_tree.cp314-win_amd64.pyd","_ball_tree.cp314-win_amd64.pyd",".pyd","383488","7/25/2026 1:34:21 PM","C:\Users\Ghanam\OneDrive\projects\Greeny-Life\.venv\Lib\site-packages\sklearn\neighbors"
"C:\Users\Ghanam\OneDrive\projects\Greeny-Life\.venv\Lib\site-packages\sklearn\neighbors\_classification.py","_classification.py",".py","36077","7/25/2026 1:34:21 PM","C:\Users\Ghanam\OneDrive\projects\Greeny-Life\.venv\Lib\site-packages\sklearn\neighbors"
"C:\Users\Ghanam\OneDrive\projects\Greeny-Life\.venv\Lib\site-packages\sklearn\neighbors\_graph.py","_graph.py",".py","25393","7/25/2026 1:34:21 PM","C:\Users\Ghanam\OneDrive\projects\Greeny-Life\.venv\Lib\site-packages\sklearn\neighbors"
"C:\Users\Ghanam\OneDrive\projects\Greeny-Life\.venv\Lib\site-packages\sklearn\neighbors\_kd_tree.cp314-win_amd64.pyd","_kd_tree.cp314-win_amd64.pyd",".pyd","384000","7/25/2026 1:34:21 PM","C:\Users\Ghanam\OneDrive\projects\Greeny-Life\.venv\Lib\site-packages\sklearn\neighbors"
"C:\Users\Ghanam\OneDrive\projects\Greeny-Life\.venv\Lib\site-packages\sklearn\neighbors\_lof.py","_lof.py",".py","20754","7/25/2026 1:34:21 PM","C:\Users\Ghanam\OneDrive\projects\Greeny-Life\.venv\Lib\site-packages\sklearn\neighbors"
"C:\Users\Ghanam\OneDrive\projects\Greeny-Life\.venv\Lib\site-packages\sklearn\neighbors\_partition_nodes.cp314-win_amd64.pyd","_partition_nodes.cp314-win_amd64.pyd",".pyd","25600","7/25/2026 1:34:21 PM","C:\Users\Ghanam\OneDrive\projects\Greeny-Life\.venv\Lib\site-packages\sklearn\neighbors"
"C:\Users\Ghanam\OneDrive\projects\Greeny-Life\.venv\Lib\site-packages\sklearn\neighbors\_quad_tree.cp314-win_amd64.pyd","_quad_tree.cp314-win_amd64.pyd",".pyd","112640","7/25/2026 1:34:21 PM","C:\Users\Ghanam\OneDrive\projects\Greeny-Life\.venv\Lib\site-packages\sklearn\neighbors"
"C:\Users\Ghanam\OneDrive\projects\Greeny-Life\.venv\Lib\site-packages\sklearn\neighbors\_regression.py","_regression.py",".py","18887","7/25/2026 1:34:21 PM","C:\Users\Ghanam\OneDrive\projects\Greeny-Life\.venv\Lib\site-packages\sklearn\neighbors"
"C:\Users\Ghanam\OneDrive\projects\Greeny-Life\.venv\Lib\site-packages\sklearn\neighbors\_unsupervised.py","_unsupervised.py",".py","6462","7/25/2026 1:34:21 PM","C:\Users\Ghanam\OneDrive\projects\Greeny-Life\.venv\Lib\site-packages\sklearn\neighbors"
"C:\Users\Ghanam\OneDrive\projects\Greeny-Life\.venv\Lib\site-packages\sklearn\preprocessing\_csr_polynomial_expansion.cp314-win_amd64.pyd","_csr_polynomial_expansion.cp314-win_amd64.pyd",".pyd","216064","7/25/2026 1:34:21 PM","C:\Users\Ghanam\OneDrive\projects\Greeny-Life\.venv\Lib\site-packages\sklearn\preprocessing"
"C:\Users\Ghanam\OneDrive\projects\Greeny-Life\.venv\Lib\site-packages\sklearn\preprocessing\_polynomial.py","_polynomial.py",".py","52260","7/25/2026 1:34:21 PM","C:\Users\Ghanam\OneDrive\projects\Greeny-Life\.venv\Lib\site-packages\sklearn\preprocessing"
"C:\Users\Ghanam\OneDrive\projects\Greeny-Life\.venv\Lib\site-packages\sklearn\preprocessing\_target_encoder_fast.cp314-win_amd64.pyd","_target_encoder_fast.cp314-win_amd64.pyd",".pyd","259072","7/25/2026 1:34:21 PM","C:\Users\Ghanam\OneDrive\projects\Greeny-Life\.venv\Lib\site-packages\sklearn\preprocessing"
"C:\Users\Ghanam\OneDrive\projects\Greeny-Life\.venv\Lib\site-packages\sklearn\semi_supervised\_label_propagation.py","_label_propagation.py",".py","22445","7/25/2026 1:34:21 PM","C:\Users\Ghanam\OneDrive\projects\Greeny-Life\.venv\Lib\site-packages\sklearn\semi_supervised"
"C:\Users\Ghanam\OneDrive\projects\Greeny-Life\.venv\Lib\site-packages\sklearn\svm\_liblinear.cp314-win_amd64.pyd","_liblinear.cp314-win_amd64.pyd",".pyd","114176","7/25/2026 1:34:21 PM","C:\Users\Ghanam\OneDrive\projects\Greeny-Life\.venv\Lib\site-packages\sklearn\svm"
"C:\Users\Ghanam\OneDrive\projects\Greeny-Life\.venv\Lib\site-packages\sklearn\svm\_libsvm.cp314-win_amd64.pyd","_libsvm.cp314-win_amd64.pyd",".pyd","250368","7/25/2026 1:34:21 PM","C:\Users\Ghanam\OneDrive\projects\Greeny-Life\.venv\Lib\site-packages\sklearn\svm"
"C:\Users\Ghanam\OneDrive\projects\Greeny-Life\.venv\Lib\site-packages\sklearn\svm\_libsvm_sparse.cp314-win_amd64.pyd","_libsvm_sparse.cp314-win_amd64.pyd",".pyd","201216","7/25/2026 1:34:22 PM","C:\Users\Ghanam\OneDrive\projects\Greeny-Life\.venv\Lib\site-packages\sklearn\svm"
"C:\Users\Ghanam\OneDrive\projects\Greeny-Life\.venv\Lib\site-packages\sklearn\svm\_newrand.cp314-win_amd64.pyd","_newrand.cp314-win_amd64.pyd",".pyd","39424","7/25/2026 1:34:22 PM","C:\Users\Ghanam\OneDrive\projects\Greeny-Life\.venv\Lib\site-packages\sklearn\svm"
"C:\Users\Ghanam\OneDrive\projects\Greeny-Life\.venv\Lib\site-packages\sklearn\svm\src\liblinear\linear.cpp","linear.cpp",".cpp","65721","7/25/2026 1:34:22 PM","C:\Users\Ghanam\OneDrive\projects\Greeny-Life\.venv\Lib\site-packages\sklearn\svm\src\liblinear"
"C:\Users\Ghanam\OneDrive\projects\Greeny-Life\.venv\Lib\site-packages\sklearn\svm\src\libsvm\svm.cpp","svm.cpp",".cpp","72500","7/25/2026 1:34:22 PM","C:\Users\Ghanam\OneDrive\projects\Greeny-Life\.venv\Lib\site-packages\sklearn\svm\src\libsvm"
"C:\Users\Ghanam\OneDrive\projects\Greeny-Life\.venv\Lib\site-packages\sklearn\svm\src\newrand\newrand.h","newrand.h",".h","1899","7/25/2026 1:34:22 PM","C:\Users\Ghanam\OneDrive\projects\Greeny-Life\.venv\Lib\site-packages\sklearn\svm\src\newrand"
"C:\Users\Ghanam\OneDrive\projects\Greeny-Life\.venv\Lib\site-packages\sklearn\tests\test_pipeline.py","test_pipeline.py",".py","93526","7/25/2026 1:34:22 PM","C:\Users\Ghanam\OneDrive\projects\Greeny-Life\.venv\Lib\site-packages\sklearn\tests"
"C:\Users\Ghanam\OneDrive\projects\Greeny-Life\.venv\Lib\site-packages\sklearn\tree\_classes.py","_classes.py",".py","79227","7/25/2026 1:34:22 PM","C:\Users\Ghanam\OneDrive\projects\Greeny-Life\.venv\Lib\site-packages\sklearn\tree"
"C:\Users\Ghanam\OneDrive\projects\Greeny-Life\.venv\Lib\site-packages\sklearn\tree\_criterion.cp314-win_amd64.pyd","_criterion.cp314-win_amd64.pyd",".pyd","158720","7/25/2026 1:34:22 PM","C:\Users\Ghanam\OneDrive\projects\Greeny-Life\.venv\Lib\site-packages\sklearn\tree"
"C:\Users\Ghanam\OneDrive\projects\Greeny-Life\.venv\Lib\site-packages\sklearn\tree\_partitioner.cp314-win_amd64.pyd","_partitioner.cp314-win_amd64.pyd",".pyd","118272","7/25/2026 1:34:22 PM","C:\Users\Ghanam\OneDrive\projects\Greeny-Life\.venv\Lib\site-packages\sklearn\tree"
"C:\Users\Ghanam\OneDrive\projects\Greeny-Life\.venv\Lib\site-packages\sklearn\tree\_splitter.cp314-win_amd64.pyd","_splitter.cp314-win_amd64.pyd",".pyd","89088","7/25/2026 1:34:22 PM","C:\Users\Ghanam\OneDrive\projects\Greeny-Life\.venv\Lib\site-packages\sklearn\tree"
"C:\Users\Ghanam\OneDrive\projects\Greeny-Life\.venv\Lib\site-packages\sklearn\tree\_splitter.pyx","_splitter.pyx",".pyx","32214","7/25/2026 1:34:22 PM","C:\Users\Ghanam\OneDrive\projects\Greeny-Life\.venv\Lib\site-packages\sklearn\tree"
"C:\Users\Ghanam\OneDrive\projects\Greeny-Life\.venv\Lib\site-packages\sklearn\tree\_tree.cp314-win_amd64.pyd","_tree.cp314-win_amd64.pyd",".pyd","290304","7/25/2026 1:34:22 PM","C:\Users\Ghanam\OneDrive\projects\Greeny-Life\.venv\Lib\site-packages\sklearn\tree"
"C:\Users\Ghanam\OneDrive\projects\Greeny-Life\.venv\Lib\site-packages\sklearn\tree\_tree.pxd","_tree.pxd",".pxd","5568","7/25/2026 1:34:22 PM","C:\Users\Ghanam\OneDrive\projects\Greeny-Life\.venv\Lib\site-packages\sklearn\tree"
"C:\Users\Ghanam\OneDrive\projects\Greeny-Life\.venv\Lib\site-packages\sklearn\tree\_tree.pyx","_tree.pyx",".pyx","76329","7/25/2026 1:34:22 PM","C:\Users\Ghanam\OneDrive\projects\Greeny-Life\.venv\Lib\site-packages\sklearn\tree"
"C:\Users\Ghanam\OneDrive\projects\Greeny-Life\.venv\Lib\site-packages\sklearn\tree\_utils.cp314-win_amd64.pyd","_utils.cp314-win_amd64.pyd",".pyd","65024","7/25/2026 1:34:22 PM","C:\Users\Ghanam\OneDrive\projects\Greeny-Life\.venv\Lib\site-packages\sklearn\tree"
"C:\Users\Ghanam\OneDrive\projects\Greeny-Life\.venv\Lib\site-packages\sklearn\tree\tests\test_monotonic_tree.py","test_monotonic_tree.py",".py","19910","7/25/2026 1:34:22 PM","C:\Users\Ghanam\OneDrive\projects\Greeny-Life\.venv\Lib\site-packages\sklearn\tree\tests"
"C:\Users\Ghanam\OneDrive\projects\Greeny-Life\.venv\Lib\site-packages\sklearn\tree\tests\test_tree.py","test_tree.py",".py","110833","7/25/2026 1:34:22 PM","C:\Users\Ghanam\OneDrive\projects\Greeny-Life\.venv\Lib\site-packages\sklearn\tree\tests"
"C:\Users\Ghanam\OneDrive\projects\Greeny-Life\.venv\Lib\site-packages\sklearn\utils\arrayfuncs.cp314-win_amd64.pyd","arrayfuncs.cp314-win_amd64.pyd",".pyd","90112","7/25/2026 1:34:22 PM","C:\Users\Ghanam\OneDrive\projects\Greeny-Life\.venv\Lib\site-packages\sklearn\utils"
"C:\Users\Ghanam\OneDrive\projects\Greeny-Life\.venv\Lib\site-packages\sklearn\utils\murmurhash.cp314-win_amd64.pyd","murmurhash.cp314-win_amd64.pyd",".pyd","61440","7/25/2026 1:34:22 PM","C:\Users\Ghanam\OneDrive\projects\Greeny-Life\.venv\Lib\site-packages\sklearn\utils"
"C:\Users\Ghanam\OneDrive\projects\Greeny-Life\.venv\Lib\site-packages\sklearn\utils\sparsefuncs_fast.cp314-win_amd64.pyd","sparsefuncs_fast.cp314-win_amd64.pyd",".pyd","496128","7/25/2026 1:34:22 PM","C:\Users\Ghanam\OneDrive\projects\Greeny-Life\.venv\Lib\site-packages\sklearn\utils"
"C:\Users\Ghanam\OneDrive\projects\Greeny-Life\.venv\Lib\site-packages\sklearn\utils\_bitset.cp314-win_amd64.pyd","_bitset.cp314-win_amd64.pyd",".pyd","44544","7/25/2026 1:34:22 PM","C:\Users\Ghanam\OneDrive\projects\Greeny-Life\.venv\Lib\site-packages\sklearn\utils"
"C:\Users\Ghanam\OneDrive\projects\Greeny-Life\.venv\Lib\site-packages\sklearn\utils\_cython_blas.cp314-win_amd64.pyd","_cython_blas.cp314-win_amd64.pyd",".pyd","152064","7/25/2026 1:34:22 PM","C:\Users\Ghanam\OneDrive\projects\Greeny-Life\.venv\Lib\site-packages\sklearn\utils"
"C:\Users\Ghanam\OneDrive\projects\Greeny-Life\.venv\Lib\site-packages\sklearn\utils\_fast_dict.cp314-win_amd64.pyd","_fast_dict.cp314-win_amd64.pyd",".pyd","91648","7/25/2026 1:34:22 PM","C:\Users\Ghanam\OneDrive\projects\Greeny-Life\.venv\Lib\site-packages\sklearn\utils"
"C:\Users\Ghanam\OneDrive\projects\Greeny-Life\.venv\Lib\site-packages\sklearn\utils\_heap.cp314-win_amd64.pyd","_heap.cp314-win_amd64.pyd",".pyd","18432","7/25/2026 1:34:22 PM","C:\Users\Ghanam\OneDrive\projects\Greeny-Life\.venv\Lib\site-packages\sklearn\utils"
"C:\Users\Ghanam\OneDrive\projects\Greeny-Life\.venv\Lib\site-packages\sklearn\utils\_isfinite.cp314-win_amd64.pyd","_isfinite.cp314-win_amd64.pyd",".pyd","58880","7/25/2026 1:34:22 PM","C:\Users\Ghanam\OneDrive\projects\Greeny-Life\.venv\Lib\site-packages\sklearn\utils"
"C:\Users\Ghanam\OneDrive\projects\Greeny-Life\.venv\Lib\site-packages\sklearn\utils\_metadata_requests.py","_metadata_requests.py",".py","70609","7/25/2026 1:34:22 PM","C:\Users\Ghanam\OneDrive\projects\Greeny-Life\.venv\Lib\site-packages\sklearn\utils"
"C:\Users\Ghanam\OneDrive\projects\Greeny-Life\.venv\Lib\site-packages\sklearn\utils\_openmp_helpers.cp314-win_amd64.pyd","_openmp_helpers.cp314-win_amd64.pyd",".pyd","44544","7/25/2026 1:34:22 PM","C:\Users\Ghanam\OneDrive\projects\Greeny-Life\.venv\Lib\site-packages\sklearn\utils"
"C:\Users\Ghanam\OneDrive\projects\Greeny-Life\.venv\Lib\site-packages\sklearn\utils\_random.cp314-win_amd64.pyd","_random.cp314-win_amd64.pyd",".pyd","114176","7/25/2026 1:34:22 PM","C:\Users\Ghanam\OneDrive\projects\Greeny-Life\.venv\Lib\site-packages\sklearn\utils"
"C:\Users\Ghanam\OneDrive\projects\Greeny-Life\.venv\Lib\site-packages\sklearn\utils\_seq_dataset.cp314-win_amd64.pyd","_seq_dataset.cp314-win_amd64.pyd",".pyd","119808","7/25/2026 1:34:22 PM","C:\Users\Ghanam\OneDrive\projects\Greeny-Life\.venv\Lib\site-packages\sklearn\utils"
"C:\Users\Ghanam\OneDrive\projects\Greeny-Life\.venv\Lib\site-packages\sklearn\utils\_sorting.cp314-win_amd64.pyd","_sorting.cp314-win_amd64.pyd",".pyd","59904","7/25/2026 1:34:22 PM","C:\Users\Ghanam\OneDrive\projects\Greeny-Life\.venv\Lib\site-packages\sklearn\utils"
"C:\Users\Ghanam\OneDrive\projects\Greeny-Life\.venv\Lib\site-packages\sklearn\utils\_sorting.pyx","_sorting.pyx",".pyx","8217","7/25/2026 1:34:22 PM","C:\Users\Ghanam\OneDrive\projects\Greeny-Life\.venv\Lib\site-packages\sklearn\utils"
"C:\Users\Ghanam\OneDrive\projects\Greeny-Life\.venv\Lib\site-packages\sklearn\utils\_typedefs.cp314-win_amd64.pyd","_typedefs.cp314-win_amd64.pyd",".pyd","76800","7/25/2026 1:34:22 PM","C:\Users\Ghanam\OneDrive\projects\Greeny-Life\.venv\Lib\site-packages\sklearn\utils"
"C:\Users\Ghanam\OneDrive\projects\Greeny-Life\.venv\Lib\site-packages\sklearn\utils\_vector_sentinel.cp314-win_amd64.pyd","_vector_sentinel.cp314-win_amd64.pyd",".pyd","97792","7/25/2026 1:34:22 PM","C:\Users\Ghanam\OneDrive\projects\Greeny-Life\.venv\Lib\site-packages\sklearn\utils"
"C:\Users\Ghanam\OneDrive\projects\Greeny-Life\.venv\Lib\site-packages\sklearn\utils\_weight_vector.cp314-win_amd64.pyd","_weight_vector.cp314-win_amd64.pyd",".pyd","49152","7/25/2026 1:34:22 PM","C:\Users\Ghanam\OneDrive\projects\Greeny-Life\.venv\Lib\site-packages\sklearn\utils"
"C:\Users\Ghanam\OneDrive\projects\Greeny-Life\.venv\Lib\site-packages\sklearn\utils\tests\test_pprint.py","test_pprint.py",".py","28462","7/25/2026 1:34:22 PM","C:\Users\Ghanam\OneDrive\projects\Greeny-Life\.venv\Lib\site-packages\sklearn\utils\tests"
"C:\Users\Ghanam\OneDrive\projects\Greeny-Life\.venv\Lib\site-packages\sklearn\utils\_repr_html\tests\test_estimator.py","test_estimator.py",".py","22720","7/25/2026 1:34:22 PM","C:\Users\Ghanam\OneDrive\projects\Greeny-Life\.venv\Lib\site-packages\sklearn\utils\_repr_html\tests"
"C:\Users\Ghanam\OneDrive\projects\Greeny-Life\.venv\Lib\site-packages\sklearn\utils\_repr_html\tests\test_features.py","test_features.py",".py","7440","7/25/2026 1:34:22 PM","C:\Users\Ghanam\OneDrive\projects\Greeny-Life\.venv\Lib\site-packages\sklearn\utils\_repr_html\tests"
"C:\Users\Ghanam\OneDrive\projects\Greeny-Life\.venv\Lib\site-packages\sklearn\__check_build\_check_build.cp314-win_amd64.pyd","_check_build.cp314-win_amd64.pyd",".pyd","29696","7/25/2026 1:34:20 PM","C:\Users\Ghanam\OneDrive\projects\Greeny-Life\.venv\Lib\site-packages\sklearn\__check_build"
"C:\Users\Ghanam\OneDrive\projects\Greeny-Life\.venv\Lib\site-packages\sympy\core\backend.py","backend.py",".py","5273","7/25/2026 1:30:22 PM","C:\Users\Ghanam\OneDrive\projects\Greeny-Life\.venv\Lib\site-packages\sympy\core"
"C:\Users\Ghanam\OneDrive\projects\Greeny-Life\.venv\Lib\site-packages\sympy\core\basic.py","basic.py",".py","76789","7/25/2026 1:30:22 PM","C:\Users\Ghanam\OneDrive\projects\Greeny-Life\.venv\Lib\site-packages\sympy\core"
"C:\Users\Ghanam\OneDrive\projects\Greeny-Life\.venv\Lib\site-packages\sympy\core\expr.py","expr.py",".py","143770","7/25/2026 1:30:22 PM","C:\Users\Ghanam\OneDrive\projects\Greeny-Life\.venv\Lib\site-packages\sympy\core"
"C:\Users\Ghanam\OneDrive\projects\Greeny-Life\.venv\Lib\site-packages\sympy\core\facts.py","facts.py",".py","19546","7/25/2026 1:30:22 PM","C:\Users\Ghanam\OneDrive\projects\Greeny-Life\.venv\Lib\site-packages\sympy\core"
"C:\Users\Ghanam\OneDrive\projects\Greeny-Life\.venv\Lib\site-packages\sympy\core\operations.py","operations.py",".py","25828","7/25/2026 1:30:22 PM","C:\Users\Ghanam\OneDrive\projects\Greeny-Life\.venv\Lib\site-packages\sympy\core"
"C:\Users\Ghanam\OneDrive\projects\Greeny-Life\.venv\Lib\site-packages\sympy\core\power.py","power.py",".py","73244","7/25/2026 1:30:22 PM","C:\Users\Ghanam\OneDrive\projects\Greeny-Life\.venv\Lib\site-packages\sympy\core"
"C:\Users\Ghanam\OneDrive\projects\Greeny-Life\.venv\Lib\site-packages\sympy\core\tests\test_constructor_postprocessor.py","test_constructor_postprocessor.py",".py","2441","7/25/2026 1:30:22 PM","C:\Users\Ghanam\OneDrive\projects\Greeny-Life\.venv\Lib\site-packages\sympy\core\tests"
"C:\Users\Ghanam\OneDrive\projects\Greeny-Life\.venv\Lib\site-packages\sympy\core\tests\test_expr.py","test_expr.py",".py","78428","7/25/2026 1:30:22 PM","C:\Users\Ghanam\OneDrive\projects\Greeny-Life\.venv\Lib\site-packages\sympy\core\tests"
"C:\Users\Ghanam\OneDrive\projects\Greeny-Life\.venv\Lib\site-packages\sympy\core\tests\test_subs.py","test_subs.py",".py","30106","7/25/2026 1:30:22 PM","C:\Users\Ghanam\OneDrive\projects\Greeny-Life\.venv\Lib\site-packages\sympy\core\tests"
"C:\Users\Ghanam\OneDrive\projects\Greeny-Life\.venv\Lib\site-packages\sympy\external\tests\test_autowrap.py","test_autowrap.py",".py","9759","7/25/2026 1:30:22 PM","C:\Users\Ghanam\OneDrive\projects\Greeny-Life\.venv\Lib\site-packages\sympy\external\tests"
"C:\Users\Ghanam\OneDrive\projects\Greeny-Life\.venv\Lib\site-packages\sympy\integrals\integrals.py","integrals.py",".py","64887","7/25/2026 1:30:22 PM","C:\Users\Ghanam\OneDrive\projects\Greeny-Life\.venv\Lib\site-packages\sympy\integrals"
"C:\Users\Ghanam\OneDrive\projects\Greeny-Life\.venv\Lib\site-packages\sympy\interactive\traversal.py","traversal.py",".py","3189","7/25/2026 1:30:22 PM","C:\Users\Ghanam\OneDrive\projects\Greeny-Life\.venv\Lib\site-packages\sympy\interactive"
"C:\Users\Ghanam\OneDrive\projects\Greeny-Life\.venv\Lib\site-packages\sympy\matrices\determinant.py","determinant.py",".py","34550","7/25/2026 1:30:29 PM","C:\Users\Ghanam\OneDrive\projects\Greeny-Life\.venv\Lib\site-packages\sympy\matrices"
"C:\Users\Ghanam\OneDrive\projects\Greeny-Life\.venv\Lib\site-packages\sympy\matrices\expressions\applyfunc.py","applyfunc.py",".py","6751","7/25/2026 1:30:29 PM","C:\Users\Ghanam\OneDrive\projects\Greeny-Life\.venv\Lib\site-packages\sympy\matrices\expressions"
"C:\Users\Ghanam\OneDrive\projects\Greeny-Life\.venv\Lib\site-packages\sympy\matrices\expressions\hadamard.py","hadamard.py",".py","13920","7/25/2026 1:30:29 PM","C:\Users\Ghanam\OneDrive\projects\Greeny-Life\.venv\Lib\site-packages\sympy\matrices\expressions"
"C:\Users\Ghanam\OneDrive\projects\Greeny-Life\.venv\Lib\site-packages\sympy\matrices\expressions\matexpr.py","matexpr.py",".py","27549","7/25/2026 1:30:29 PM","C:\Users\Ghanam\OneDrive\projects\Greeny-Life\.venv\Lib\site-packages\sympy\matrices\expressions"
"C:\Users\Ghanam\OneDrive\projects\Greeny-Life\.venv\Lib\site-packages\sympy\matrices\expressions\matpow.py","matpow.py",".py","5140","7/25/2026 1:30:29 PM","C:\Users\Ghanam\OneDrive\projects\Greeny-Life\.venv\Lib\site-packages\sympy\matrices\expressions"
"C:\Users\Ghanam\OneDrive\projects\Greeny-Life\.venv\Lib\site-packages\sympy\matrices\expressions\trace.py","trace.py",".py","5362","7/25/2026 1:30:29 PM","C:\Users\Ghanam\OneDrive\projects\Greeny-Life\.venv\Lib\site-packages\sympy\matrices\expressions"
"C:\Users\Ghanam\OneDrive\projects\Greeny-Life\.venv\Lib\site-packages\sympy\matrices\expressions\tests\test_matexpr.py","test_matexpr.py",".py","18441","7/25/2026 1:30:29 PM","C:\Users\Ghanam\OneDrive\projects\Greeny-Life\.venv\Lib\site-packages\sympy\matrices\expressions\tests"
"C:\Users\Ghanam\OneDrive\projects\Greeny-Life\.venv\Lib\site-packages\sympy\physics\biomechanics\activation.py","activation.py",".py","25522","7/25/2026 1:30:30 PM","C:\Users\Ghanam\OneDrive\projects\Greeny-Life\.venv\Lib\site-packages\sympy\physics\biomechanics"
"C:\Users\Ghanam\OneDrive\projects\Greeny-Life\.venv\Lib\site-packages\sympy\physics\biomechanics\curve.py","curve.py",".py","63154","7/25/2026 1:30:30 PM","C:\Users\Ghanam\OneDrive\projects\Greeny-Life\.venv\Lib\site-packages\sympy\physics\biomechanics"
"C:\Users\Ghanam\OneDrive\projects\Greeny-Life\.venv\Lib\site-packages\sympy\physics\biomechanics\musculotendon.py","musculotendon.py",".py","58274","7/25/2026 1:30:30 PM","C:\Users\Ghanam\OneDrive\projects\Greeny-Life\.venv\Lib\site-packages\sympy\physics\biomechanics"
"C:\Users\Ghanam\OneDrive\projects\Greeny-Life\.venv\Lib\site-packages\sympy\physics\continuum_mechanics\arch.py","arch.py",".py","39243","7/25/2026 1:30:30 PM","C:\Users\Ghanam\OneDrive\projects\Greeny-Life\.venv\Lib\site-packages\sympy\physics\continuum_mechanics"
"C:\Users\Ghanam\OneDrive\projects\Greeny-Life\.venv\Lib\site-packages\sympy\physics\continuum_mechanics\cable.py","cable.py",".py","31420","7/25/2026 1:30:30 PM","C:\Users\Ghanam\OneDrive\projects\Greeny-Life\.venv\Lib\site-packages\sympy\physics\continuum_mechanics"
"C:\Users\Ghanam\OneDrive\projects\Greeny-Life\.venv\Lib\site-packages\sympy\physics\continuum_mechanics\truss.py","truss.py",".py","44962","7/25/2026 1:30:30 PM","C:\Users\Ghanam\OneDrive\projects\Greeny-Life\.venv\Lib\site-packages\sympy\physics\continuum_mechanics"
"C:\Users\Ghanam\OneDrive\projects\Greeny-Life\.venv\Lib\site-packages\sympy\physics\mechanics\actuator.py","actuator.py",".py","43633","7/25/2026 1:30:30 PM","C:\Users\Ghanam\OneDrive\projects\Greeny-Life\.venv\Lib\site-packages\sympy\physics\mechanics"
"C:\Users\Ghanam\OneDrive\projects\Greeny-Life\.venv\Lib\site-packages\sympy\physics\mechanics\tests\test_kane2.py","test_kane2.py",".py","19256","7/25/2026 1:30:30 PM","C:\Users\Ghanam\OneDrive\projects\Greeny-Life\.venv\Lib\site-packages\sympy\physics\mechanics\tests"
"C:\Users\Ghanam\OneDrive\projects\Greeny-Life\.venv\Lib\site-packages\sympy\physics\mechanics\tests\test_linearize.py","test_linearize.py",".py","13273","7/25/2026 1:30:30 PM","C:\Users\Ghanam\OneDrive\projects\Greeny-Life\.venv\Lib\site-packages\sympy\physics\mechanics\tests"
"C:\Users\Ghanam\OneDrive\projects\Greeny-Life\.venv\Lib\site-packages\sympy\physics\quantum\transforms.py","transforms.py",".py","10929","7/25/2026 1:30:30 PM","C:\Users\Ghanam\OneDrive\projects\Greeny-Life\.venv\Lib\site-packages\sympy\physics\quantum"
"C:\Users\Ghanam\OneDrive\projects\Greeny-Life\.venv\Lib\site-packages\sympy\plotting\series.py","series.py",".py","96568","7/25/2026 1:30:30 PM","C:\Users\Ghanam\OneDrive\projects\Greeny-Life\.venv\Lib\site-packages\sympy\plotting"
"C:\Users\Ghanam\OneDrive\projects\Greeny-Life\.venv\Lib\site-packages\sympy\polys\numberfields\primes.py","primes.py",".py","23984","7/25/2026 1:30:31 PM","C:\Users\Ghanam\OneDrive\projects\Greeny-Life\.venv\Lib\site-packages\sympy\polys\numberfields"
"C:\Users\Ghanam\OneDrive\projects\Greeny-Life\.venv\Lib\site-packages\sympy\printing\llvmjitcode.py","llvmjitcode.py",".py","17127","7/25/2026 1:30:31 PM","C:\Users\Ghanam\OneDrive\projects\Greeny-Life\.venv\Lib\site-packages\sympy\printing"
"C:\Users\Ghanam\OneDrive\projects\Greeny-Life\.venv\Lib\site-packages\sympy\series\acceleration.py","acceleration.py",".py","3365","7/25/2026 1:30:31 PM","C:\Users\Ghanam\OneDrive\projects\Greeny-Life\.venv\Lib\site-packages\sympy\series"
"C:\Users\Ghanam\OneDrive\projects\Greeny-Life\.venv\Lib\site-packages\sympy\simplify\cse_main.py","cse_main.py",".py","31310","7/25/2026 1:30:31 PM","C:\Users\Ghanam\OneDrive\projects\Greeny-Life\.venv\Lib\site-packages\sympy\simplify"
"C:\Users\Ghanam\OneDrive\projects\Greeny-Life\.venv\Lib\site-packages\sympy\solvers\ode\ode.py","ode.py",".py","145379","7/25/2026 1:30:31 PM","C:\Users\Ghanam\OneDrive\projects\Greeny-Life\.venv\Lib\site-packages\sympy\solvers\ode"
"C:\Users\Ghanam\OneDrive\projects\Greeny-Life\.venv\Lib\site-packages\sympy\solvers\ode\single.py","single.py",".py","109465","7/25/2026 1:30:31 PM","C:\Users\Ghanam\OneDrive\projects\Greeny-Life\.venv\Lib\site-packages\sympy\solvers\ode"
"C:\Users\Ghanam\OneDrive\projects\Greeny-Life\.venv\Lib\site-packages\sympy\solvers\ode\tests\test_ode.py","test_ode.py",".py","48508","7/25/2026 1:30:31 PM","C:\Users\Ghanam\OneDrive\projects\Greeny-Life\.venv\Lib\site-packages\sympy\solvers\ode\tests"
"C:\Users\Ghanam\OneDrive\projects\Greeny-Life\.venv\Lib\site-packages\sympy\solvers\ode\tests\test_single.py","test_single.py",".py","100200","7/25/2026 1:30:31 PM","C:\Users\Ghanam\OneDrive\projects\Greeny-Life\.venv\Lib\site-packages\sympy\solvers\ode\tests"
"C:\Users\Ghanam\OneDrive\projects\Greeny-Life\.venv\Lib\site-packages\sympy\tensor\tensor.py","tensor.py",".py","181094","7/25/2026 1:30:31 PM","C:\Users\Ghanam\OneDrive\projects\Greeny-Life\.venv\Lib\site-packages\sympy\tensor"
"C:\Users\Ghanam\OneDrive\projects\Greeny-Life\.venv\Lib\site-packages\sympy\tensor\tests\test_tensor.py","test_tensor.py",".py","81236","7/25/2026 1:30:31 PM","C:\Users\Ghanam\OneDrive\projects\Greeny-Life\.venv\Lib\site-packages\sympy\tensor\tests"
"C:\Users\Ghanam\OneDrive\projects\Greeny-Life\.venv\Lib\site-packages\sympy\unify\usympy.py","usympy.py",".py","3964","7/25/2026 1:30:32 PM","C:\Users\Ghanam\OneDrive\projects\Greeny-Life\.venv\Lib\site-packages\sympy\unify"
"C:\Users\Ghanam\OneDrive\projects\Greeny-Life\.venv\Lib\site-packages\sympy\utilities\codegen.py","codegen.py",".py","81670","7/25/2026 1:30:32 PM","C:\Users\Ghanam\OneDrive\projects\Greeny-Life\.venv\Lib\site-packages\sympy\utilities"
"C:\Users\Ghanam\OneDrive\projects\Greeny-Life\.venv\Lib\site-packages\sympy\utilities\lambdify.py","lambdify.py",".py","57816","7/25/2026 1:30:32 PM","C:\Users\Ghanam\OneDrive\projects\Greeny-Life\.venv\Lib\site-packages\sympy\utilities"
"C:\Users\Ghanam\OneDrive\projects\Greeny-Life\.venv\Lib\site-packages\sympy\utilities\tests\test_codegen.py","test_codegen.py",".py","56130","7/25/2026 1:30:32 PM","C:\Users\Ghanam\OneDrive\projects\Greeny-Life\.venv\Lib\site-packages\sympy\utilities\tests"
"C:\Users\Ghanam\OneDrive\projects\Greeny-Life\.venv\Lib\site-packages\sympy\vector\vector.py","vector.py",".py","20322","7/25/2026 1:30:32 PM","C:\Users\Ghanam\OneDrive\projects\Greeny-Life\.venv\Lib\site-packages\sympy\vector"
"C:\Users\Ghanam\OneDrive\projects\Greeny-Life\.venv\Lib\site-packages\sympy-1.14.0.dist-info\METADATA","METADATA","","12816","7/25/2026 1:30:32 PM","C:\Users\Ghanam\OneDrive\projects\Greeny-Life\.venv\Lib\site-packages\sympy-1.14.0.dist-info"
"C:\Users\Ghanam\OneDrive\projects\Greeny-Life\.venv\Lib\site-packages\sympy-1.14.0.dist-info\RECORD","RECORD","","245591","7/25/2026 1:30:56 PM","C:\Users\Ghanam\OneDrive\projects\Greeny-Life\.venv\Lib\site-packages\sympy-1.14.0.dist-info"
"C:\Users\Ghanam\OneDrive\projects\Greeny-Life\.venv\Lib\site-packages\threadpoolctl-3.6.0.dist-info\METADATA","METADATA","","13843","7/25/2026 1:30:22 PM","C:\Users\Ghanam\OneDrive\projects\Greeny-Life\.venv\Lib\site-packages\threadpoolctl-3.6.0.dist-info"
"C:\Users\Ghanam\OneDrive\projects\Greeny-Life\.venv\Lib\site-packages\tokenizers\tokenizers.pyi","tokenizers.pyi",".pyi","485","7/25/2026 1:34:58 PM","C:\Users\Ghanam\OneDrive\projects\Greeny-Life\.venv\Lib\site-packages\tokenizers"
"C:\Users\Ghanam\OneDrive\projects\Greeny-Life\.venv\Lib\site-packages\tokenizers\__init__.py","__init__.py",".py","2739","7/25/2026 1:34:58 PM","C:\Users\Ghanam\OneDrive\projects\Greeny-Life\.venv\Lib\site-packages\tokenizers"
"C:\Users\Ghanam\OneDrive\projects\Greeny-Life\.venv\Lib\site-packages\tokenizers\__init__.pyi","__init__.pyi",".pyi","57691","7/25/2026 1:34:58 PM","C:\Users\Ghanam\OneDrive\projects\Greeny-Life\.venv\Lib\site-packages\tokenizers"
"C:\Users\Ghanam\OneDrive\projects\Greeny-Life\.venv\Lib\site-packages\tokenizers\implementations\base_tokenizer.py","base_tokenizer.py",".py","16265","7/25/2026 1:34:58 PM","C:\Users\Ghanam\OneDrive\projects\Greeny-Life\.venv\Lib\site-packages\tokenizers\implementations"
"C:\Users\Ghanam\OneDrive\projects\Greeny-Life\.venv\Lib\site-packages\tokenizers\implementations\bert_wordpiece.py","bert_wordpiece.py",".py","5671","7/25/2026 1:34:58 PM","C:\Users\Ghanam\OneDrive\projects\Greeny-Life\.venv\Lib\site-packages\tokenizers\implementations"
"C:\Users\Ghanam\OneDrive\projects\Greeny-Life\.venv\Lib\site-packages\tokenizers\implementations\byte_level_bpe.py","byte_level_bpe.py",".py","4394","7/25/2026 1:34:58 PM","C:\Users\Ghanam\OneDrive\projects\Greeny-Life\.venv\Lib\site-packages\tokenizers\implementations"
"C:\Users\Ghanam\OneDrive\projects\Greeny-Life\.venv\Lib\site-packages\tokenizers\processors\__init__.py","__init__.py",".py","316","7/25/2026 1:34:58 PM","C:\Users\Ghanam\OneDrive\projects\Greeny-Life\.venv\Lib\site-packages\tokenizers\processors"
"C:\Users\Ghanam\OneDrive\projects\Greeny-Life\.venv\Lib\site-packages\tokenizers\processors\__init__.pyi","__init__.pyi",".pyi","14867","7/25/2026 1:34:58 PM","C:\Users\Ghanam\OneDrive\projects\Greeny-Life\.venv\Lib\site-packages\tokenizers\processors"
"C:\Users\Ghanam\OneDrive\projects\Greeny-Life\.venv\Lib\site-packages\tokenizers-0.22.2.dist-info\METADATA","METADATA","","7428","7/25/2026 1:34:58 PM","C:\Users\Ghanam\OneDrive\projects\Greeny-Life\.venv\Lib\site-packages\tokenizers-0.22.2.dist-info"
"C:\Users\Ghanam\OneDrive\projects\Greeny-Life\.venv\Lib\site-packages\tokenizers-0.22.2.dist-info\RECORD","RECORD","","3773","7/25/2026 1:34:58 PM","C:\Users\Ghanam\OneDrive\projects\Greeny-Life\.venv\Lib\site-packages\tokenizers-0.22.2.dist-info"
"C:\Users\Ghanam\OneDrive\projects\Greeny-Life\.venv\Lib\site-packages\torch\hub.py","hub.py",".py","34530","7/25/2026 1:31:54 PM","C:\Users\Ghanam\OneDrive\projects\Greeny-Life\.venv\Lib\site-packages\torch"
"C:\Users\Ghanam\OneDrive\projects\Greeny-Life\.venv\Lib\site-packages\torch\quasirandom.py","quasirandom.py",".py","8121","7/25/2026 1:31:54 PM","C:\Users\Ghanam\OneDrive\projects\Greeny-Life\.venv\Lib\site-packages\torch"
"C:\Users\Ghanam\OneDrive\projects\Greeny-Life\.venv\Lib\site-packages\torch\_C.cp314-win_amd64.pyd","_C.cp314-win_amd64.pyd",".pyd","9728","7/25/2026 1:31:54 PM","C:\Users\Ghanam\OneDrive\projects\Greeny-Life\.venv\Lib\site-packages\torch"
"C:\Users\Ghanam\OneDrive\projects\Greeny-Life\.venv\Lib\site-packages\torch\_guards.py","_guards.py",".py","60371","7/25/2026 1:31:54 PM","C:\Users\Ghanam\OneDrive\projects\Greeny-Life\.venv\Lib\site-packages\torch"
"C:\Users\Ghanam\OneDrive\projects\Greeny-Life\.venv\Lib\site-packages\torch\_tensor_docs.py","_tensor_docs.py",".py","149309","7/25/2026 1:31:54 PM","C:\Users\Ghanam\OneDrive\projects\Greeny-Life\.venv\Lib\site-packages\torch"
"C:\Users\Ghanam\OneDrive\projects\Greeny-Life\.venv\Lib\site-packages\torch\_tensor_iterator.py","_tensor_iterator.py",".py","15062","7/25/2026 1:31:54 PM","C:\Users\Ghanam\OneDrive\projects\Greeny-Life\.venv\Lib\site-packages\torch"
"C:\Users\Ghanam\OneDrive\projects\Greeny-Life\.venv\Lib\site-packages\torch\_utils_internal.py","_utils_internal.py",".py","12088","7/25/2026 1:31:54 PM","C:\Users\Ghanam\OneDrive\projects\Greeny-Life\.venv\Lib\site-packages\torch"
"C:\Users\Ghanam\OneDrive\projects\Greeny-Life\.venv\Lib\site-packages\torch\_vmap_internals.py","_vmap_internals.py",".py","9671","7/25/2026 1:31:54 PM","C:\Users\Ghanam\OneDrive\projects\Greeny-Life\.venv\Lib\site-packages\torch"
"C:\Users\Ghanam\OneDrive\projects\Greeny-Life\.venv\Lib\site-packages\torch\__init__.py","__init__.py",".py","114928","7/25/2026 1:31:54 PM","C:\Users\Ghanam\OneDrive\projects\Greeny-Life\.venv\Lib\site-packages\torch"
"C:\Users\Ghanam\OneDrive\projects\Greeny-Life\.venv\Lib\site-packages\torch\ao\nn\quantized\functional.py","functional.py",".py","30381","7/25/2026 1:31:55 PM","C:\Users\Ghanam\OneDrive\projects\Greeny-Life\.venv\Lib\site-packages\torch\ao\nn\quantized"
"C:\Users\Ghanam\OneDrive\projects\Greeny-Life\.venv\Lib\site-packages\torch\ao\nn\quantized\modules\conv.py","conv.py",".py","45056","7/25/2026 1:31:55 PM","C:\Users\Ghanam\OneDrive\projects\Greeny-Life\.venv\Lib\site-packages\torch\ao\nn\quantized\modules"
"C:\Users\Ghanam\OneDrive\projects\Greeny-Life\.venv\Lib\site-packages\torch\ao\nn\quantized\modules\linear.py","linear.py",".py","14051","7/25/2026 1:31:55 PM","C:\Users\Ghanam\OneDrive\projects\Greeny-Life\.venv\Lib\site-packages\torch\ao\nn\quantized\modules"
"C:\Users\Ghanam\OneDrive\projects\Greeny-Life\.venv\Lib\site-packages\torch\ao\nn\quantized\reference\modules\linear.py","linear.py",".py","2323","7/25/2026 1:31:55 PM","C:\Users\Ghanam\OneDrive\projects\Greeny-Life\.venv\Lib\site-packages\torch\ao\nn\quantized\reference\modules"
"C:\Users\Ghanam\OneDrive\projects\Greeny-Life\.venv\Lib\site-packages\torch\ao\nn\quantized\reference\modules\sparse.py","sparse.py",".py","4846","7/25/2026 1:31:55 PM","C:\Users\Ghanam\OneDrive\projects\Greeny-Life\.venv\Lib\site-packages\torch\ao\nn\quantized\reference\modules"
"C:\Users\Ghanam\OneDrive\projects\Greeny-Life\.venv\Lib\site-packages\torch\ao\quantization\observer.py","observer.py",".py","82611","7/25/2026 1:31:55 PM","C:\Users\Ghanam\OneDrive\projects\Greeny-Life\.venv\Lib\site-packages\torch\ao\quantization"
"C:\Users\Ghanam\OneDrive\projects\Greeny-Life\.venv\Lib\site-packages\torch\ao\quantization\qconfig.py","qconfig.py",".py","25337","7/25/2026 1:31:55 PM","C:\Users\Ghanam\OneDrive\projects\Greeny-Life\.venv\Lib\site-packages\torch\ao\quantization"
"C:\Users\Ghanam\OneDrive\projects\Greeny-Life\.venv\Lib\site-packages\torch\ao\quantization\fx\convert.py","convert.py",".py","61402","7/25/2026 1:31:55 PM","C:\Users\Ghanam\OneDrive\projects\Greeny-Life\.venv\Lib\site-packages\torch\ao\quantization\fx"
"C:\Users\Ghanam\OneDrive\projects\Greeny-Life\.venv\Lib\site-packages\torch\ao\quantization\fx\_model_report\detector.py","detector.py",".py","78625","7/25/2026 1:31:55 PM","C:\Users\Ghanam\OneDrive\projects\Greeny-Life\.venv\Lib\site-packages\torch\ao\quantization\fx\_model_report"
"C:\Users\Ghanam\OneDrive\projects\Greeny-Life\.venv\Lib\site-packages\torch\ao\quantization\fx\_model_report\model_report.py","model_report.py",".py","30406","7/25/2026 1:31:55 PM","C:\Users\Ghanam\OneDrive\projects\Greeny-Life\.venv\Lib\site-packages\torch\ao\quantization\fx\_model_report"
"C:\Users\Ghanam\OneDrive\projects\Greeny-Life\.venv\Lib\site-packages\torch\autograd\anomaly_mode.py","anomaly_mode.py",".py","5003","7/25/2026 1:31:55 PM","C:\Users\Ghanam\OneDrive\projects\Greeny-Life\.venv\Lib\site-packages\torch\autograd"
"C:\Users\Ghanam\OneDrive\projects\Greeny-Life\.venv\Lib\site-packages\torch\autograd\function.py","function.py",".py","36036","7/25/2026 1:31:55 PM","C:\Users\Ghanam\OneDrive\projects\Greeny-Life\.venv\Lib\site-packages\torch\autograd"
"C:\Users\Ghanam\OneDrive\projects\Greeny-Life\.venv\Lib\site-packages\torch\autograd\functional.py","functional.py",".py","54615","7/25/2026 1:31:55 PM","C:\Users\Ghanam\OneDrive\projects\Greeny-Life\.venv\Lib\site-packages\torch\autograd"
"C:\Users\Ghanam\OneDrive\projects\Greeny-Life\.venv\Lib\site-packages\torch\autograd\grad_mode.py","grad_mode.py",".py","17453","7/25/2026 1:31:55 PM","C:\Users\Ghanam\OneDrive\projects\Greeny-Life\.venv\Lib\site-packages\torch\autograd"
"C:\Users\Ghanam\OneDrive\projects\Greeny-Life\.venv\Lib\site-packages\torch\autograd\graph.py","graph.py",".py","38363","7/25/2026 1:31:55 PM","C:\Users\Ghanam\OneDrive\projects\Greeny-Life\.venv\Lib\site-packages\torch\autograd"
"C:\Users\Ghanam\OneDrive\projects\Greeny-Life\.venv\Lib\site-packages\torch\autograd\variable.py","variable.py",".py","406","7/25/2026 1:31:55 PM","C:\Users\Ghanam\OneDrive\projects\Greeny-Life\.venv\Lib\site-packages\torch\autograd"
"C:\Users\Ghanam\OneDrive\projects\Greeny-Life\.venv\Lib\site-packages\torch\autograd\__init__.py","__init__.py",".py","30304","7/25/2026 1:31:55 PM","C:\Users\Ghanam\OneDrive\projects\Greeny-Life\.venv\Lib\site-packages\torch\autograd"
"C:\Users\Ghanam\OneDrive\projects\Greeny-Life\.venv\Lib\site-packages\torch\backends\quantized\__init__.py","__init__.py",".py","1926","7/25/2026 1:31:55 PM","C:\Users\Ghanam\OneDrive\projects\Greeny-Life\.venv\Lib\site-packages\torch\backends\quantized"
"C:\Users\Ghanam\OneDrive\projects\Greeny-Life\.venv\Lib\site-packages\torch\backends\xeon\run_cpu.py","run_cpu.py",".py","39214","7/25/2026 1:31:55 PM","C:\Users\Ghanam\OneDrive\projects\Greeny-Life\.venv\Lib\site-packages\torch\backends\xeon"
"C:\Users\Ghanam\OneDrive\projects\Greeny-Life\.venv\Lib\site-packages\torch\backends\xnnpack\__init__.py","__init__.py",".py","731","7/25/2026 1:31:55 PM","C:\Users\Ghanam\OneDrive\projects\Greeny-Life\.venv\Lib\site-packages\torch\backends\xnnpack"
"C:\Users\Ghanam\OneDrive\projects\Greeny-Life\.venv\Lib\site-packages\torch\compiler\config.py","config.py",".py","13499","7/25/2026 1:31:55 PM","C:\Users\Ghanam\OneDrive\projects\Greeny-Life\.venv\Lib\site-packages\torch\compiler"
"C:\Users\Ghanam\OneDrive\projects\Greeny-Life\.venv\Lib\site-packages\torch\compiler\__init__.py","__init__.py",".py","33353","7/25/2026 1:31:55 PM","C:\Users\Ghanam\OneDrive\projects\Greeny-Life\.venv\Lib\site-packages\torch\compiler"
"C:\Users\Ghanam\OneDrive\projects\Greeny-Life\.venv\Lib\site-packages\torch\cuda\memory.py","memory.py",".py","60101","7/25/2026 1:31:55 PM","C:\Users\Ghanam\OneDrive\projects\Greeny-Life\.venv\Lib\site-packages\torch\cuda"
"C:\Users\Ghanam\OneDrive\projects\Greeny-Life\.venv\Lib\site-packages\torch\cuda\tunable.py","tunable.py",".py","32897","7/25/2026 1:31:55 PM","C:\Users\Ghanam\OneDrive\projects\Greeny-Life\.venv\Lib\site-packages\torch\cuda"
"C:\Users\Ghanam\OneDrive\projects\Greeny-Life\.venv\Lib\site-packages\torch\cuda\_device_limits.py","_device_limits.py",".py","5636","7/25/2026 1:31:55 PM","C:\Users\Ghanam\OneDrive\projects\Greeny-Life\.venv\Lib\site-packages\torch\cuda"
"C:\Users\Ghanam\OneDrive\projects\Greeny-Life\.venv\Lib\site-packages\torch\cuda\__init__.py","__init__.py",".py","74031","7/25/2026 1:31:55 PM","C:\Users\Ghanam\OneDrive\projects\Greeny-Life\.venv\Lib\site-packages\torch\cuda"
"C:\Users\Ghanam\OneDrive\projects\Greeny-Life\.venv\Lib\site-packages\torch\distributed\rendezvous.py","rendezvous.py",".py","10565","7/25/2026 1:31:55 PM","C:\Users\Ghanam\OneDrive\projects\Greeny-Life\.venv\Lib\site-packages\torch\distributed"
"C:\Users\Ghanam\OneDrive\projects\Greeny-Life\.venv\Lib\site-packages\torch\distributed\run.py","run.py",".py","37639","7/25/2026 1:31:55 PM","C:\Users\Ghanam\OneDrive\projects\Greeny-Life\.venv\Lib\site-packages\torch\distributed"
"C:\Users\Ghanam\OneDrive\projects\Greeny-Life\.venv\Lib\site-packages\torch\distributed\algorithms\ddp_comm_hooks\mixed_precision_hooks.py","mixed_precision_hooks.py",".py","3340","7/25/2026 1:31:56 PM","C:\Users\Ghanam\OneDrive\projects\Greeny-Life\.venv\Lib\site-packages\torch\distributed\algorithms\ddp_comm_hooks"
"C:\Users\Ghanam\OneDrive\projects\Greeny-Life\.venv\Lib\site-packages\torch\distributed\algorithms\ddp_comm_hooks\optimizer_overlap_hooks.py","optimizer_overlap_hooks.py",".py","6314","7/25/2026 1:31:56 PM","C:\Users\Ghanam\OneDrive\projects\Greeny-Life\.venv\Lib\site-packages\torch\distributed\algorithms\ddp_comm_hooks"
"C:\Users\Ghanam\OneDrive\projects\Greeny-Life\.venv\Lib\site-packages\torch\distributed\checkpoint\_async_process_executor.py","_async_process_executor.py",".py","18470","7/25/2026 1:31:56 PM","C:\Users\Ghanam\OneDrive\projects\Greeny-Life\.venv\Lib\site-packages\torch\distributed\checkpoint"
"C:\Users\Ghanam\OneDrive\projects\Greeny-Life\.venv\Lib\site-packages\torch\distributed\checkpoint\_experimental\builder.py","builder.py",".py","6275","7/25/2026 1:31:56 PM","C:\Users\Ghanam\OneDrive\projects\Greeny-Life\.venv\Lib\site-packages\torch\distributed\checkpoint\_experimental"
"C:\Users\Ghanam\OneDrive\projects\Greeny-Life\.venv\Lib\site-packages\torch\distributed\checkpoint\_experimental\__init__.py","__init__.py",".py","1814","7/25/2026 1:31:56 PM","C:\Users\Ghanam\OneDrive\projects\Greeny-Life\.venv\Lib\site-packages\torch\distributed\checkpoint\_experimental"
"C:\Users\Ghanam\OneDrive\projects\Greeny-Life\.venv\Lib\site-packages\torch\distributed\debug\_debug_handlers.py","_debug_handlers.py",".py","25618","7/25/2026 1:31:56 PM","C:\Users\Ghanam\OneDrive\projects\Greeny-Life\.venv\Lib\site-packages\torch\distributed\debug"
"C:\Users\Ghanam\OneDrive\projects\Greeny-Life\.venv\Lib\site-packages\torch\distributed\elastic\__init__.py","__init__.py",".py","3728","7/25/2026 1:31:56 PM","C:\Users\Ghanam\OneDrive\projects\Greeny-Life\.venv\Lib\site-packages\torch\distributed\elastic"
"C:\Users\Ghanam\OneDrive\projects\Greeny-Life\.venv\Lib\site-packages\torch\distributed\elastic\agent\server\api.py","api.py",".py","40513","7/25/2026 1:31:56 PM","C:\Users\Ghanam\OneDrive\projects\Greeny-Life\.venv\Lib\site-packages\torch\distributed\elastic\agent\server"
"C:\Users\Ghanam\OneDrive\projects\Greeny-Life\.venv\Lib\site-packages\torch\distributed\elastic\agent\server\health_check_server.py","health_check_server.py",".py","1859","7/25/2026 1:31:56 PM","C:\Users\Ghanam\OneDrive\projects\Greeny-Life\.venv\Lib\site-packages\torch\distributed\elastic\agent\server"
"C:\Users\Ghanam\OneDrive\projects\Greeny-Life\.venv\Lib\site-packages\torch\distributed\elastic\agent\server\local_elastic_agent.py","local_elastic_agent.py",".py","27411","7/25/2026 1:31:56 PM","C:\Users\Ghanam\OneDrive\projects\Greeny-Life\.venv\Lib\site-packages\torch\distributed\elastic\agent\server"
"C:\Users\Ghanam\OneDrive\projects\Greeny-Life\.venv\Lib\site-packages\torch\distributed\elastic\agent\server\__init__.py","__init__.py",".py","1427","7/25/2026 1:31:56 PM","C:\Users\Ghanam\OneDrive\projects\Greeny-Life\.venv\Lib\site-packages\torch\distributed\elastic\agent\server"
"C:\Users\Ghanam\OneDrive\projects\Greeny-Life\.venv\Lib\site-packages\torch\distributed\elastic\events\api.py","api.py",".py","3426","7/25/2026 1:31:56 PM","C:\Users\Ghanam\OneDrive\projects\Greeny-Life\.venv\Lib\site-packages\torch\distributed\elastic\events"
"C:\Users\Ghanam\OneDrive\projects\Greeny-Life\.venv\Lib\site-packages\torch\distributed\elastic\metrics\api.py","api.py",".py","5967","7/25/2026 1:31:56 PM","C:\Users\Ghanam\OneDrive\projects\Greeny-Life\.venv\Lib\site-packages\torch\distributed\elastic\metrics"
"C:\Users\Ghanam\OneDrive\projects\Greeny-Life\.venv\Lib\site-packages\torch\distributed\elastic\metrics\__init__.py","__init__.py",".py","5048","7/25/2026 1:31:56 PM","C:\Users\Ghanam\OneDrive\projects\Greeny-Life\.venv\Lib\site-packages\torch\distributed\elastic\metrics"
"C:\Users\Ghanam\OneDrive\projects\Greeny-Life\.venv\Lib\site-packages\torch\distributed\elastic\multiprocessing\api.py","api.py",".py","41409","7/25/2026 1:31:56 PM","C:\Users\Ghanam\OneDrive\projects\Greeny-Life\.venv\Lib\site-packages\torch\distributed\elastic\multiprocessing"
"C:\Users\Ghanam\OneDrive\projects\Greeny-Life\.venv\Lib\site-packages\torch\distributed\elastic\multiprocessing\errors\__init__.py","__init__.py",".py","15309","7/25/2026 1:31:56 PM","C:\Users\Ghanam\OneDrive\projects\Greeny-Life\.venv\Lib\site-packages\torch\distributed\elastic\multiprocessing\errors"
"C:\Users\Ghanam\OneDrive\projects\Greeny-Life\.venv\Lib\site-packages\torch\distributed\elastic\rendezvous\api.py","api.py",".py","13471","7/25/2026 1:31:56 PM","C:\Users\Ghanam\OneDrive\projects\Greeny-Life\.venv\Lib\site-packages\torch\distributed\elastic\rendezvous"
"C:\Users\Ghanam\OneDrive\projects\Greeny-Life\.venv\Lib\site-packages\torch\distributed\elastic\rendezvous\dynamic_rendezvous.py","dynamic_rendezvous.py",".py","51043","7/25/2026 1:31:56 PM","C:\Users\Ghanam\OneDrive\projects\Greeny-Life\.venv\Lib\site-packages\torch\distributed\elastic\rendezvous"
"C:\Users\Ghanam\OneDrive\projects\Greeny-Life\.venv\Lib\site-packages\torch\distributed\elastic\rendezvous\static_tcp_rendezvous.py","static_tcp_rendezvous.py",".py","3780","7/25/2026 1:31:56 PM","C:\Users\Ghanam\OneDrive\projects\Greeny-Life\.venv\Lib\site-packages\torch\distributed\elastic\rendezvous"
"C:\Users\Ghanam\OneDrive\projects\Greeny-Life\.venv\Lib\site-packages\torch\distributed\elastic\timer\__init__.py","__init__.py",".py","1710","7/25/2026 1:31:56 PM","C:\Users\Ghanam\OneDrive\projects\Greeny-Life\.venv\Lib\site-packages\torch\distributed\elastic\timer"
"C:\Users\Ghanam\OneDrive\projects\Greeny-Life\.venv\Lib\site-packages\torch\distributed\elastic\utils\process_state.py","process_state.py",".py","1855","7/25/2026 1:31:56 PM","C:\Users\Ghanam\OneDrive\projects\Greeny-Life\.venv\Lib\site-packages\torch\distributed\elastic\utils"
"C:\Users\Ghanam\OneDrive\projects\Greeny-Life\.venv\Lib\site-packages\torch\distributed\elastic\utils\store.py","store.py",".py","7501","7/25/2026 1:31:56 PM","C:\Users\Ghanam\OneDrive\projects\Greeny-Life\.venv\Lib\site-packages\torch\distributed\elastic\utils"
"C:\Users\Ghanam\OneDrive\projects\Greeny-Life\.venv\Lib\site-packages\torch\distributed\flight_recorder\fr_trace.py","fr_trace.py",".py","3135","7/25/2026 1:31:56 PM","C:\Users\Ghanam\OneDrive\projects\Greeny-Life\.venv\Lib\site-packages\torch\distributed\flight_recorder"
"C:\Users\Ghanam\OneDrive\projects\Greeny-Life\.venv\Lib\site-packages\torch\distributed\flight_recorder\components\builder.py","builder.py",".py","18910","7/25/2026 1:31:56 PM","C:\Users\Ghanam\OneDrive\projects\Greeny-Life\.venv\Lib\site-packages\torch\distributed\flight_recorder\components"
"C:\Users\Ghanam\OneDrive\projects\Greeny-Life\.venv\Lib\site-packages\torch\distributed\fsdp\_runtime_utils.py","_runtime_utils.py",".py","68560","7/25/2026 1:31:56 PM","C:\Users\Ghanam\OneDrive\projects\Greeny-Life\.venv\Lib\site-packages\torch\distributed\fsdp"
"C:\Users\Ghanam\OneDrive\projects\Greeny-Life\.venv\Lib\site-packages\torch\distributed\fsdp\_fully_shard\_fsdp_collectives.py","_fsdp_collectives.py",".py","34867","7/25/2026 1:31:56 PM","C:\Users\Ghanam\OneDrive\projects\Greeny-Life\.venv\Lib\site-packages\torch\distributed\fsdp\_fully_shard"
"C:\Users\Ghanam\OneDrive\projects\Greeny-Life\.venv\Lib\site-packages\torch\distributed\fsdp\_fully_shard\_fsdp_state.py","_fsdp_state.py",".py","29727","7/25/2026 1:31:56 PM","C:\Users\Ghanam\OneDrive\projects\Greeny-Life\.venv\Lib\site-packages\torch\distributed\fsdp\_fully_shard"
"C:\Users\Ghanam\OneDrive\projects\Greeny-Life\.venv\Lib\site-packages\torch\distributed\fsdp\_fully_shard\_fully_shard.py","_fully_shard.py",".py","46209","7/25/2026 1:31:56 PM","C:\Users\Ghanam\OneDrive\projects\Greeny-Life\.venv\Lib\site-packages\torch\distributed\fsdp\_fully_shard"
"C:\Users\Ghanam\OneDrive\projects\Greeny-Life\.venv\Lib\site-packages\torch\distributed\launcher\api.py","api.py",".py","17066","7/25/2026 1:31:56 PM","C:\Users\Ghanam\OneDrive\projects\Greeny-Life\.venv\Lib\site-packages\torch\distributed\launcher"
"C:\Users\Ghanam\OneDrive\projects\Greeny-Life\.venv\Lib\site-packages\torch\distributed\launcher\__init__.py","__init__.py",".py","328","7/25/2026 1:31:56 PM","C:\Users\Ghanam\OneDrive\projects\Greeny-Life\.venv\Lib\site-packages\torch\distributed\launcher"
"C:\Users\Ghanam\OneDrive\projects\Greeny-Life\.venv\Lib\site-packages\torch\distributed\nn\api\remote_module.py","remote_module.py",".py","32140","7/25/2026 1:31:56 PM","C:\Users\Ghanam\OneDrive\projects\Greeny-Life\.venv\Lib\site-packages\torch\distributed\nn\api"
"C:\Users\Ghanam\OneDrive\projects\Greeny-Life\.venv\Lib\site-packages\torch\distributed\pipelining\stage.py","stage.py",".py","99507","7/25/2026 1:31:56 PM","C:\Users\Ghanam\OneDrive\projects\Greeny-Life\.venv\Lib\site-packages\torch\distributed\pipelining"
"C:\Users\Ghanam\OneDrive\projects\Greeny-Life\.venv\Lib\site-packages\torch\distributed\rpc\api.py","api.py",".py","38454","7/25/2026 1:31:56 PM","C:\Users\Ghanam\OneDrive\projects\Greeny-Life\.venv\Lib\site-packages\torch\distributed\rpc"
"C:\Users\Ghanam\OneDrive\projects\Greeny-Life\.venv\Lib\site-packages\torch\distributed\rpc\backend_registry.py","backend_registry.py",".py","16691","7/25/2026 1:31:56 PM","C:\Users\Ghanam\OneDrive\projects\Greeny-Life\.venv\Lib\site-packages\torch\distributed\rpc"
"C:\Users\Ghanam\OneDrive\projects\Greeny-Life\.venv\Lib\site-packages\torch\distributed\rpc\constants.py","constants.py",".py","828","7/25/2026 1:31:56 PM","C:\Users\Ghanam\OneDrive\projects\Greeny-Life\.venv\Lib\site-packages\torch\distributed\rpc"
"C:\Users\Ghanam\OneDrive\projects\Greeny-Life\.venv\Lib\site-packages\torch\distributed\rpc\internal.py","internal.py",".py","11407","7/25/2026 1:31:56 PM","C:\Users\Ghanam\OneDrive\projects\Greeny-Life\.venv\Lib\site-packages\torch\distributed\rpc"
"C:\Users\Ghanam\OneDrive\projects\Greeny-Life\.venv\Lib\site-packages\torch\distributed\rpc\options.py","options.py",".py","7397","7/25/2026 1:31:56 PM","C:\Users\Ghanam\OneDrive\projects\Greeny-Life\.venv\Lib\site-packages\torch\distributed\rpc"
"C:\Users\Ghanam\OneDrive\projects\Greeny-Life\.venv\Lib\site-packages\torch\distributed\rpc\_utils.py","_utils.py",".py","1696","7/25/2026 1:31:56 PM","C:\Users\Ghanam\OneDrive\projects\Greeny-Life\.venv\Lib\site-packages\torch\distributed\rpc"
"C:\Users\Ghanam\OneDrive\projects\Greeny-Life\.venv\Lib\site-packages\torch\distributed\rpc\__init__.py","__init__.py",".py","10187","7/25/2026 1:31:56 PM","C:\Users\Ghanam\OneDrive\projects\Greeny-Life\.venv\Lib\site-packages\torch\distributed\rpc"
"C:\Users\Ghanam\OneDrive\projects\Greeny-Life\.venv\Lib\site-packages\torch\distributed\rpc\_testing\faulty_agent_backend_registry.py","faulty_agent_backend_registry.py",".py","1701","7/25/2026 1:31:56 PM","C:\Users\Ghanam\OneDrive\projects\Greeny-Life\.venv\Lib\site-packages\torch\distributed\rpc\_testing"
"C:\Users\Ghanam\OneDrive\projects\Greeny-Life\.venv\Lib\site-packages\torch\distributed\rpc\_testing\__init__.py","__init__.py",".py","497","7/25/2026 1:31:56 PM","C:\Users\Ghanam\OneDrive\projects\Greeny-Life\.venv\Lib\site-packages\torch\distributed\rpc\_testing"
"C:\Users\Ghanam\OneDrive\projects\Greeny-Life\.venv\Lib\site-packages\torch\distributed\tensor\_api.py","_api.py",".py","70248","7/25/2026 1:31:56 PM","C:\Users\Ghanam\OneDrive\projects\Greeny-Life\.venv\Lib\site-packages\torch\distributed\tensor"
"C:\Users\Ghanam\OneDrive\projects\Greeny-Life\.venv\Lib\site-packages\torch\distributed\tensor\_ops\single_dim_strategy.py","single_dim_strategy.py",".py","49378","7/25/2026 1:31:56 PM","C:\Users\Ghanam\OneDrive\projects\Greeny-Life\.venv\Lib\site-packages\torch\distributed\tensor\_ops"
"C:\Users\Ghanam\OneDrive\projects\Greeny-Life\.venv\Lib\site-packages\torch\distributed\_local_tensor\__init__.py","__init__.py",".py","85663","7/25/2026 1:31:55 PM","C:\Users\Ghanam\OneDrive\projects\Greeny-Life\.venv\Lib\site-packages\torch\distributed\_local_tensor"
"C:\Users\Ghanam\OneDrive\projects\Greeny-Life\.venv\Lib\site-packages\torch\distributed\_shard\sharded_tensor\api.py","api.py",".py","56552","7/25/2026 1:31:55 PM","C:\Users\Ghanam\OneDrive\projects\Greeny-Life\.venv\Lib\site-packages\torch\distributed\_shard\sharded_tensor"
"C:\Users\Ghanam\OneDrive\projects\Greeny-Life\.venv\Lib\site-packages\torch\distributed\_shard\sharded_tensor\utils.py","utils.py",".py","12107","7/25/2026 1:31:55 PM","C:\Users\Ghanam\OneDrive\projects\Greeny-Life\.venv\Lib\site-packages\torch\distributed\_shard\sharded_tensor"
"C:\Users\Ghanam\OneDrive\projects\Greeny-Life\.venv\Lib\site-packages\torch\distributed\_symmetric_memory\__init__.py","__init__.py",".py","84531","7/25/2026 1:31:55 PM","C:\Users\Ghanam\OneDrive\projects\Greeny-Life\.venv\Lib\site-packages\torch\distributed\_symmetric_memory"
"C:\Users\Ghanam\OneDrive\projects\Greeny-Life\.venv\Lib\site-packages\torch\distributed\_tools\mod_tracker.py","mod_tracker.py",".py","10526","7/25/2026 1:31:56 PM","C:\Users\Ghanam\OneDrive\projects\Greeny-Life\.venv\Lib\site-packages\torch\distributed\_tools"
"C:\Users\Ghanam\OneDrive\projects\Greeny-Life\.venv\Lib\site-packages\torch\distributed\_tools\sac_estimator.py","sac_estimator.py",".py","43466","7/25/2026 1:31:56 PM","C:\Users\Ghanam\OneDrive\projects\Greeny-Life\.venv\Lib\site-packages\torch\distributed\_tools"
"C:\Users\Ghanam\OneDrive\projects\Greeny-Life\.venv\Lib\site-packages\torch\export\dynamic_shapes.py","dynamic_shapes.py",".py","57285","7/25/2026 1:31:56 PM","C:\Users\Ghanam\OneDrive\projects\Greeny-Life\.venv\Lib\site-packages\torch\export"
"C:\Users\Ghanam\OneDrive\projects\Greeny-Life\.venv\Lib\site-packages\torch\export\pt2_archive\_package.py","_package.py",".py","46144","7/25/2026 1:31:56 PM","C:\Users\Ghanam\OneDrive\projects\Greeny-Life\.venv\Lib\site-packages\torch\export\pt2_archive"
"C:\Users\Ghanam\OneDrive\projects\Greeny-Life\.venv\Lib\site-packages\torch\fx\experimental\symbolic_shapes.py","symbolic_shapes.py",".py","385634","7/25/2026 1:31:56 PM","C:\Users\Ghanam\OneDrive\projects\Greeny-Life\.venv\Lib\site-packages\torch\fx\experimental"
"C:\Users\Ghanam\OneDrive\projects\Greeny-Life\.venv\Lib\site-packages\torch\fx\experimental\sym_node.py","sym_node.py",".py","73402","7/25/2026 1:31:56 PM","C:\Users\Ghanam\OneDrive\projects\Greeny-Life\.venv\Lib\site-packages\torch\fx\experimental"
"C:\Users\Ghanam\OneDrive\projects\Greeny-Life\.venv\Lib\site-packages\torch\fx\passes\tests\test_pass_manager.py","test_pass_manager.py",".py","1929","7/25/2026 1:31:56 PM","C:\Users\Ghanam\OneDrive\projects\Greeny-Life\.venv\Lib\site-packages\torch\fx\passes\tests"
"C:\Users\Ghanam\OneDrive\projects\Greeny-Life\.venv\Lib\site-packages\torch\include\cpuinfo.h","cpuinfo.h",".h","60517","7/25/2026 1:31:56 PM","C:\Users\Ghanam\OneDrive\projects\Greeny-Life\.venv\Lib\site-packages\torch\include"
"C:\Users\Ghanam\OneDrive\projects\Greeny-Life\.venv\Lib\site-packages\torch\include\ittnotify.h","ittnotify.h",".h","204509","7/25/2026 1:31:56 PM","C:\Users\Ghanam\OneDrive\projects\Greeny-Life\.venv\Lib\site-packages\torch\include"
"C:\Users\Ghanam\OneDrive\projects\Greeny-Life\.venv\Lib\site-packages\torch\include\jitprofiling.h","jitprofiling.h",".h","30519","7/25/2026 1:31:56 PM","C:\Users\Ghanam\OneDrive\projects\Greeny-Life\.venv\Lib\site-packages\torch\include"
"C:\Users\Ghanam\OneDrive\projects\Greeny-Life\.venv\Lib\site-packages\torch\include\ATen\CompositeImplicitAutogradFunctions_inl.h","CompositeImplicitAutogradFunctions_inl.h",".h","33799","7/25/2026 1:31:56 PM","C:\Users\Ghanam\OneDrive\projects\Greeny-Life\.venv\Lib\site-packages\torch\include\ATen"
"C:\Users\Ghanam\OneDrive\projects\Greeny-Life\.venv\Lib\site-packages\torch\include\ATen\Context.h","Context.h",".h","27083","7/25/2026 1:31:56 PM","C:\Users\Ghanam\OneDrive\projects\Greeny-Life\.venv\Lib\site-packages\torch\include\ATen"
"C:\Users\Ghanam\OneDrive\projects\Greeny-Life\.venv\Lib\site-packages\torch\include\ATen\CPUGeneratorImpl.h","CPUGeneratorImpl.h",".h","1835","7/25/2026 1:31:56 PM","C:\Users\Ghanam\OneDrive\projects\Greeny-Life\.venv\Lib\site-packages\torch\include\ATen"
"C:\Users\Ghanam\OneDrive\projects\Greeny-Life\.venv\Lib\site-packages\torch\include\ATen\Functions.h","Functions.h",".h","57595","7/25/2026 1:31:56 PM","C:\Users\Ghanam\OneDrive\projects\Greeny-Life\.venv\Lib\site-packages\torch\include\ATen"
"C:\Users\Ghanam\OneDrive\projects\Greeny-Life\.venv\Lib\site-packages\torch\include\ATen\jiterator_macros.h","jiterator_macros.h",".h","1803","7/25/2026 1:31:56 PM","C:\Users\Ghanam\OneDrive\projects\Greeny-Life\.venv\Lib\site-packages\torch\include\ATen"
"C:\Users\Ghanam\OneDrive\projects\Greeny-Life\.venv\Lib\site-packages\torch\include\ATen\NativeFunctions.h","NativeFunctions.h",".h","63385","7/25/2026 1:31:56 PM","C:\Users\Ghanam\OneDrive\projects\Greeny-Life\.venv\Lib\site-packages\torch\include\ATen"
"C:\Users\Ghanam\OneDrive\projects\Greeny-Life\.venv\Lib\site-packages\torch\include\ATen\NativeMetaFunctions.h","NativeMetaFunctions.h",".h","59840","7/25/2026 1:31:56 PM","C:\Users\Ghanam\OneDrive\projects\Greeny-Life\.venv\Lib\site-packages\torch\include\ATen"
"C:\Users\Ghanam\OneDrive\projects\Greeny-Life\.venv\Lib\site-packages\torch\include\ATen\Operators.h","Operators.h",".h","61457","7/25/2026 1:31:56 PM","C:\Users\Ghanam\OneDrive\projects\Greeny-Life\.venv\Lib\site-packages\torch\include\ATen"
"C:\Users\Ghanam\OneDrive\projects\Greeny-Life\.venv\Lib\site-packages\torch\include\ATen\RegistrationDeclarations.h","RegistrationDeclarations.h",".h","906928","7/25/2026 1:31:56 PM","C:\Users\Ghanam\OneDrive\projects\Greeny-Life\.venv\Lib\site-packages\torch\include\ATen"
"C:\Users\Ghanam\OneDrive\projects\Greeny-Life\.venv\Lib\site-packages\torch\include\ATen\ThreadLocalState.h","ThreadLocalState.h",".h","4739","7/25/2026 1:31:56 PM","C:\Users\Ghanam\OneDrive\projects\Greeny-Life\.venv\Lib\site-packages\torch\include\ATen"
"C:\Users\Ghanam\OneDrive\projects\Greeny-Life\.venv\Lib\site-packages\torch\include\ATen\core\aten_interned_strings.h","aten_interned_strings.h",".h","59815","7/25/2026 1:31:56 PM","C:\Users\Ghanam\OneDrive\projects\Greeny-Life\.venv\Lib\site-packages\torch\include\ATen\core"
"C:\Users\Ghanam\OneDrive\projects\Greeny-Life\.venv\Lib\site-packages\torch\include\ATen\core\Generator.h","Generator.h",".h","6812","7/25/2026 1:31:56 PM","C:\Users\Ghanam\OneDrive\projects\Greeny-Life\.venv\Lib\site-packages\torch\include\ATen\core"
"C:\Users\Ghanam\OneDrive\projects\Greeny-Life\.venv\Lib\site-packages\torch\include\ATen\core\MT19937RNGEngine.h","MT19937RNGEngine.h",".h","6963","7/25/2026 1:31:56 PM","C:\Users\Ghanam\OneDrive\projects\Greeny-Life\.venv\Lib\site-packages\torch\include\ATen\core"
"C:\Users\Ghanam\OneDrive\projects\Greeny-Life\.venv\Lib\site-packages\torch\include\ATen\core\PhiloxRNGEngine.h","PhiloxRNGEngine.h",".h","8229","7/25/2026 1:31:56 PM","C:\Users\Ghanam\OneDrive\projects\Greeny-Life\.venv\Lib\site-packages\torch\include\ATen\core"
"C:\Users\Ghanam\OneDrive\projects\Greeny-Life\.venv\Lib\site-packages\torch\include\ATen\core\TensorBase.h","TensorBase.h",".h","40089","7/25/2026 1:31:56 PM","C:\Users\Ghanam\OneDrive\projects\Greeny-Life\.venv\Lib\site-packages\torch\include\ATen\core"
"C:\Users\Ghanam\OneDrive\projects\Greeny-Life\.venv\Lib\site-packages\torch\include\ATen\core\TensorBody.h","TensorBody.h",".h","279222","7/25/2026 1:31:56 PM","C:\Users\Ghanam\OneDrive\projects\Greeny-Life\.venv\Lib\site-packages\torch\include\ATen\core"
"C:\Users\Ghanam\OneDrive\projects\Greeny-Life\.venv\Lib\site-packages\torch\include\ATen\cpu\vec\vec512\vec512_float.h","vec512_float.h",".h","31317","7/25/2026 1:31:57 PM","C:\Users\Ghanam\OneDrive\projects\Greeny-Life\.venv\Lib\site-packages\torch\include\ATen\cpu\vec\vec512"
"C:\Users\Ghanam\OneDrive\projects\Greeny-Life\.venv\Lib\site-packages\torch\include\ATen\cuda\Atomic.cuh","Atomic.cuh",".cuh","27667","7/25/2026 1:31:57 PM","C:\Users\Ghanam\OneDrive\projects\Greeny-Life\.venv\Lib\site-packages\torch\include\ATen\cuda"
"C:\Users\Ghanam\OneDrive\projects\Greeny-Life\.venv\Lib\site-packages\torch\include\ATen\cuda\cub.cuh","cub.cuh",".cuh","23342","7/25/2026 1:31:57 PM","C:\Users\Ghanam\OneDrive\projects\Greeny-Life\.venv\Lib\site-packages\torch\include\ATen\cuda"
"C:\Users\Ghanam\OneDrive\projects\Greeny-Life\.venv\Lib\site-packages\torch\include\ATen\cuda\CUDAGeneratorImpl.h","CUDAGeneratorImpl.h",".h","7391","7/25/2026 1:31:57 PM","C:\Users\Ghanam\OneDrive\projects\Greeny-Life\.venv\Lib\site-packages\torch\include\ATen\cuda"
"C:\Users\Ghanam\OneDrive\projects\Greeny-Life\.venv\Lib\site-packages\torch\include\ATen\cuda\StatelessPhilox4x32.cuh","StatelessPhilox4x32.cuh",".cuh","2425","7/25/2026 1:31:57 PM","C:\Users\Ghanam\OneDrive\projects\Greeny-Life\.venv\Lib\site-packages\torch\include\ATen\cuda"
"C:\Users\Ghanam\OneDrive\projects\Greeny-Life\.venv\Lib\site-packages\torch\include\ATen\cuda\detail\ROCmMacros.cuh","ROCmMacros.cuh",".cuh","924","7/25/2026 1:31:57 PM","C:\Users\Ghanam\OneDrive\projects\Greeny-Life\.venv\Lib\site-packages\torch\include\ATen\cuda\detail"
"C:\Users\Ghanam\OneDrive\projects\Greeny-Life\.venv\Lib\site-packages\torch\include\ATen\mps\MPSGeneratorImpl.h","MPSGeneratorImpl.h",".h","1882","7/25/2026 1:31:57 PM","C:\Users\Ghanam\OneDrive\projects\Greeny-Life\.venv\Lib\site-packages\torch\include\ATen\mps"
"C:\Users\Ghanam\OneDrive\projects\Greeny-Life\.venv\Lib\site-packages\torch\include\ATen\native\DistributionTemplates.h","DistributionTemplates.h",".h","19036","7/25/2026 1:31:57 PM","C:\Users\Ghanam\OneDrive\projects\Greeny-Life\.venv\Lib\site-packages\torch\include\ATen\native"
"C:\Users\Ghanam\OneDrive\projects\Greeny-Life\.venv\Lib\site-packages\torch\include\ATen\native\SobolEngineOpsUtils.h","SobolEngineOpsUtils.h",".h","2149","7/25/2026 1:31:57 PM","C:\Users\Ghanam\OneDrive\projects\Greeny-Life\.venv\Lib\site-packages\torch\include\ATen\native"
"C:\Users\Ghanam\OneDrive\projects\Greeny-Life\.venv\Lib\site-packages\torch\include\ATen\native\cpu\LogSoftmaxKernelImpl.h","LogSoftmaxKernelImpl.h",".h","13746","7/25/2026 1:31:57 PM","C:\Users\Ghanam\OneDrive\projects\Greeny-Life\.venv\Lib\site-packages\torch\include\ATen\native\cpu"
"C:\Users\Ghanam\OneDrive\projects\Greeny-Life\.venv\Lib\site-packages\torch\include\ATen\native\cuda\CUDALoops.cuh","CUDALoops.cuh",".cuh","42304","7/25/2026 1:31:57 PM","C:\Users\Ghanam\OneDrive\projects\Greeny-Life\.venv\Lib\site-packages\torch\include\ATen\native\cuda"
"C:\Users\Ghanam\OneDrive\projects\Greeny-Life\.venv\Lib\site-packages\torch\include\ATen\native\cuda\DistributionTemplates.h","DistributionTemplates.h",".h","30204","7/25/2026 1:31:57 PM","C:\Users\Ghanam\OneDrive\projects\Greeny-Life\.venv\Lib\site-packages\torch\include\ATen\native\cuda"
"C:\Users\Ghanam\OneDrive\projects\Greeny-Life\.venv\Lib\site-packages\torch\include\ATen\native\cuda\KernelUtils.cuh","KernelUtils.cuh",".cuh","16049","7/25/2026 1:31:57 PM","C:\Users\Ghanam\OneDrive\projects\Greeny-Life\.venv\Lib\site-packages\torch\include\ATen\native\cuda"
"C:\Users\Ghanam\OneDrive\projects\Greeny-Life\.venv\Lib\site-packages\torch\include\ATen\native\cuda\Math.cuh","Math.cuh",".cuh","126759","7/25/2026 1:31:57 PM","C:\Users\Ghanam\OneDrive\projects\Greeny-Life\.venv\Lib\site-packages\torch\include\ATen\native\cuda"
"C:\Users\Ghanam\OneDrive\projects\Greeny-Life\.venv\Lib\site-packages\torch\include\ATen\native\cuda\MemoryAccess.cuh","MemoryAccess.cuh",".cuh","23375","7/25/2026 1:31:57 PM","C:\Users\Ghanam\OneDrive\projects\Greeny-Life\.venv\Lib\site-packages\torch\include\ATen\native\cuda"
"C:\Users\Ghanam\OneDrive\projects\Greeny-Life\.venv\Lib\site-packages\torch\include\ATen\native\cuda\Randperm.cuh","Randperm.cuh",".cuh","2425","7/25/2026 1:31:57 PM","C:\Users\Ghanam\OneDrive\projects\Greeny-Life\.venv\Lib\site-packages\torch\include\ATen\native\cuda"
"C:\Users\Ghanam\OneDrive\projects\Greeny-Life\.venv\Lib\site-packages\torch\include\ATen\native\cuda\Reduce.cuh","Reduce.cuh",".cuh","51655","7/25/2026 1:31:57 PM","C:\Users\Ghanam\OneDrive\projects\Greeny-Life\.venv\Lib\site-packages\torch\include\ATen\native\cuda"
"C:\Users\Ghanam\OneDrive\projects\Greeny-Life\.venv\Lib\site-packages\torch\include\ATen\native\cuda\reduction_template.cuh","reduction_template.cuh",".cuh","25492","7/25/2026 1:31:57 PM","C:\Users\Ghanam\OneDrive\projects\Greeny-Life\.venv\Lib\site-packages\torch\include\ATen\native\cuda"
"C:\Users\Ghanam\OneDrive\projects\Greeny-Life\.venv\Lib\site-packages\torch\include\ATen\native\quantized\cpu\conv_serialization.h","conv_serialization.h",".h","13564","7/25/2026 1:31:57 PM","C:\Users\Ghanam\OneDrive\projects\Greeny-Life\.venv\Lib\site-packages\torch\include\ATen\native\quantized\cpu"
"C:\Users\Ghanam\OneDrive\projects\Greeny-Life\.venv\Lib\site-packages\torch\include\ATen\native\quantized\cpu\OnednnUtils.h","OnednnUtils.h",".h","16962","7/25/2026 1:31:57 PM","C:\Users\Ghanam\OneDrive\projects\Greeny-Life\.venv\Lib\site-packages\torch\include\ATen\native\quantized\cpu"
"C:\Users\Ghanam\OneDrive\projects\Greeny-Life\.venv\Lib\site-packages\torch\include\ATen\native\quantized\cpu\QnnpackUtils.h","QnnpackUtils.h",".h","18176","7/25/2026 1:31:57 PM","C:\Users\Ghanam\OneDrive\projects\Greeny-Life\.venv\Lib\site-packages\torch\include\ATen\native\quantized\cpu"
"C:\Users\Ghanam\OneDrive\projects\Greeny-Life\.venv\Lib\site-packages\torch\include\ATen\native\quantized\cudnn\utils.h","utils.h",".h","11052","7/25/2026 1:31:57 PM","C:\Users\Ghanam\OneDrive\projects\Greeny-Life\.venv\Lib\site-packages\torch\include\ATen\native\quantized\cudnn"
"C:\Users\Ghanam\OneDrive\projects\Greeny-Life\.venv\Lib\site-packages\torch\include\ATen\native\transformers\cuda\mem_eff_attention\kernel_backward.h","kernel_backward.h",".h","102917","7/25/2026 1:31:57 PM","C:\Users\Ghanam\OneDrive\projects\Greeny-Life\.venv\Lib\site-packages\torch\include\ATen\native\transformers\cuda\mem_eff_attention"
"C:\Users\Ghanam\OneDrive\projects\Greeny-Life\.venv\Lib\site-packages\torch\include\ATen\native\transformers\cuda\mem_eff_attention\kernel_forward.h","kernel_forward.h",".h","56149","7/25/2026 1:31:57 PM","C:\Users\Ghanam\OneDrive\projects\Greeny-Life\.venv\Lib\site-packages\torch\include\ATen\native\transformers\cuda\mem_eff_attention"
"C:\Users\Ghanam\OneDrive\projects\Greeny-Life\.venv\Lib\site-packages\torch\include\ATen\ops\_sobol_engine_draw.h","_sobol_engine_draw.h",".h","1263","7/25/2026 1:31:59 PM","C:\Users\Ghanam\OneDrive\projects\Greeny-Life\.venv\Lib\site-packages\torch\include\ATen\ops"
"C:\Users\Ghanam\OneDrive\projects\Greeny-Life\.venv\Lib\site-packages\torch\include\ATen\ops\_sobol_engine_draw_compositeimplicitautograd_dispatch.h","_sobol_engine_draw_compositeimplicitautograd_dispatch.h",".h","1207","7/25/2026 1:31:59 PM","C:\Users\Ghanam\OneDrive\projects\Greeny-Life\.venv\Lib\site-packages\torch\include\ATen\ops"
"C:\Users\Ghanam\OneDrive\projects\Greeny-Life\.venv\Lib\site-packages\torch\include\ATen\ops\_sobol_engine_draw_native.h","_sobol_engine_draw_native.h",".h","917","7/25/2026 1:31:59 PM","C:\Users\Ghanam\OneDrive\projects\Greeny-Life\.venv\Lib\site-packages\torch\include\ATen\ops"
"C:\Users\Ghanam\OneDrive\projects\Greeny-Life\.venv\Lib\site-packages\torch\include\ATen\ops\_sobol_engine_draw_ops.h","_sobol_engine_draw_ops.h",".h","1774","7/25/2026 1:31:59 PM","C:\Users\Ghanam\OneDrive\projects\Greeny-Life\.venv\Lib\site-packages\torch\include\ATen\ops"
"C:\Users\Ghanam\OneDrive\projects\Greeny-Life\.venv\Lib\site-packages\torch\include\ATen\ops\_sobol_engine_ff.h","_sobol_engine_ff.h",".h","1159","7/25/2026 1:31:59 PM","C:\Users\Ghanam\OneDrive\projects\Greeny-Life\.venv\Lib\site-packages\torch\include\ATen\ops"
"C:\Users\Ghanam\OneDrive\projects\Greeny-Life\.venv\Lib\site-packages\torch\include\ATen\ops\_sobol_engine_ff_compositeimplicitautograd_dispatch.h","_sobol_engine_ff_compositeimplicitautograd_dispatch.h",".h","1137","7/25/2026 1:31:59 PM","C:\Users\Ghanam\OneDrive\projects\Greeny-Life\.venv\Lib\site-packages\torch\include\ATen\ops"
"C:\Users\Ghanam\OneDrive\projects\Greeny-Life\.venv\Lib\site-packages\torch\include\ATen\ops\_sobol_engine_ff_native.h","_sobol_engine_ff_native.h",".h","847","7/25/2026 1:31:59 PM","C:\Users\Ghanam\OneDrive\projects\Greeny-Life\.venv\Lib\site-packages\torch\include\ATen\ops"
"C:\Users\Ghanam\OneDrive\projects\Greeny-Life\.venv\Lib\site-packages\torch\include\ATen\ops\_sobol_engine_ff_ops.h","_sobol_engine_ff_ops.h",".h","1549","7/25/2026 1:31:59 PM","C:\Users\Ghanam\OneDrive\projects\Greeny-Life\.venv\Lib\site-packages\torch\include\ATen\ops"
"C:\Users\Ghanam\OneDrive\projects\Greeny-Life\.venv\Lib\site-packages\torch\include\ATen\ops\_sobol_engine_initialize_state.h","_sobol_engine_initialize_state.h",".h","1075","7/25/2026 1:31:59 PM","C:\Users\Ghanam\OneDrive\projects\Greeny-Life\.venv\Lib\site-packages\torch\include\ATen\ops"
"C:\Users\Ghanam\OneDrive\projects\Greeny-Life\.venv\Lib\site-packages\torch\include\ATen\ops\_sobol_engine_initialize_state_compositeimplicitautograd_dispatch.h","_sobol_engine_initialize_state_compositeimplicitautograd_dispatch.h",".h","1086","7/25/2026 1:31:59 PM","C:\Users\Ghanam\OneDrive\projects\Greeny-Life\.venv\Lib\site-packages\torch\include\ATen\ops"
"C:\Users\Ghanam\OneDrive\projects\Greeny-Life\.venv\Lib\site-packages\torch\include\ATen\ops\_sobol_engine_initialize_state_native.h","_sobol_engine_initialize_state_native.h",".h","796","7/25/2026 1:31:59 PM","C:\Users\Ghanam\OneDrive\projects\Greeny-Life\.venv\Lib\site-packages\torch\include\ATen\ops"
"C:\Users\Ghanam\OneDrive\projects\Greeny-Life\.venv\Lib\site-packages\torch\include\ATen\ops\_sobol_engine_initialize_state_ops.h","_sobol_engine_initialize_state_ops.h",".h","1378","7/25/2026 1:31:59 PM","C:\Users\Ghanam\OneDrive\projects\Greeny-Life\.venv\Lib\site-packages\torch\include\ATen\ops"
"C:\Users\Ghanam\OneDrive\projects\Greeny-Life\.venv\Lib\site-packages\torch\include\ATen\ops\_sobol_engine_scramble.h","_sobol_engine_scramble.h",".h","1084","7/25/2026 1:31:59 PM","C:\Users\Ghanam\OneDrive\projects\Greeny-Life\.venv\Lib\site-packages\torch\include\ATen\ops"
"C:\Users\Ghanam\OneDrive\projects\Greeny-Life\.venv\Lib\site-packages\torch\include\ATen\ops\_sobol_engine_scramble_compositeimplicitautograd_dispatch.h","_sobol_engine_scramble_compositeimplicitautograd_dispatch.h",".h","1102","7/25/2026 1:31:59 PM","C:\Users\Ghanam\OneDrive\projects\Greeny-Life\.venv\Lib\site-packages\torch\include\ATen\ops"
"C:\Users\Ghanam\OneDrive\projects\Greeny-Life\.venv\Lib\site-packages\torch\include\ATen\ops\_sobol_engine_scramble_native.h","_sobol_engine_scramble_native.h",".h","812","7/25/2026 1:31:59 PM","C:\Users\Ghanam\OneDrive\projects\Greeny-Life\.venv\Lib\site-packages\torch\include\ATen\ops"
"C:\Users\Ghanam\OneDrive\projects\Greeny-Life\.venv\Lib\site-packages\torch\include\ATen\ops\_sobol_engine_scramble_ops.h","_sobol_engine_scramble_ops.h",".h","1434","7/25/2026 1:31:59 PM","C:\Users\Ghanam\OneDrive\projects\Greeny-Life\.venv\Lib\site-packages\torch\include\ATen\ops"
"C:\Users\Ghanam\OneDrive\projects\Greeny-Life\.venv\Lib\site-packages\torch\include\ATen\quantized\Quantizer.h","Quantizer.h",".h","9770","7/25/2026 1:32:07 PM","C:\Users\Ghanam\OneDrive\projects\Greeny-Life\.venv\Lib\site-packages\torch\include\ATen\quantized"
"C:\Users\Ghanam\OneDrive\projects\Greeny-Life\.venv\Lib\site-packages\torch\include\ATen\xpu\XPUGeneratorImpl.h","XPUGeneratorImpl.h",".h","3000","7/25/2026 1:32:08 PM","C:\Users\Ghanam\OneDrive\projects\Greeny-Life\.venv\Lib\site-packages\torch\include\ATen\xpu"
"C:\Users\Ghanam\OneDrive\projects\Greeny-Life\.venv\Lib\site-packages\torch\include\c10\core\GeneratorImpl.h","GeneratorImpl.h",".h","4307","7/25/2026 1:32:08 PM","C:\Users\Ghanam\OneDrive\projects\Greeny-Life\.venv\Lib\site-packages\torch\include\c10\core"
"C:\Users\Ghanam\OneDrive\projects\Greeny-Life\.venv\Lib\site-packages\torch\include\c10\core\QEngine.h","QEngine.h",".h","1315","7/25/2026 1:32:08 PM","C:\Users\Ghanam\OneDrive\projects\Greeny-Life\.venv\Lib\site-packages\torch\include\c10\core"
"C:\Users\Ghanam\OneDrive\projects\Greeny-Life\.venv\Lib\site-packages\torch\include\c10\core\TensorImpl.h","TensorImpl.h",".h","119876","7/25/2026 1:32:08 PM","C:\Users\Ghanam\OneDrive\projects\Greeny-Life\.venv\Lib\site-packages\torch\include\c10\core"
"C:\Users\Ghanam\OneDrive\projects\Greeny-Life\.venv\Lib\site-packages\torch\include\c10\core\TensorOptions.h","TensorOptions.h",".h","28079","7/25/2026 1:32:08 PM","C:\Users\Ghanam\OneDrive\projects\Greeny-Life\.venv\Lib\site-packages\torch\include\c10\core"
"C:\Users\Ghanam\OneDrive\projects\Greeny-Life\.venv\Lib\site-packages\torch\include\c10\metal\random.h","random.h",".h","3407","7/25/2026 1:32:08 PM","C:\Users\Ghanam\OneDrive\projects\Greeny-Life\.venv\Lib\site-packages\torch\include\c10\metal"
"C:\Users\Ghanam\OneDrive\projects\Greeny-Life\.venv\Lib\site-packages\torch\include\c10\util\hash.h","hash.h",".h","11744","7/25/2026 1:32:09 PM","C:\Users\Ghanam\OneDrive\projects\Greeny-Life\.venv\Lib\site-packages\torch\include\c10\util"
"C:\Users\Ghanam\OneDrive\projects\Greeny-Life\.venv\Lib\site-packages\torch\include\c10\util\intrusive_ptr.h","intrusive_ptr.h",".h","48053","7/25/2026 1:32:09 PM","C:\Users\Ghanam\OneDrive\projects\Greeny-Life\.venv\Lib\site-packages\torch\include\c10\util"
"C:\Users\Ghanam\OneDrive\projects\Greeny-Life\.venv\Lib\site-packages\torch\include\c10\util\NetworkFlow.h","NetworkFlow.h",".h","1450","7/25/2026 1:32:08 PM","C:\Users\Ghanam\OneDrive\projects\Greeny-Life\.venv\Lib\site-packages\torch\include\c10\util"
"C:\Users\Ghanam\OneDrive\projects\Greeny-Life\.venv\Lib\site-packages\torch\include\c10\util\StringUtil.h","StringUtil.h",".h","7602","7/25/2026 1:32:08 PM","C:\Users\Ghanam\OneDrive\projects\Greeny-Life\.venv\Lib\site-packages\torch\include\c10\util"
"C:\Users\Ghanam\OneDrive\projects\Greeny-Life\.venv\Lib\site-packages\torch\include\caffe2\core\macros.h","macros.h",".h","3215","7/25/2026 1:32:09 PM","C:\Users\Ghanam\OneDrive\projects\Greeny-Life\.venv\Lib\site-packages\torch\include\caffe2\core"
"C:\Users\Ghanam\OneDrive\projects\Greeny-Life\.venv\Lib\site-packages\torch\include\caffe2\perfkernels\common.h","common.h",".h","6548","7/25/2026 1:32:09 PM","C:\Users\Ghanam\OneDrive\projects\Greeny-Life\.venv\Lib\site-packages\torch\include\caffe2\perfkernels"
"C:\Users\Ghanam\OneDrive\projects\Greeny-Life\.venv\Lib\site-packages\torch\include\caffe2\utils\threadpool\pthreadpool.h","pthreadpool.h",".h","6796","7/25/2026 1:32:09 PM","C:\Users\Ghanam\OneDrive\projects\Greeny-Life\.venv\Lib\site-packages\torch\include\caffe2\utils\threadpool"
"C:\Users\Ghanam\OneDrive\projects\Greeny-Life\.venv\Lib\site-packages\torch\include\fmt\color.h","color.h",".h","25041","7/25/2026 1:32:09 PM","C:\Users\Ghanam\OneDrive\projects\Greeny-Life\.venv\Lib\site-packages\torch\include\fmt"
"C:\Users\Ghanam\OneDrive\projects\Greeny-Life\.venv\Lib\site-packages\torch\include\fmt\format-inl.h","format-inl.h",".h","83215","7/25/2026 1:32:09 PM","C:\Users\Ghanam\OneDrive\projects\Greeny-Life\.venv\Lib\site-packages\torch\include\fmt"
"C:\Users\Ghanam\OneDrive\projects\Greeny-Life\.venv\Lib\site-packages\torch\include\fmt\format.h","format.h",".h","167320","7/25/2026 1:32:09 PM","C:\Users\Ghanam\OneDrive\projects\Greeny-Life\.venv\Lib\site-packages\torch\include\fmt"
"C:\Users\Ghanam\OneDrive\projects\Greeny-Life\.venv\Lib\site-packages\torch\include\google\protobuf\descriptor.h","descriptor.h",".h","99076","7/25/2026 1:32:09 PM","C:\Users\Ghanam\OneDrive\projects\Greeny-Life\.venv\Lib\site-packages\torch\include\google\protobuf"
"C:\Users\Ghanam\OneDrive\projects\Greeny-Life\.venv\Lib\site-packages\torch\include\google\protobuf\metadata_lite.h","metadata_lite.h",".h","8767","7/25/2026 1:32:09 PM","C:\Users\Ghanam\OneDrive\projects\Greeny-Life\.venv\Lib\site-packages\torch\include\google\protobuf"
"C:\Users\Ghanam\OneDrive\projects\Greeny-Life\.venv\Lib\site-packages\torch\include\google\protobuf\stubs\platform_macros.h","platform_macros.h",".h","5501","7/25/2026 1:32:09 PM","C:\Users\Ghanam\OneDrive\projects\Greeny-Life\.venv\Lib\site-packages\torch\include\google\protobuf\stubs"
"C:\Users\Ghanam\OneDrive\projects\Greeny-Life\.venv\Lib\site-packages\torch\include\google\protobuf\util\message_differencer.h","message_differencer.h",".h","46473","7/25/2026 1:32:09 PM","C:\Users\Ghanam\OneDrive\projects\Greeny-Life\.venv\Lib\site-packages\torch\include\google\protobuf\util"
"C:\Users\Ghanam\OneDrive\projects\Greeny-Life\.venv\Lib\site-packages\torch\include\kineto\Config.h","Config.h",".h","17324","7/25/2026 1:32:09 PM","C:\Users\Ghanam\OneDrive\projects\Greeny-Life\.venv\Lib\site-packages\torch\include\kineto"
"C:\Users\Ghanam\OneDrive\projects\Greeny-Life\.venv\Lib\site-packages\torch\include\kineto\IActivityProfiler.h","IActivityProfiler.h",".h","5551","7/25/2026 1:32:09 PM","C:\Users\Ghanam\OneDrive\projects\Greeny-Life\.venv\Lib\site-packages\torch\include\kineto"
"C:\Users\Ghanam\OneDrive\projects\Greeny-Life\.venv\Lib\site-packages\torch\include\oneapi\dnnl\dnnl.h","dnnl.h",".h","203177","7/25/2026 1:32:09 PM","C:\Users\Ghanam\OneDrive\projects\Greeny-Life\.venv\Lib\site-packages\torch\include\oneapi\dnnl"
"C:\Users\Ghanam\OneDrive\projects\Greeny-Life\.venv\Lib\site-packages\torch\include\oneapi\dnnl\dnnl.hpp","dnnl.hpp",".hpp","679847","7/25/2026 1:32:09 PM","C:\Users\Ghanam\OneDrive\projects\Greeny-Life\.venv\Lib\site-packages\torch\include\oneapi\dnnl"
"C:\Users\Ghanam\OneDrive\projects\Greeny-Life\.venv\Lib\site-packages\torch\include\oneapi\dnnl\dnnl_common.h","dnnl_common.h",".h","6085","7/25/2026 1:32:09 PM","C:\Users\Ghanam\OneDrive\projects\Greeny-Life\.venv\Lib\site-packages\torch\include\oneapi\dnnl"
"C:\Users\Ghanam\OneDrive\projects\Greeny-Life\.venv\Lib\site-packages\torch\include\oneapi\dnnl\dnnl_common.hpp","dnnl_common.hpp",".hpp","16531","7/25/2026 1:32:09 PM","C:\Users\Ghanam\OneDrive\projects\Greeny-Life\.venv\Lib\site-packages\torch\include\oneapi\dnnl"
"C:\Users\Ghanam\OneDrive\projects\Greeny-Life\.venv\Lib\site-packages\torch\include\oneapi\dnnl\dnnl_common_types.h","dnnl_common_types.h",".h","8864","7/25/2026 1:32:09 PM","C:\Users\Ghanam\OneDrive\projects\Greeny-Life\.venv\Lib\site-packages\torch\include\oneapi\dnnl"
"C:\Users\Ghanam\OneDrive\projects\Greeny-Life\.venv\Lib\site-packages\torch\include\oneapi\dnnl\dnnl_config.h","dnnl_config.h",".h","7007","7/25/2026 1:32:09 PM","C:\Users\Ghanam\OneDrive\projects\Greeny-Life\.venv\Lib\site-packages\torch\include\oneapi\dnnl"
"C:\Users\Ghanam\OneDrive\projects\Greeny-Life\.venv\Lib\site-packages\torch\include\oneapi\dnnl\dnnl_debug.h","dnnl_debug.h",".h","2662","7/25/2026 1:32:09 PM","C:\Users\Ghanam\OneDrive\projects\Greeny-Life\.venv\Lib\site-packages\torch\include\oneapi\dnnl"
"C:\Users\Ghanam\OneDrive\projects\Greeny-Life\.venv\Lib\site-packages\torch\include\oneapi\dnnl\dnnl_graph.h","dnnl_graph.h",".h","35355","7/25/2026 1:32:09 PM","C:\Users\Ghanam\OneDrive\projects\Greeny-Life\.venv\Lib\site-packages\torch\include\oneapi\dnnl"
"C:\Users\Ghanam\OneDrive\projects\Greeny-Life\.venv\Lib\site-packages\torch\include\oneapi\dnnl\dnnl_graph.hpp","dnnl_graph.hpp",".hpp","70611","7/25/2026 1:32:09 PM","C:\Users\Ghanam\OneDrive\projects\Greeny-Life\.venv\Lib\site-packages\torch\include\oneapi\dnnl"
"C:\Users\Ghanam\OneDrive\projects\Greeny-Life\.venv\Lib\site-packages\torch\include\oneapi\dnnl\dnnl_graph_ocl.h","dnnl_graph_ocl.h",".h","6177","7/25/2026 1:32:09 PM","C:\Users\Ghanam\OneDrive\projects\Greeny-Life\.venv\Lib\site-packages\torch\include\oneapi\dnnl"
"C:\Users\Ghanam\OneDrive\projects\Greeny-Life\.venv\Lib\site-packages\torch\include\oneapi\dnnl\dnnl_graph_ocl.hpp","dnnl_graph_ocl.hpp",".hpp","5843","7/25/2026 1:32:09 PM","C:\Users\Ghanam\OneDrive\projects\Greeny-Life\.venv\Lib\site-packages\torch\include\oneapi\dnnl"
"C:\Users\Ghanam\OneDrive\projects\Greeny-Life\.venv\Lib\site-packages\torch\include\oneapi\dnnl\dnnl_graph_sycl.h","dnnl_graph_sycl.h",".h","4006","7/25/2026 1:32:09 PM","C:\Users\Ghanam\OneDrive\projects\Greeny-Life\.venv\Lib\site-packages\torch\include\oneapi\dnnl"
"C:\Users\Ghanam\OneDrive\projects\Greeny-Life\.venv\Lib\site-packages\torch\include\oneapi\dnnl\dnnl_graph_sycl.hpp","dnnl_graph_sycl.hpp",".hpp","4722","7/25/2026 1:32:09 PM","C:\Users\Ghanam\OneDrive\projects\Greeny-Life\.venv\Lib\site-packages\torch\include\oneapi\dnnl"
"C:\Users\Ghanam\OneDrive\projects\Greeny-Life\.venv\Lib\site-packages\torch\include\oneapi\dnnl\dnnl_graph_types.h","dnnl_graph_types.h",".h","18439","7/25/2026 1:32:09 PM","C:\Users\Ghanam\OneDrive\projects\Greeny-Life\.venv\Lib\site-packages\torch\include\oneapi\dnnl"
"C:\Users\Ghanam\OneDrive\projects\Greeny-Life\.venv\Lib\site-packages\torch\include\oneapi\dnnl\dnnl_ocl.h","dnnl_ocl.h",".h","12143","7/25/2026 1:32:09 PM","C:\Users\Ghanam\OneDrive\projects\Greeny-Life\.venv\Lib\site-packages\torch\include\oneapi\dnnl"
"C:\Users\Ghanam\OneDrive\projects\Greeny-Life\.venv\Lib\site-packages\torch\include\oneapi\dnnl\dnnl_ocl.hpp","dnnl_ocl.hpp",".hpp","15965","7/25/2026 1:32:09 PM","C:\Users\Ghanam\OneDrive\projects\Greeny-Life\.venv\Lib\site-packages\torch\include\oneapi\dnnl"
"C:\Users\Ghanam\OneDrive\projects\Greeny-Life\.venv\Lib\site-packages\torch\include\oneapi\dnnl\dnnl_sycl.h","dnnl_sycl.h",".h","8764","7/25/2026 1:32:09 PM","C:\Users\Ghanam\OneDrive\projects\Greeny-Life\.venv\Lib\site-packages\torch\include\oneapi\dnnl"
"C:\Users\Ghanam\OneDrive\projects\Greeny-Life\.venv\Lib\site-packages\torch\include\oneapi\dnnl\dnnl_sycl.hpp","dnnl_sycl.hpp",".hpp","13441","7/25/2026 1:32:09 PM","C:\Users\Ghanam\OneDrive\projects\Greeny-Life\.venv\Lib\site-packages\torch\include\oneapi\dnnl"
"C:\Users\Ghanam\OneDrive\projects\Greeny-Life\.venv\Lib\site-packages\torch\include\oneapi\dnnl\dnnl_threadpool.h","dnnl_threadpool.h",".h","4896","7/25/2026 1:32:09 PM","C:\Users\Ghanam\OneDrive\projects\Greeny-Life\.venv\Lib\site-packages\torch\include\oneapi\dnnl"
"C:\Users\Ghanam\OneDrive\projects\Greeny-Life\.venv\Lib\site-packages\torch\include\oneapi\dnnl\dnnl_threadpool.hpp","dnnl_threadpool.hpp",".hpp","4694","7/25/2026 1:32:09 PM","C:\Users\Ghanam\OneDrive\projects\Greeny-Life\.venv\Lib\site-packages\torch\include\oneapi\dnnl"
"C:\Users\Ghanam\OneDrive\projects\Greeny-Life\.venv\Lib\site-packages\torch\include\oneapi\dnnl\dnnl_types.h","dnnl_types.h",".h","105409","7/25/2026 1:32:09 PM","C:\Users\Ghanam\OneDrive\projects\Greeny-Life\.venv\Lib\site-packages\torch\include\oneapi\dnnl"
"C:\Users\Ghanam\OneDrive\projects\Greeny-Life\.venv\Lib\site-packages\torch\include\oneapi\dnnl\dnnl_ze.h","dnnl_ze.h",".h","6750","7/25/2026 1:32:10 PM","C:\Users\Ghanam\OneDrive\projects\Greeny-Life\.venv\Lib\site-packages\torch\include\oneapi\dnnl"
"C:\Users\Ghanam\OneDrive\projects\Greeny-Life\.venv\Lib\site-packages\torch\include\oneapi\dnnl\dnnl_ze.hpp","dnnl_ze.hpp",".hpp","9052","7/25/2026 1:32:10 PM","C:\Users\Ghanam\OneDrive\projects\Greeny-Life\.venv\Lib\site-packages\torch\include\oneapi\dnnl"
"C:\Users\Ghanam\OneDrive\projects\Greeny-Life\.venv\Lib\site-packages\torch\include\pybind11\conduit\wrap_include_python_h.h","wrap_include_python_h.h",".h","2141","7/25/2026 1:32:10 PM","C:\Users\Ghanam\OneDrive\projects\Greeny-Life\.venv\Lib\site-packages\torch\include\pybind11\conduit"
"C:\Users\Ghanam\OneDrive\projects\Greeny-Life\.venv\Lib\site-packages\torch\include\torch\library.h","library.h",".h","43543","7/25/2026 1:32:10 PM","C:\Users\Ghanam\OneDrive\projects\Greeny-Life\.venv\Lib\site-packages\torch\include\torch"
"C:\Users\Ghanam\OneDrive\projects\Greeny-Life\.venv\Lib\site-packages\torch\include\torch\csrc\autograd\engine.h","engine.h",".h","11379","7/25/2026 1:32:11 PM","C:\Users\Ghanam\OneDrive\projects\Greeny-Life\.venv\Lib\site-packages\torch\include\torch\csrc\autograd"
"C:\Users\Ghanam\OneDrive\projects\Greeny-Life\.venv\Lib\site-packages\torch\include\torch\csrc\autograd\graph_task.h","graph_task.h",".h","9872","7/25/2026 1:32:11 PM","C:\Users\Ghanam\OneDrive\projects\Greeny-Life\.venv\Lib\site-packages\torch\include\torch\csrc\autograd"
"C:\Users\Ghanam\OneDrive\projects\Greeny-Life\.venv\Lib\site-packages\torch\include\torch\csrc\autograd\input_buffer.h","input_buffer.h",".h","4257","7/25/2026 1:32:11 PM","C:\Users\Ghanam\OneDrive\projects\Greeny-Life\.venv\Lib\site-packages\torch\include\torch\csrc\autograd"
"C:\Users\Ghanam\OneDrive\projects\Greeny-Life\.venv\Lib\site-packages\torch\include\torch\csrc\autograd\input_metadata.h","input_metadata.h",".h","4159","7/25/2026 1:32:11 PM","C:\Users\Ghanam\OneDrive\projects\Greeny-Life\.venv\Lib\site-packages\torch\include\torch\csrc\autograd"
"C:\Users\Ghanam\OneDrive\projects\Greeny-Life\.venv\Lib\site-packages\torch\include\torch\csrc\autograd\node.h","node.h",".h","28987","7/25/2026 1:32:11 PM","C:\Users\Ghanam\OneDrive\projects\Greeny-Life\.venv\Lib\site-packages\torch\include\torch\csrc\autograd"
"C:\Users\Ghanam\OneDrive\projects\Greeny-Life\.venv\Lib\site-packages\torch\include\torch\csrc\autograd\python_autograd.h","python_autograd.h",".h","700","7/25/2026 1:32:11 PM","C:\Users\Ghanam\OneDrive\projects\Greeny-Life\.venv\Lib\site-packages\torch\include\torch\csrc\autograd"
"C:\Users\Ghanam\OneDrive\projects\Greeny-Life\.venv\Lib\site-packages\torch\include\torch\csrc\autograd\python_engine.h","python_engine.h",".h","1565","7/25/2026 1:32:11 PM","C:\Users\Ghanam\OneDrive\projects\Greeny-Life\.venv\Lib\site-packages\torch\include\torch\csrc\autograd"
"C:\Users\Ghanam\OneDrive\projects\Greeny-Life\.venv\Lib\site-packages\torch\include\torch\csrc\autograd\variable.h","variable.h",".h","43992","7/25/2026 1:32:11 PM","C:\Users\Ghanam\OneDrive\projects\Greeny-Life\.venv\Lib\site-packages\torch\include\torch\csrc\autograd"
"C:\Users\Ghanam\OneDrive\projects\Greeny-Life\.venv\Lib\site-packages\torch\include\torch\csrc\distributed\autograd\autograd.h","autograd.h",".h","1931","7/25/2026 1:32:11 PM","C:\Users\Ghanam\OneDrive\projects\Greeny-Life\.venv\Lib\site-packages\torch\include\torch\csrc\distributed\autograd"
"C:\Users\Ghanam\OneDrive\projects\Greeny-Life\.venv\Lib\site-packages\torch\include\torch\csrc\distributed\autograd\utils.h","utils.h",".h","2962","7/25/2026 1:32:11 PM","C:\Users\Ghanam\OneDrive\projects\Greeny-Life\.venv\Lib\site-packages\torch\include\torch\csrc\distributed\autograd"
"C:\Users\Ghanam\OneDrive\projects\Greeny-Life\.venv\Lib\site-packages\torch\include\torch\csrc\distributed\autograd\context\context.h","context.h",".h","7057","7/25/2026 1:32:11 PM","C:\Users\Ghanam\OneDrive\projects\Greeny-Life\.venv\Lib\site-packages\torch\include\torch\csrc\distributed\autograd\context"
"C:\Users\Ghanam\OneDrive\projects\Greeny-Life\.venv\Lib\site-packages\torch\include\torch\csrc\distributed\autograd\engine\dist_engine.h","dist_engine.h",".h","7858","7/25/2026 1:32:11 PM","C:\Users\Ghanam\OneDrive\projects\Greeny-Life\.venv\Lib\site-packages\torch\include\torch\csrc\distributed\autograd\engine"
"C:\Users\Ghanam\OneDrive\projects\Greeny-Life\.venv\Lib\site-packages\torch\include\torch\csrc\distributed\autograd\functions\recvrpc_backward.h","recvrpc_backward.h",".h","1966","7/25/2026 1:32:11 PM","C:\Users\Ghanam\OneDrive\projects\Greeny-Life\.venv\Lib\site-packages\torch\include\torch\csrc\distributed\autograd\functions"
"C:\Users\Ghanam\OneDrive\projects\Greeny-Life\.venv\Lib\site-packages\torch\include\torch\csrc\distributed\autograd\functions\sendrpc_backward.h","sendrpc_backward.h",".h","1615","7/25/2026 1:32:11 PM","C:\Users\Ghanam\OneDrive\projects\Greeny-Life\.venv\Lib\site-packages\torch\include\torch\csrc\distributed\autograd\functions"
"C:\Users\Ghanam\OneDrive\projects\Greeny-Life\.venv\Lib\site-packages\torch\include\torch\csrc\distributed\autograd\rpc_messages\rpc_with_autograd.h","rpc_with_autograd.h",".h","3859","7/25/2026 1:32:11 PM","C:\Users\Ghanam\OneDrive\projects\Greeny-Life\.venv\Lib\site-packages\torch\include\torch\csrc\distributed\autograd\rpc_messages"
"C:\Users\Ghanam\OneDrive\projects\Greeny-Life\.venv\Lib\site-packages\torch\include\torch\csrc\distributed\autograd\rpc_messages\rpc_with_profiling_req.h","rpc_with_profiling_req.h",".h","2830","7/25/2026 1:32:11 PM","C:\Users\Ghanam\OneDrive\projects\Greeny-Life\.venv\Lib\site-packages\torch\include\torch\csrc\distributed\autograd\rpc_messages"
"C:\Users\Ghanam\OneDrive\projects\Greeny-Life\.venv\Lib\site-packages\torch\include\torch\csrc\distributed\autograd\rpc_messages\rpc_with_profiling_resp.h","rpc_with_profiling_resp.h",".h","2787","7/25/2026 1:32:11 PM","C:\Users\Ghanam\OneDrive\projects\Greeny-Life\.venv\Lib\site-packages\torch\include\torch\csrc\distributed\autograd\rpc_messages"
"C:\Users\Ghanam\OneDrive\projects\Greeny-Life\.venv\Lib\site-packages\torch\include\torch\csrc\distributed\rpc\agent_utils.h","agent_utils.h",".h","1930","7/25/2026 1:32:11 PM","C:\Users\Ghanam\OneDrive\projects\Greeny-Life\.venv\Lib\site-packages\torch\include\torch\csrc\distributed\rpc"
"C:\Users\Ghanam\OneDrive\projects\Greeny-Life\.venv\Lib\site-packages\torch\include\torch\csrc\distributed\rpc\message.h","message.h",".h","8085","7/25/2026 1:32:11 PM","C:\Users\Ghanam\OneDrive\projects\Greeny-Life\.venv\Lib\site-packages\torch\include\torch\csrc\distributed\rpc"
"C:\Users\Ghanam\OneDrive\projects\Greeny-Life\.venv\Lib\site-packages\torch\include\torch\csrc\distributed\rpc\python_functions.h","python_functions.h",".h","2582","7/25/2026 1:32:11 PM","C:\Users\Ghanam\OneDrive\projects\Greeny-Life\.venv\Lib\site-packages\torch\include\torch\csrc\distributed\rpc"
"C:\Users\Ghanam\OneDrive\projects\Greeny-Life\.venv\Lib\site-packages\torch\include\torch\csrc\distributed\rpc\python_rpc_handler.h","python_rpc_handler.h",".h","5345","7/25/2026 1:32:11 PM","C:\Users\Ghanam\OneDrive\projects\Greeny-Life\.venv\Lib\site-packages\torch\include\torch\csrc\distributed\rpc"
"C:\Users\Ghanam\OneDrive\projects\Greeny-Life\.venv\Lib\site-packages\torch\include\torch\csrc\distributed\rpc\request_callback.h","request_callback.h",".h","1517","7/25/2026 1:32:11 PM","C:\Users\Ghanam\OneDrive\projects\Greeny-Life\.venv\Lib\site-packages\torch\include\torch\csrc\distributed\rpc"
"C:\Users\Ghanam\OneDrive\projects\Greeny-Life\.venv\Lib\site-packages\torch\include\torch\csrc\distributed\rpc\rpc_agent.h","rpc_agent.h",".h","14239","7/25/2026 1:32:11 PM","C:\Users\Ghanam\OneDrive\projects\Greeny-Life\.venv\Lib\site-packages\torch\include\torch\csrc\distributed\rpc"
"C:\Users\Ghanam\OneDrive\projects\Greeny-Life\.venv\Lib\site-packages\torch\include\torch\csrc\distributed\rpc\rref_context.h","rref_context.h",".h","16373","7/25/2026 1:32:11 PM","C:\Users\Ghanam\OneDrive\projects\Greeny-Life\.venv\Lib\site-packages\torch\include\torch\csrc\distributed\rpc"
"C:\Users\Ghanam\OneDrive\projects\Greeny-Life\.venv\Lib\site-packages\torch\include\torch\csrc\distributed\rpc\rref_impl.h","rref_impl.h",".h","17131","7/25/2026 1:32:11 PM","C:\Users\Ghanam\OneDrive\projects\Greeny-Life\.venv\Lib\site-packages\torch\include\torch\csrc\distributed\rpc"
"C:\Users\Ghanam\OneDrive\projects\Greeny-Life\.venv\Lib\site-packages\torch\include\torch\csrc\distributed\rpc\tensorpipe_agent.h","tensorpipe_agent.h",".h","18392","7/25/2026 1:32:11 PM","C:\Users\Ghanam\OneDrive\projects\Greeny-Life\.venv\Lib\site-packages\torch\include\torch\csrc\distributed\rpc"
"C:\Users\Ghanam\OneDrive\projects\Greeny-Life\.venv\Lib\site-packages\torch\include\torch\csrc\distributed\rpc\testing\faulty_tensorpipe_agent.h","faulty_tensorpipe_agent.h",".h","4149","7/25/2026 1:32:11 PM","C:\Users\Ghanam\OneDrive\projects\Greeny-Life\.venv\Lib\site-packages\torch\include\torch\csrc\distributed\rpc\testing"
"C:\Users\Ghanam\OneDrive\projects\Greeny-Life\.venv\Lib\site-packages\torch\include\torch\csrc\dynamo\compiled_autograd.h","compiled_autograd.h",".h","52952","7/25/2026 1:32:11 PM","C:\Users\Ghanam\OneDrive\projects\Greeny-Life\.venv\Lib\site-packages\torch\include\torch\csrc\dynamo"
"C:\Users\Ghanam\OneDrive\projects\Greeny-Life\.venv\Lib\site-packages\torch\include\torch\csrc\inductor\cpp_prefix.h","cpp_prefix.h",".h","46276","7/25/2026 1:32:12 PM","C:\Users\Ghanam\OneDrive\projects\Greeny-Life\.venv\Lib\site-packages\torch\include\torch\csrc\inductor"
"C:\Users\Ghanam\OneDrive\projects\Greeny-Life\.venv\Lib\site-packages\torch\include\torch\csrc\jit\backends\backend.h","backend.h",".h","4205","7/25/2026 1:32:12 PM","C:\Users\Ghanam\OneDrive\projects\Greeny-Life\.venv\Lib\site-packages\torch\include\torch\csrc\jit\backends"
"C:\Users\Ghanam\OneDrive\projects\Greeny-Life\.venv\Lib\site-packages\torch\include\torch\csrc\jit\backends\xnnpack\xnnpack_graph_builder.h","xnnpack_graph_builder.h",".h","3591","7/25/2026 1:32:12 PM","C:\Users\Ghanam\OneDrive\projects\Greeny-Life\.venv\Lib\site-packages\torch\include\torch\csrc\jit\backends\xnnpack"
"C:\Users\Ghanam\OneDrive\projects\Greeny-Life\.venv\Lib\site-packages\torch\include\torch\csrc\jit\backends\xnnpack\serialization\serializer.h","serializer.h",".h","3127","7/25/2026 1:32:12 PM","C:\Users\Ghanam\OneDrive\projects\Greeny-Life\.venv\Lib\site-packages\torch\include\torch\csrc\jit\backends\xnnpack\serialization"
"C:\Users\Ghanam\OneDrive\projects\Greeny-Life\.venv\Lib\site-packages\torch\include\torch\csrc\jit\codegen\fuser\cuda\resource_strings.h","resource_strings.h",".h","11592","7/25/2026 1:32:12 PM","C:\Users\Ghanam\OneDrive\projects\Greeny-Life\.venv\Lib\site-packages\torch\include\torch\csrc\jit\codegen\fuser\cuda"
"C:\Users\Ghanam\OneDrive\projects\Greeny-Life\.venv\Lib\site-packages\torch\include\torch\csrc\jit\codegen\onednn\LlgaTensorImpl.h","LlgaTensorImpl.h",".h","8221","7/25/2026 1:32:12 PM","C:\Users\Ghanam\OneDrive\projects\Greeny-Life\.venv\Lib\site-packages\torch\include\torch\csrc\jit\codegen\onednn"
"C:\Users\Ghanam\OneDrive\projects\Greeny-Life\.venv\Lib\site-packages\torch\include\torch\csrc\jit\frontend\concrete_module_type.h","concrete_module_type.h",".h","9535","7/25/2026 1:32:12 PM","C:\Users\Ghanam\OneDrive\projects\Greeny-Life\.venv\Lib\site-packages\torch\include\torch\csrc\jit\frontend"
"C:\Users\Ghanam\OneDrive\projects\Greeny-Life\.venv\Lib\site-packages\torch\include\torch\csrc\jit\frontend\sugared_value.h","sugared_value.h",".h","29438","7/25/2026 1:32:12 PM","C:\Users\Ghanam\OneDrive\projects\Greeny-Life\.venv\Lib\site-packages\torch\include\torch\csrc\jit\frontend"
"C:\Users\Ghanam\OneDrive\projects\Greeny-Life\.venv\Lib\site-packages\torch\include\torch\csrc\jit\ir\alias_analysis.h","alias_analysis.h",".h","14913","7/25/2026 1:32:12 PM","C:\Users\Ghanam\OneDrive\projects\Greeny-Life\.venv\Lib\site-packages\torch\include\torch\csrc\jit\ir"
"C:\Users\Ghanam\OneDrive\projects\Greeny-Life\.venv\Lib\site-packages\torch\include\torch\csrc\jit\passes\utils\memory_dag.h","memory_dag.h",".h","6824","7/25/2026 1:32:13 PM","C:\Users\Ghanam\OneDrive\projects\Greeny-Life\.venv\Lib\site-packages\torch\include\torch\csrc\jit\passes\utils"
"C:\Users\Ghanam\OneDrive\projects\Greeny-Life\.venv\Lib\site-packages\torch\include\torch\csrc\jit\runtime\interpreter\code_impl.h","code_impl.h",".h","34622","7/25/2026 1:32:13 PM","C:\Users\Ghanam\OneDrive\projects\Greeny-Life\.venv\Lib\site-packages\torch\include\torch\csrc\jit\runtime\interpreter"
"C:\Users\Ghanam\OneDrive\projects\Greeny-Life\.venv\Lib\site-packages\torch\include\torch\csrc\jit\serialization\mobile_bytecode_generated.h","mobile_bytecode_generated.h",".h","101473","7/25/2026 1:32:13 PM","C:\Users\Ghanam\OneDrive\projects\Greeny-Life\.venv\Lib\site-packages\torch\include\torch\csrc\jit\serialization"
"C:\Users\Ghanam\OneDrive\projects\Greeny-Life\.venv\Lib\site-packages\torch\include\torch\csrc\jit\tensorexpr\analysis.h","analysis.h",".h","9639","7/25/2026 1:32:13 PM","C:\Users\Ghanam\OneDrive\projects\Greeny-Life\.venv\Lib\site-packages\torch\include\torch\csrc\jit\tensorexpr"
"C:\Users\Ghanam\OneDrive\projects\Greeny-Life\.venv\Lib\site-packages\torch\include\torch\csrc\jit\tensorexpr\bounds_inference.h","bounds_inference.h",".h","2504","7/25/2026 1:32:13 PM","C:\Users\Ghanam\OneDrive\projects\Greeny-Life\.venv\Lib\site-packages\torch\include\torch\csrc\jit\tensorexpr"
"C:\Users\Ghanam\OneDrive\projects\Greeny-Life\.venv\Lib\site-packages\torch\include\torch\csrc\jit\tensorexpr\exceptions.h","exceptions.h",".h","3565","7/25/2026 1:32:13 PM","C:\Users\Ghanam\OneDrive\projects\Greeny-Life\.venv\Lib\site-packages\torch\include\torch\csrc\jit\tensorexpr"
"C:\Users\Ghanam\OneDrive\projects\Greeny-Life\.venv\Lib\site-packages\torch\include\torch\csrc\jit\tensorexpr\llvm_codegen.h","llvm_codegen.h",".h","4241","7/25/2026 1:32:13 PM","C:\Users\Ghanam\OneDrive\projects\Greeny-Life\.venv\Lib\site-packages\torch\include\torch\csrc\jit\tensorexpr"
"C:\Users\Ghanam\OneDrive\projects\Greeny-Life\.venv\Lib\site-packages\torch\include\torch\csrc\jit\tensorexpr\llvm_jit.h","llvm_jit.h",".h","2358","7/25/2026 1:32:13 PM","C:\Users\Ghanam\OneDrive\projects\Greeny-Life\.venv\Lib\site-packages\torch\include\torch\csrc\jit\tensorexpr"
"C:\Users\Ghanam\OneDrive\projects\Greeny-Life\.venv\Lib\site-packages\torch\include\torch\csrc\jit\tensorexpr\mem_dependency_checker.h","mem_dependency_checker.h",".h","14130","7/25/2026 1:32:13 PM","C:\Users\Ghanam\OneDrive\projects\Greeny-Life\.venv\Lib\site-packages\torch\include\torch\csrc\jit\tensorexpr"
"C:\Users\Ghanam\OneDrive\projects\Greeny-Life\.venv\Lib\site-packages\torch\include\torch\csrc\lazy\backend\backend_interface.h","backend_interface.h",".h","5217","7/25/2026 1:32:13 PM","C:\Users\Ghanam\OneDrive\projects\Greeny-Life\.venv\Lib\site-packages\torch\include\torch\csrc\lazy\backend"
"C:\Users\Ghanam\OneDrive\projects\Greeny-Life\.venv\Lib\site-packages\torch\include\torch\csrc\lazy\backend\lowering_context.h","lowering_context.h",".h","3607","7/25/2026 1:32:13 PM","C:\Users\Ghanam\OneDrive\projects\Greeny-Life\.venv\Lib\site-packages\torch\include\torch\csrc\lazy\backend"
"C:\Users\Ghanam\OneDrive\projects\Greeny-Life\.venv\Lib\site-packages\torch\include\torch\csrc\lazy\core\ir_builder.h","ir_builder.h",".h","5116","7/25/2026 1:32:13 PM","C:\Users\Ghanam\OneDrive\projects\Greeny-Life\.venv\Lib\site-packages\torch\include\torch\csrc\lazy\core"
"C:\Users\Ghanam\OneDrive\projects\Greeny-Life\.venv\Lib\site-packages\torch\include\torch\csrc\lazy\generated\LazyNonNativeIr.h","LazyNonNativeIr.h",".h","4390","7/25/2026 1:32:14 PM","C:\Users\Ghanam\OneDrive\projects\Greeny-Life\.venv\Lib\site-packages\torch\include\torch\csrc\lazy\generated"
"C:\Users\Ghanam\OneDrive\projects\Greeny-Life\.venv\Lib\site-packages\torch\include\torch\csrc\lazy\ts_backend\ir_builder.h","ir_builder.h",".h","2719","7/25/2026 1:32:14 PM","C:\Users\Ghanam\OneDrive\projects\Greeny-Life\.venv\Lib\site-packages\torch\include\torch\csrc\lazy\ts_backend"
"C:\Users\Ghanam\OneDrive\projects\Greeny-Life\.venv\Lib\site-packages\torch\include\torch\csrc\lazy\ts_backend\ops\generic.h","generic.h",".h","1739","7/25/2026 1:32:14 PM","C:\Users\Ghanam\OneDrive\projects\Greeny-Life\.venv\Lib\site-packages\torch\include\torch\csrc\lazy\ts_backend\ops"
"C:\Users\Ghanam\OneDrive\projects\Greeny-Life\.venv\Lib\site-packages\torch\include\torch\csrc\utils\throughput_benchmark-inl.h","throughput_benchmark-inl.h",".h","6766","7/25/2026 1:32:14 PM","C:\Users\Ghanam\OneDrive\projects\Greeny-Life\.venv\Lib\site-packages\torch\include\torch\csrc\utils"
"C:\Users\Ghanam\OneDrive\projects\Greeny-Life\.venv\Lib\site-packages\torch\include\torch\headeronly\core\TensorAccessor.h","TensorAccessor.h",".h","14369","7/25/2026 1:32:14 PM","C:\Users\Ghanam\OneDrive\projects\Greeny-Life\.venv\Lib\site-packages\torch\include\torch\headeronly\core"
"C:\Users\Ghanam\OneDrive\projects\Greeny-Life\.venv\Lib\site-packages\torch\include\torch\headeronly\macros\Macros.h","Macros.h",".h","28192","7/25/2026 1:32:14 PM","C:\Users\Ghanam\OneDrive\projects\Greeny-Life\.venv\Lib\site-packages\torch\include\torch\headeronly\macros"
"C:\Users\Ghanam\OneDrive\projects\Greeny-Life\.venv\Lib\site-packages\torch\jit\annotations.py","annotations.py",".py","18760","7/25/2026 1:32:15 PM","C:\Users\Ghanam\OneDrive\projects\Greeny-Life\.venv\Lib\site-packages\torch\jit"
"C:\Users\Ghanam\OneDrive\projects\Greeny-Life\.venv\Lib\site-packages\torch\jit\frontend.py","frontend.py",".py","46665","7/25/2026 1:32:15 PM","C:\Users\Ghanam\OneDrive\projects\Greeny-Life\.venv\Lib\site-packages\torch\jit"
"C:\Users\Ghanam\OneDrive\projects\Greeny-Life\.venv\Lib\site-packages\torch\jit\_recursive.py","_recursive.py",".py","44010","7/25/2026 1:32:14 PM","C:\Users\Ghanam\OneDrive\projects\Greeny-Life\.venv\Lib\site-packages\torch\jit"
"C:\Users\Ghanam\OneDrive\projects\Greeny-Life\.venv\Lib\site-packages\torch\lib\c10.lib","c10.lib",".lib","829040","7/25/2026 1:32:15 PM","C:\Users\Ghanam\OneDrive\projects\Greeny-Life\.venv\Lib\site-packages\torch\lib"
"C:\Users\Ghanam\OneDrive\projects\Greeny-Life\.venv\Lib\site-packages\torch\lib\cpuinfo.lib","cpuinfo.lib",".lib","118382","7/25/2026 1:32:15 PM","C:\Users\Ghanam\OneDrive\projects\Greeny-Life\.venv\Lib\site-packages\torch\lib"
"C:\Users\Ghanam\OneDrive\projects\Greeny-Life\.venv\Lib\site-packages\torch\mps\__init__.py","__init__.py",".py","9341","7/25/2026 1:32:23 PM","C:\Users\Ghanam\OneDrive\projects\Greeny-Life\.venv\Lib\site-packages\torch\mps"
"C:\Users\Ghanam\OneDrive\projects\Greeny-Life\.venv\Lib\site-packages\torch\nested\_internal\nested_tensor.py","nested_tensor.py",".py","29890","7/25/2026 1:32:23 PM","C:\Users\Ghanam\OneDrive\projects\Greeny-Life\.venv\Lib\site-packages\torch\nested\_internal"
"C:\Users\Ghanam\OneDrive\projects\Greeny-Life\.venv\Lib\site-packages\torch\nested\_internal\ops.py","ops.py",".py","99973","7/25/2026 1:32:23 PM","C:\Users\Ghanam\OneDrive\projects\Greeny-Life\.venv\Lib\site-packages\torch\nested\_internal"
"C:\Users\Ghanam\OneDrive\projects\Greeny-Life\.venv\Lib\site-packages\torch\nn\modules\_functions.py","_functions.py",".py","12495","7/25/2026 1:32:23 PM","C:\Users\Ghanam\OneDrive\projects\Greeny-Life\.venv\Lib\site-packages\torch\nn\modules"
"C:\Users\Ghanam\OneDrive\projects\Greeny-Life\.venv\Lib\site-packages\torch\nn\parallel\data_parallel.py","data_parallel.py",".py","12227","7/25/2026 1:32:24 PM","C:\Users\Ghanam\OneDrive\projects\Greeny-Life\.venv\Lib\site-packages\torch\nn\parallel"
"C:\Users\Ghanam\OneDrive\projects\Greeny-Life\.venv\Lib\site-packages\torch\nn\parallel\distributed.py","distributed.py",".py","123484","7/25/2026 1:32:24 PM","C:\Users\Ghanam\OneDrive\projects\Greeny-Life\.venv\Lib\site-packages\torch\nn\parallel"
"C:\Users\Ghanam\OneDrive\projects\Greeny-Life\.venv\Lib\site-packages\torch\nn\utils\parametrizations.py","parametrizations.py",".py","26677","7/25/2026 1:32:24 PM","C:\Users\Ghanam\OneDrive\projects\Greeny-Life\.venv\Lib\site-packages\torch\nn\utils"
"C:\Users\Ghanam\OneDrive\projects\Greeny-Life\.venv\Lib\site-packages\torch\nn\utils\spectral_norm.py","spectral_norm.py",".py","15075","7/25/2026 1:32:24 PM","C:\Users\Ghanam\OneDrive\projects\Greeny-Life\.venv\Lib\site-packages\torch\nn\utils"
"C:\Users\Ghanam\OneDrive\projects\Greeny-Life\.venv\Lib\site-packages\torch\onnx\_internal\exporter\_analysis.py","_analysis.py",".py","10170","7/25/2026 1:32:24 PM","C:\Users\Ghanam\OneDrive\projects\Greeny-Life\.venv\Lib\site-packages\torch\onnx\_internal\exporter"
"C:\Users\Ghanam\OneDrive\projects\Greeny-Life\.venv\Lib\site-packages\torch\onnx\_internal\exporter\_torchlib\ops\hop.py","hop.py",".py","13207","7/25/2026 1:32:25 PM","C:\Users\Ghanam\OneDrive\projects\Greeny-Life\.venv\Lib\site-packages\torch\onnx\_internal\exporter\_torchlib\ops"
"C:\Users\Ghanam\OneDrive\projects\Greeny-Life\.venv\Lib\site-packages\torch\onnx\_internal\exporter\_torchlib\ops\symbolic.py","symbolic.py",".py","4923","7/25/2026 1:32:25 PM","C:\Users\Ghanam\OneDrive\projects\Greeny-Life\.venv\Lib\site-packages\torch\onnx\_internal\exporter\_torchlib\ops"
"C:\Users\Ghanam\OneDrive\projects\Greeny-Life\.venv\Lib\site-packages\torch\profiler\profiler.py","profiler.py",".py","66436","7/25/2026 1:32:25 PM","C:\Users\Ghanam\OneDrive\projects\Greeny-Life\.venv\Lib\site-packages\torch\profiler"
"C:\Users\Ghanam\OneDrive\projects\Greeny-Life\.venv\Lib\site-packages\torch\profiler\_chrome_trace_export.py","_chrome_trace_export.py",".py","8610","7/25/2026 1:32:25 PM","C:\Users\Ghanam\OneDrive\projects\Greeny-Life\.venv\Lib\site-packages\torch\profiler"
"C:\Users\Ghanam\OneDrive\projects\Greeny-Life\.venv\Lib\site-packages\torch\profiler\_memory_profiler.py","_memory_profiler.py",".py","50800","7/25/2026 1:32:25 PM","C:\Users\Ghanam\OneDrive\projects\Greeny-Life\.venv\Lib\site-packages\torch\profiler"
"C:\Users\Ghanam\OneDrive\projects\Greeny-Life\.venv\Lib\site-packages\torch\profiler\_trace_validator.py","_trace_validator.py",".py","11745","7/25/2026 1:32:25 PM","C:\Users\Ghanam\OneDrive\projects\Greeny-Life\.venv\Lib\site-packages\torch\profiler"
"C:\Users\Ghanam\OneDrive\projects\Greeny-Life\.venv\Lib\site-packages\torch\share\cmake\Caffe2\FindCUDAToolkit.cmake","FindCUDAToolkit.cmake",".cmake","39849","7/25/2026 1:32:26 PM","C:\Users\Ghanam\OneDrive\projects\Greeny-Life\.venv\Lib\site-packages\torch\share\cmake\Caffe2"
"C:\Users\Ghanam\OneDrive\projects\Greeny-Life\.venv\Lib\site-packages\torch\share\cmake\Caffe2\Modules_CUDA_fix\upstream\FindCUDA.cmake","FindCUDA.cmake",".cmake","88607","7/25/2026 1:32:26 PM","C:\Users\Ghanam\OneDrive\projects\Greeny-Life\.venv\Lib\site-packages\torch\share\cmake\Caffe2\Modules_CUDA_fix\upstream"
"C:\Users\Ghanam\OneDrive\projects\Greeny-Life\.venv\Lib\site-packages\torch\share\cmake\Caffe2\public\LoadHIP.cmake","LoadHIP.cmake",".cmake","17455","7/25/2026 1:32:26 PM","C:\Users\Ghanam\OneDrive\projects\Greeny-Life\.venv\Lib\site-packages\torch\share\cmake\Caffe2\public"
"C:\Users\Ghanam\OneDrive\projects\Greeny-Life\.venv\Lib\site-packages\torch\share\cmake\Caffe2\public\utils.cmake","utils.cmake",".cmake","24442","7/25/2026 1:32:26 PM","C:\Users\Ghanam\OneDrive\projects\Greeny-Life\.venv\Lib\site-packages\torch\share\cmake\Caffe2\public"
"C:\Users\Ghanam\OneDrive\projects\Greeny-Life\.venv\Lib\site-packages\torch\sparse\_semi_structured_conversions.py","_semi_structured_conversions.py",".py","14453","7/25/2026 1:32:26 PM","C:\Users\Ghanam\OneDrive\projects\Greeny-Life\.venv\Lib\site-packages\torch\sparse"
"C:\Users\Ghanam\OneDrive\projects\Greeny-Life\.venv\Lib\site-packages\torch\sparse\_triton_ops.py","_triton_ops.py",".py","92304","7/25/2026 1:32:26 PM","C:\Users\Ghanam\OneDrive\projects\Greeny-Life\.venv\Lib\site-packages\torch\sparse"
"C:\Users\Ghanam\OneDrive\projects\Greeny-Life\.venv\Lib\site-packages\torch\testing\_internal\common_quantization.py","common_quantization.py",".py","116885","7/25/2026 1:32:26 PM","C:\Users\Ghanam\OneDrive\projects\Greeny-Life\.venv\Lib\site-packages\torch\testing\_internal"
"C:\Users\Ghanam\OneDrive\projects\Greeny-Life\.venv\Lib\site-packages\torch\testing\_internal\common_quantized.py","common_quantized.py",".py","26912","7/25/2026 1:32:26 PM","C:\Users\Ghanam\OneDrive\projects\Greeny-Life\.venv\Lib\site-packages\torch\testing\_internal"
"C:\Users\Ghanam\OneDrive\projects\Greeny-Life\.venv\Lib\site-packages\torch\testing\_internal\dist_utils.py","dist_utils.py",".py","7454","7/25/2026 1:32:26 PM","C:\Users\Ghanam\OneDrive\projects\Greeny-Life\.venv\Lib\site-packages\torch\testing\_internal"
"C:\Users\Ghanam\OneDrive\projects\Greeny-Life\.venv\Lib\site-packages\torch\testing\_internal\distributed\ddp_under_dist_autograd_test.py","ddp_under_dist_autograd_test.py",".py","28081","7/25/2026 1:32:26 PM","C:\Users\Ghanam\OneDrive\projects\Greeny-Life\.venv\Lib\site-packages\torch\testing\_internal\distributed"
"C:\Users\Ghanam\OneDrive\projects\Greeny-Life\.venv\Lib\site-packages\torch\testing\_internal\distributed\rpc_utils.py","rpc_utils.py",".py","6803","7/25/2026 1:32:26 PM","C:\Users\Ghanam\OneDrive\projects\Greeny-Life\.venv\Lib\site-packages\torch\testing\_internal\distributed"
"C:\Users\Ghanam\OneDrive\projects\Greeny-Life\.venv\Lib\site-packages\torch\testing\_internal\distributed\nn\api\remote_module_test.py","remote_module_test.py",".py","30505","7/25/2026 1:32:26 PM","C:\Users\Ghanam\OneDrive\projects\Greeny-Life\.venv\Lib\site-packages\torch\testing\_internal\distributed\nn\api"
"C:\Users\Ghanam\OneDrive\projects\Greeny-Life\.venv\Lib\site-packages\torch\testing\_internal\distributed\rpc\dist_autograd_test.py","dist_autograd_test.py",".py","110505","7/25/2026 1:32:26 PM","C:\Users\Ghanam\OneDrive\projects\Greeny-Life\.venv\Lib\site-packages\torch\testing\_internal\distributed\rpc"
"C:\Users\Ghanam\OneDrive\projects\Greeny-Life\.venv\Lib\site-packages\torch\testing\_internal\distributed\rpc\dist_optimizer_test.py","dist_optimizer_test.py",".py","10855","7/25/2026 1:32:26 PM","C:\Users\Ghanam\OneDrive\projects\Greeny-Life\.venv\Lib\site-packages\torch\testing\_internal\distributed\rpc"
"C:\Users\Ghanam\OneDrive\projects\Greeny-Life\.venv\Lib\site-packages\torch\testing\_internal\distributed\rpc\faulty_agent_rpc_test.py","faulty_agent_rpc_test.py",".py","14576","7/25/2026 1:32:26 PM","C:\Users\Ghanam\OneDrive\projects\Greeny-Life\.venv\Lib\site-packages\torch\testing\_internal\distributed\rpc"
"C:\Users\Ghanam\OneDrive\projects\Greeny-Life\.venv\Lib\site-packages\torch\testing\_internal\distributed\rpc\faulty_rpc_agent_test_fixture.py","faulty_rpc_agent_test_fixture.py",".py","2206","7/25/2026 1:32:26 PM","C:\Users\Ghanam\OneDrive\projects\Greeny-Life\.venv\Lib\site-packages\torch\testing\_internal\distributed\rpc"
"C:\Users\Ghanam\OneDrive\projects\Greeny-Life\.venv\Lib\site-packages\torch\testing\_internal\distributed\rpc\rpc_agent_test_fixture.py","rpc_agent_test_fixture.py",".py","1937","7/25/2026 1:32:26 PM","C:\Users\Ghanam\OneDrive\projects\Greeny-Life\.venv\Lib\site-packages\torch\testing\_internal\distributed\rpc"
"C:\Users\Ghanam\OneDrive\projects\Greeny-Life\.venv\Lib\site-packages\torch\testing\_internal\distributed\rpc\rpc_test.py","rpc_test.py",".py","232330","7/25/2026 1:32:26 PM","C:\Users\Ghanam\OneDrive\projects\Greeny-Life\.venv\Lib\site-packages\torch\testing\_internal\distributed\rpc"
"C:\Users\Ghanam\OneDrive\projects\Greeny-Life\.venv\Lib\site-packages\torch\testing\_internal\distributed\rpc\tensorpipe_rpc_agent_test_fixture.py","tensorpipe_rpc_agent_test_fixture.py",".py","1002","7/25/2026 1:32:26 PM","C:\Users\Ghanam\OneDrive\projects\Greeny-Life\.venv\Lib\site-packages\torch\testing\_internal\distributed\rpc"
"C:\Users\Ghanam\OneDrive\projects\Greeny-Life\.venv\Lib\site-packages\torch\testing\_internal\distributed\rpc\examples\parameter_server_test.py","parameter_server_test.py",".py","4708","7/25/2026 1:32:26 PM","C:\Users\Ghanam\OneDrive\projects\Greeny-Life\.venv\Lib\site-packages\torch\testing\_internal\distributed\rpc\examples"
"C:\Users\Ghanam\OneDrive\projects\Greeny-Life\.venv\Lib\site-packages\torch\testing\_internal\distributed\rpc\examples\reinforcement_learning_rpc_test.py","reinforcement_learning_rpc_test.py",".py","9533","7/25/2026 1:32:26 PM","C:\Users\Ghanam\OneDrive\projects\Greeny-Life\.venv\Lib\site-packages\torch\testing\_internal\distributed\rpc\examples"
"C:\Users\Ghanam\OneDrive\projects\Greeny-Life\.venv\Lib\site-packages\torch\testing\_internal\distributed\rpc\jit\dist_autograd_test.py","dist_autograd_test.py",".py","4271","7/25/2026 1:32:26 PM","C:\Users\Ghanam\OneDrive\projects\Greeny-Life\.venv\Lib\site-packages\torch\testing\_internal\distributed\rpc\jit"
"C:\Users\Ghanam\OneDrive\projects\Greeny-Life\.venv\Lib\site-packages\torch\testing\_internal\distributed\rpc\jit\rpc_test.py","rpc_test.py",".py","48212","7/25/2026 1:32:26 PM","C:\Users\Ghanam\OneDrive\projects\Greeny-Life\.venv\Lib\site-packages\torch\testing\_internal\distributed\rpc\jit"
"C:\Users\Ghanam\OneDrive\projects\Greeny-Life\.venv\Lib\site-packages\torch\testing\_internal\distributed\rpc\jit\rpc_test_faulty.py","rpc_test_faulty.py",".py","8193","7/25/2026 1:32:26 PM","C:\Users\Ghanam\OneDrive\projects\Greeny-Life\.venv\Lib\site-packages\torch\testing\_internal\distributed\rpc\jit"
"C:\Users\Ghanam\OneDrive\projects\Greeny-Life\.venv\Lib\site-packages\torch\testing\_internal\generated\annotated_fn_args.py","annotated_fn_args.py",".py","532152","7/25/2026 1:32:26 PM","C:\Users\Ghanam\OneDrive\projects\Greeny-Life\.venv\Lib\site-packages\torch\testing\_internal\generated"
"C:\Users\Ghanam\OneDrive\projects\Greeny-Life\.venv\Lib\site-packages\torch\testing\_internal\opinfo\core.py","core.py",".py","131482","7/25/2026 1:32:26 PM","C:\Users\Ghanam\OneDrive\projects\Greeny-Life\.venv\Lib\site-packages\torch\testing\_internal\opinfo"
"C:\Users\Ghanam\OneDrive\projects\Greeny-Life\.venv\Lib\site-packages\torch\utils\collect_env.py","collect_env.py",".py","32051","7/25/2026 1:32:27 PM","C:\Users\Ghanam\OneDrive\projects\Greeny-Life\.venv\Lib\site-packages\torch\utils"
"C:\Users\Ghanam\OneDrive\projects\Greeny-Life\.venv\Lib\site-packages\torch\utils\module_tracker.py","module_tracker.py",".py","5594","7/25/2026 1:32:27 PM","C:\Users\Ghanam\OneDrive\projects\Greeny-Life\.venv\Lib\site-packages\torch\utils"
"C:\Users\Ghanam\OneDrive\projects\Greeny-Life\.venv\Lib\site-packages\torch\utils\benchmark\utils\cpp_jit.py","cpp_jit.py",".py","7151","7/25/2026 1:32:28 PM","C:\Users\Ghanam\OneDrive\projects\Greeny-Life\.venv\Lib\site-packages\torch\utils\benchmark\utils"
"C:\Users\Ghanam\OneDrive\projects\Greeny-Life\.venv\Lib\site-packages\torch\utils\hipify\cuda_to_hip_mappings.py","cuda_to_hip_mappings.py",".py","208208","7/25/2026 1:32:28 PM","C:\Users\Ghanam\OneDrive\projects\Greeny-Life\.venv\Lib\site-packages\torch\utils\hipify"
"C:\Users\Ghanam\OneDrive\projects\Greeny-Life\.venv\Lib\site-packages\torch\utils\hipify\hipify_python.py","hipify_python.py",".py","47878","7/25/2026 1:32:28 PM","C:\Users\Ghanam\OneDrive\projects\Greeny-Life\.venv\Lib\site-packages\torch\utils\hipify"
"C:\Users\Ghanam\OneDrive\projects\Greeny-Life\.venv\Lib\site-packages\torch\utils\tensorboard\_proto_graph.py","_proto_graph.py",".py","2019","7/25/2026 1:32:28 PM","C:\Users\Ghanam\OneDrive\projects\Greeny-Life\.venv\Lib\site-packages\torch\utils\tensorboard"
"C:\Users\Ghanam\OneDrive\projects\Greeny-Life\.venv\Lib\site-packages\torch\utils\tensorboard\_pytorch_graph.py","_pytorch_graph.py",".py","14221","7/25/2026 1:32:28 PM","C:\Users\Ghanam\OneDrive\projects\Greeny-Life\.venv\Lib\site-packages\torch\utils\tensorboard"
"C:\Users\Ghanam\OneDrive\projects\Greeny-Life\.venv\Lib\site-packages\torch\xpu\memory.py","memory.py",".py","26835","7/25/2026 1:32:28 PM","C:\Users\Ghanam\OneDrive\projects\Greeny-Life\.venv\Lib\site-packages\torch\xpu"
"C:\Users\Ghanam\OneDrive\projects\Greeny-Life\.venv\Lib\site-packages\torch\xpu\__init__.py","__init__.py",".py","52589","7/25/2026 1:32:28 PM","C:\Users\Ghanam\OneDrive\projects\Greeny-Life\.venv\Lib\site-packages\torch\xpu"
"C:\Users\Ghanam\OneDrive\projects\Greeny-Life\.venv\Lib\site-packages\torch\_C\_distributed_rpc.pyi","_distributed_rpc.pyi",".pyi","6240","7/25/2026 1:31:54 PM","C:\Users\Ghanam\OneDrive\projects\Greeny-Life\.venv\Lib\site-packages\torch\_C"
"C:\Users\Ghanam\OneDrive\projects\Greeny-Life\.venv\Lib\site-packages\torch\_C\_distributed_rpc_testing.pyi","_distributed_rpc_testing.pyi",".pyi","1049","7/25/2026 1:31:54 PM","C:\Users\Ghanam\OneDrive\projects\Greeny-Life\.venv\Lib\site-packages\torch\_C"
"C:\Users\Ghanam\OneDrive\projects\Greeny-Life\.venv\Lib\site-packages\torch\_C\__init__.pyi","__init__.pyi",".pyi","415176","7/25/2026 1:31:54 PM","C:\Users\Ghanam\OneDrive\projects\Greeny-Life\.venv\Lib\site-packages\torch\_C"
"C:\Users\Ghanam\OneDrive\projects\Greeny-Life\.venv\Lib\site-packages\torch\_dynamo\codegen.py","codegen.py",".py","33633","7/25/2026 1:31:54 PM","C:\Users\Ghanam\OneDrive\projects\Greeny-Life\.venv\Lib\site-packages\torch\_dynamo"
"C:\Users\Ghanam\OneDrive\projects\Greeny-Life\.venv\Lib\site-packages\torch\_dynamo\compiled_autograd.py","compiled_autograd.py",".py","72740","7/25/2026 1:31:54 PM","C:\Users\Ghanam\OneDrive\projects\Greeny-Life\.venv\Lib\site-packages\torch\_dynamo"
"C:\Users\Ghanam\OneDrive\projects\Greeny-Life\.venv\Lib\site-packages\torch\_dynamo\config.py","config.py",".py","41855","7/25/2026 1:31:54 PM","C:\Users\Ghanam\OneDrive\projects\Greeny-Life\.venv\Lib\site-packages\torch\_dynamo"
"C:\Users\Ghanam\OneDrive\projects\Greeny-Life\.venv\Lib\site-packages\torch\_dynamo\convert_frame.py","convert_frame.py",".py","103983","7/25/2026 1:31:54 PM","C:\Users\Ghanam\OneDrive\projects\Greeny-Life\.venv\Lib\site-packages\torch\_dynamo"
"C:\Users\Ghanam\OneDrive\projects\Greeny-Life\.venv\Lib\site-packages\torch\_dynamo\debug_utils.py","debug_utils.py",".py","43659","7/25/2026 1:31:54 PM","C:\Users\Ghanam\OneDrive\projects\Greeny-Life\.venv\Lib\site-packages\torch\_dynamo"
"C:\Users\Ghanam\OneDrive\projects\Greeny-Life\.venv\Lib\site-packages\torch\_dynamo\decorators.py","decorators.py",".py","78366","7/25/2026 1:31:54 PM","C:\Users\Ghanam\OneDrive\projects\Greeny-Life\.venv\Lib\site-packages\torch\_dynamo"
"C:\Users\Ghanam\OneDrive\projects\Greeny-Life\.venv\Lib\site-packages\torch\_dynamo\device_interface.py","device_interface.py",".py","24357","7/25/2026 1:31:54 PM","C:\Users\Ghanam\OneDrive\projects\Greeny-Life\.venv\Lib\site-packages\torch\_dynamo"
"C:\Users\Ghanam\OneDrive\projects\Greeny-Life\.venv\Lib\site-packages\torch\_dynamo\exc.py","exc.py",".py","34256","7/25/2026 1:31:54 PM","C:\Users\Ghanam\OneDrive\projects\Greeny-Life\.venv\Lib\site-packages\torch\_dynamo"
"C:\Users\Ghanam\OneDrive\projects\Greeny-Life\.venv\Lib\site-packages\torch\_dynamo\external_utils.py","external_utils.py",".py","9375","7/25/2026 1:31:54 PM","C:\Users\Ghanam\OneDrive\projects\Greeny-Life\.venv\Lib\site-packages\torch\_dynamo"
"C:\Users\Ghanam\OneDrive\projects\Greeny-Life\.venv\Lib\site-packages\torch\_dynamo\functional_export.py","functional_export.py",".py","44638","7/25/2026 1:31:54 PM","C:\Users\Ghanam\OneDrive\projects\Greeny-Life\.venv\Lib\site-packages\torch\_dynamo"
"C:\Users\Ghanam\OneDrive\projects\Greeny-Life\.venv\Lib\site-packages\torch\_dynamo\graph_break_registry.json","graph_break_registry.json",".json","258088","7/25/2026 1:31:54 PM","C:\Users\Ghanam\OneDrive\projects\Greeny-Life\.venv\Lib\site-packages\torch\_dynamo"
"C:\Users\Ghanam\OneDrive\projects\Greeny-Life\.venv\Lib\site-packages\torch\_dynamo\guards.py","guards.py",".py","231670","7/25/2026 1:31:54 PM","C:\Users\Ghanam\OneDrive\projects\Greeny-Life\.venv\Lib\site-packages\torch\_dynamo"
"C:\Users\Ghanam\OneDrive\projects\Greeny-Life\.venv\Lib\site-packages\torch\_dynamo\output_graph.py","output_graph.py",".py","210377","7/25/2026 1:31:54 PM","C:\Users\Ghanam\OneDrive\projects\Greeny-Life\.venv\Lib\site-packages\torch\_dynamo"
"C:\Users\Ghanam\OneDrive\projects\Greeny-Life\.venv\Lib\site-packages\torch\_dynamo\pgo.py","pgo.py",".py","41258","7/25/2026 1:31:54 PM","C:\Users\Ghanam\OneDrive\projects\Greeny-Life\.venv\Lib\site-packages\torch\_dynamo"
"C:\Users\Ghanam\OneDrive\projects\Greeny-Life\.venv\Lib\site-packages\torch\_dynamo\side_effects.py","side_effects.py",".py","81401","7/25/2026 1:31:54 PM","C:\Users\Ghanam\OneDrive\projects\Greeny-Life\.venv\Lib\site-packages\torch\_dynamo"
"C:\Users\Ghanam\OneDrive\projects\Greeny-Life\.venv\Lib\site-packages\torch\_dynamo\source.py","source.py",".py","48889","7/25/2026 1:31:54 PM","C:\Users\Ghanam\OneDrive\projects\Greeny-Life\.venv\Lib\site-packages\torch\_dynamo"
"C:\Users\Ghanam\OneDrive\projects\Greeny-Life\.venv\Lib\site-packages\torch\_dynamo\symbolic_convert.py","symbolic_convert.py",".py","270152","7/25/2026 1:31:54 PM","C:\Users\Ghanam\OneDrive\projects\Greeny-Life\.venv\Lib\site-packages\torch\_dynamo"
"C:\Users\Ghanam\OneDrive\projects\Greeny-Life\.venv\Lib\site-packages\torch\_dynamo\test_minifier_common.py","test_minifier_common.py",".py","13495","7/25/2026 1:31:54 PM","C:\Users\Ghanam\OneDrive\projects\Greeny-Life\.venv\Lib\site-packages\torch\_dynamo"
"C:\Users\Ghanam\OneDrive\projects\Greeny-Life\.venv\Lib\site-packages\torch\_dynamo\trace_rules.py","trace_rules.py",".py","169802","7/25/2026 1:31:54 PM","C:\Users\Ghanam\OneDrive\projects\Greeny-Life\.venv\Lib\site-packages\torch\_dynamo"
"C:\Users\Ghanam\OneDrive\projects\Greeny-Life\.venv\Lib\site-packages\torch\_dynamo\utils.py","utils.py",".py","209286","7/25/2026 1:31:54 PM","C:\Users\Ghanam\OneDrive\projects\Greeny-Life\.venv\Lib\site-packages\torch\_dynamo"
"C:\Users\Ghanam\OneDrive\projects\Greeny-Life\.venv\Lib\site-packages\torch\_dynamo\_trace_wrapped_higher_order_op.py","_trace_wrapped_higher_order_op.py",".py","10605","7/25/2026 1:31:54 PM","C:\Users\Ghanam\OneDrive\projects\Greeny-Life\.venv\Lib\site-packages\torch\_dynamo"
"C:\Users\Ghanam\OneDrive\projects\Greeny-Life\.venv\Lib\site-packages\torch\_dynamo\backends\distributed.py","distributed.py",".py","30468","7/25/2026 1:31:54 PM","C:\Users\Ghanam\OneDrive\projects\Greeny-Life\.venv\Lib\site-packages\torch\_dynamo\backends"
"C:\Users\Ghanam\OneDrive\projects\Greeny-Life\.venv\Lib\site-packages\torch\_dynamo\repro\after_aot.py","after_aot.py",".py","62383","7/25/2026 1:31:54 PM","C:\Users\Ghanam\OneDrive\projects\Greeny-Life\.venv\Lib\site-packages\torch\_dynamo\repro"
"C:\Users\Ghanam\OneDrive\projects\Greeny-Life\.venv\Lib\site-packages\torch\_dynamo\variables\base.py","base.py",".py","78423","7/25/2026 1:31:54 PM","C:\Users\Ghanam\OneDrive\projects\Greeny-Life\.venv\Lib\site-packages\torch\_dynamo\variables"
"C:\Users\Ghanam\OneDrive\projects\Greeny-Life\.venv\Lib\site-packages\torch\_dynamo\variables\builder.py","builder.py",".py","235027","7/25/2026 1:31:54 PM","C:\Users\Ghanam\OneDrive\projects\Greeny-Life\.venv\Lib\site-packages\torch\_dynamo\variables"
"C:\Users\Ghanam\OneDrive\projects\Greeny-Life\.venv\Lib\site-packages\torch\_dynamo\variables\builtin.py","builtin.py",".py","142619","7/25/2026 1:31:54 PM","C:\Users\Ghanam\OneDrive\projects\Greeny-Life\.venv\Lib\site-packages\torch\_dynamo\variables"
"C:\Users\Ghanam\OneDrive\projects\Greeny-Life\.venv\Lib\site-packages\torch\_dynamo\variables\ctx_manager.py","ctx_manager.py",".py","68275","7/25/2026 1:31:54 PM","C:\Users\Ghanam\OneDrive\projects\Greeny-Life\.venv\Lib\site-packages\torch\_dynamo\variables"
"C:\Users\Ghanam\OneDrive\projects\Greeny-Life\.venv\Lib\site-packages\torch\_dynamo\variables\dicts.py","dicts.py",".py","65847","7/25/2026 1:31:54 PM","C:\Users\Ghanam\OneDrive\projects\Greeny-Life\.venv\Lib\site-packages\torch\_dynamo\variables"
"C:\Users\Ghanam\OneDrive\projects\Greeny-Life\.venv\Lib\site-packages\torch\_dynamo\variables\distributed.py","distributed.py",".py","9724","7/25/2026 1:31:54 PM","C:\Users\Ghanam\OneDrive\projects\Greeny-Life\.venv\Lib\site-packages\torch\_dynamo\variables"
"C:\Users\Ghanam\OneDrive\projects\Greeny-Life\.venv\Lib\site-packages\torch\_dynamo\variables\functions.py","functions.py",".py","181643","7/25/2026 1:31:54 PM","C:\Users\Ghanam\OneDrive\projects\Greeny-Life\.venv\Lib\site-packages\torch\_dynamo\variables"
"C:\Users\Ghanam\OneDrive\projects\Greeny-Life\.venv\Lib\site-packages\torch\_dynamo\variables\higher_order_ops.py","higher_order_ops.py",".py","241649","7/25/2026 1:31:54 PM","C:\Users\Ghanam\OneDrive\projects\Greeny-Life\.venv\Lib\site-packages\torch\_dynamo\variables"
"C:\Users\Ghanam\OneDrive\projects\Greeny-Life\.venv\Lib\site-packages\torch\_dynamo\variables\invoke_subgraph.py","invoke_subgraph.py",".py","57094","7/25/2026 1:31:54 PM","C:\Users\Ghanam\OneDrive\projects\Greeny-Life\.venv\Lib\site-packages\torch\_dynamo\variables"
"C:\Users\Ghanam\OneDrive\projects\Greeny-Life\.venv\Lib\site-packages\torch\_dynamo\variables\lazy.py","lazy.py",".py","20125","7/25/2026 1:31:54 PM","C:\Users\Ghanam\OneDrive\projects\Greeny-Life\.venv\Lib\site-packages\torch\_dynamo\variables"
"C:\Users\Ghanam\OneDrive\projects\Greeny-Life\.venv\Lib\site-packages\torch\_dynamo\variables\lists.py","lists.py",".py","87454","7/25/2026 1:31:54 PM","C:\Users\Ghanam\OneDrive\projects\Greeny-Life\.venv\Lib\site-packages\torch\_dynamo\variables"
"C:\Users\Ghanam\OneDrive\projects\Greeny-Life\.venv\Lib\site-packages\torch\_dynamo\variables\misc.py","misc.py",".py","103629","7/25/2026 1:31:54 PM","C:\Users\Ghanam\OneDrive\projects\Greeny-Life\.venv\Lib\site-packages\torch\_dynamo\variables"
"C:\Users\Ghanam\OneDrive\projects\Greeny-Life\.venv\Lib\site-packages\torch\_dynamo\variables\nn_module.py","nn_module.py",".py","62312","7/25/2026 1:31:54 PM","C:\Users\Ghanam\OneDrive\projects\Greeny-Life\.venv\Lib\site-packages\torch\_dynamo\variables"
"C:\Users\Ghanam\OneDrive\projects\Greeny-Life\.venv\Lib\site-packages\torch\_dynamo\variables\optimizer.py","optimizer.py",".py","18804","7/25/2026 1:31:54 PM","C:\Users\Ghanam\OneDrive\projects\Greeny-Life\.venv\Lib\site-packages\torch\_dynamo\variables"
"C:\Users\Ghanam\OneDrive\projects\Greeny-Life\.venv\Lib\site-packages\torch\_dynamo\variables\script_object.py","script_object.py",".py","24545","7/25/2026 1:31:54 PM","C:\Users\Ghanam\OneDrive\projects\Greeny-Life\.venv\Lib\site-packages\torch\_dynamo\variables"
"C:\Users\Ghanam\OneDrive\projects\Greeny-Life\.venv\Lib\site-packages\torch\_dynamo\variables\sdpa.py","sdpa.py",".py","3343","7/25/2026 1:31:54 PM","C:\Users\Ghanam\OneDrive\projects\Greeny-Life\.venv\Lib\site-packages\torch\_dynamo\variables"
"C:\Users\Ghanam\OneDrive\projects\Greeny-Life\.venv\Lib\site-packages\torch\_dynamo\variables\sets.py","sets.py",".py","40718","7/25/2026 1:31:54 PM","C:\Users\Ghanam\OneDrive\projects\Greeny-Life\.venv\Lib\site-packages\torch\_dynamo\variables"
"C:\Users\Ghanam\OneDrive\projects\Greeny-Life\.venv\Lib\site-packages\torch\_dynamo\variables\streams.py","streams.py",".py","26755","7/25/2026 1:31:54 PM","C:\Users\Ghanam\OneDrive\projects\Greeny-Life\.venv\Lib\site-packages\torch\_dynamo\variables"
"C:\Users\Ghanam\OneDrive\projects\Greeny-Life\.venv\Lib\site-packages\torch\_dynamo\variables\tensor.py","tensor.py",".py","134036","7/25/2026 1:31:54 PM","C:\Users\Ghanam\OneDrive\projects\Greeny-Life\.venv\Lib\site-packages\torch\_dynamo\variables"
"C:\Users\Ghanam\OneDrive\projects\Greeny-Life\.venv\Lib\site-packages\torch\_dynamo\variables\torch.py","torch.py",".py","177538","7/25/2026 1:31:54 PM","C:\Users\Ghanam\OneDrive\projects\Greeny-Life\.venv\Lib\site-packages\torch\_dynamo\variables"
"C:\Users\Ghanam\OneDrive\projects\Greeny-Life\.venv\Lib\site-packages\torch\_dynamo\variables\torch_function.py","torch_function.py",".py","29991","7/25/2026 1:31:54 PM","C:\Users\Ghanam\OneDrive\projects\Greeny-Life\.venv\Lib\site-packages\torch\_dynamo\variables"
"C:\Users\Ghanam\OneDrive\projects\Greeny-Life\.venv\Lib\site-packages\torch\_dynamo\variables\user_defined.py","user_defined.py",".py","227544","7/25/2026 1:31:54 PM","C:\Users\Ghanam\OneDrive\projects\Greeny-Life\.venv\Lib\site-packages\torch\_dynamo\variables"
"C:\Users\Ghanam\OneDrive\projects\Greeny-Life\.venv\Lib\site-packages\torch\_export\non_strict_utils.py","non_strict_utils.py",".py","46866","7/25/2026 1:31:54 PM","C:\Users\Ghanam\OneDrive\projects\Greeny-Life\.venv\Lib\site-packages\torch\_export"
"C:\Users\Ghanam\OneDrive\projects\Greeny-Life\.venv\Lib\site-packages\torch\_export\__init__.py","__init__.py",".py","6942","7/25/2026 1:31:54 PM","C:\Users\Ghanam\OneDrive\projects\Greeny-Life\.venv\Lib\site-packages\torch\_export"
"C:\Users\Ghanam\OneDrive\projects\Greeny-Life\.venv\Lib\site-packages\torch\_export\serde\schema.py","schema.py",".py","17316","7/25/2026 1:31:54 PM","C:\Users\Ghanam\OneDrive\projects\Greeny-Life\.venv\Lib\site-packages\torch\_export\serde"
"C:\Users\Ghanam\OneDrive\projects\Greeny-Life\.venv\Lib\site-packages\torch\_functorch\aot_autograd.py","aot_autograd.py",".py","81063","7/25/2026 1:31:54 PM","C:\Users\Ghanam\OneDrive\projects\Greeny-Life\.venv\Lib\site-packages\torch\_functorch"
"C:\Users\Ghanam\OneDrive\projects\Greeny-Life\.venv\Lib\site-packages\torch\_functorch\apis.py","apis.py",".py","21242","7/25/2026 1:31:54 PM","C:\Users\Ghanam\OneDrive\projects\Greeny-Life\.venv\Lib\site-packages\torch\_functorch"
"C:\Users\Ghanam\OneDrive\projects\Greeny-Life\.venv\Lib\site-packages\torch\_functorch\config.py","config.py",".py","20866","7/25/2026 1:31:54 PM","C:\Users\Ghanam\OneDrive\projects\Greeny-Life\.venv\Lib\site-packages\torch\_functorch"
"C:\Users\Ghanam\OneDrive\projects\Greeny-Life\.venv\Lib\site-packages\torch\_functorch\partitioners.py","partitioners.py",".py","163629","7/25/2026 1:31:54 PM","C:\Users\Ghanam\OneDrive\projects\Greeny-Life\.venv\Lib\site-packages\torch\_functorch"
"C:\Users\Ghanam\OneDrive\projects\Greeny-Life\.venv\Lib\site-packages\torch\_functorch\_aot_autograd\autograd_cache.py","autograd_cache.py",".py","64960","7/25/2026 1:31:54 PM","C:\Users\Ghanam\OneDrive\projects\Greeny-Life\.venv\Lib\site-packages\torch\_functorch\_aot_autograd"
"C:\Users\Ghanam\OneDrive\projects\Greeny-Life\.venv\Lib\site-packages\torch\_functorch\_aot_autograd\collect_metadata_analysis.py","collect_metadata_analysis.py",".py","46866","7/25/2026 1:31:54 PM","C:\Users\Ghanam\OneDrive\projects\Greeny-Life\.venv\Lib\site-packages\torch\_functorch\_aot_autograd"
"C:\Users\Ghanam\OneDrive\projects\Greeny-Life\.venv\Lib\site-packages\torch\_functorch\_aot_autograd\descriptors.py","descriptors.py",".py","28935","7/25/2026 1:31:54 PM","C:\Users\Ghanam\OneDrive\projects\Greeny-Life\.venv\Lib\site-packages\torch\_functorch\_aot_autograd"
"C:\Users\Ghanam\OneDrive\projects\Greeny-Life\.venv\Lib\site-packages\torch\_functorch\_aot_autograd\graph_capture_wrappers.py","graph_capture_wrappers.py",".py","71865","7/25/2026 1:31:54 PM","C:\Users\Ghanam\OneDrive\projects\Greeny-Life\.venv\Lib\site-packages\torch\_functorch\_aot_autograd"
"C:\Users\Ghanam\OneDrive\projects\Greeny-Life\.venv\Lib\site-packages\torch\_functorch\_aot_autograd\logging_utils.py","logging_utils.py",".py","5681","7/25/2026 1:31:54 PM","C:\Users\Ghanam\OneDrive\projects\Greeny-Life\.venv\Lib\site-packages\torch\_functorch\_aot_autograd"
"C:\Users\Ghanam\OneDrive\projects\Greeny-Life\.venv\Lib\site-packages\torch\_functorch\_aot_autograd\runtime_wrappers.py","runtime_wrappers.py",".py","164551","7/25/2026 1:31:54 PM","C:\Users\Ghanam\OneDrive\projects\Greeny-Life\.venv\Lib\site-packages\torch\_functorch\_aot_autograd"
"C:\Users\Ghanam\OneDrive\projects\Greeny-Life\.venv\Lib\site-packages\torch\_functorch\_aot_autograd\schemas.py","schemas.py",".py","67386","7/25/2026 1:31:54 PM","C:\Users\Ghanam\OneDrive\projects\Greeny-Life\.venv\Lib\site-packages\torch\_functorch\_aot_autograd"
"C:\Users\Ghanam\OneDrive\projects\Greeny-Life\.venv\Lib\site-packages\torch\_higher_order_ops\invoke_leaf_function.py","invoke_leaf_function.py",".py","36327","7/25/2026 1:31:54 PM","C:\Users\Ghanam\OneDrive\projects\Greeny-Life\.venv\Lib\site-packages\torch\_higher_order_ops"
"C:\Users\Ghanam\OneDrive\projects\Greeny-Life\.venv\Lib\site-packages\torch\_higher_order_ops\invoke_subgraph.py","invoke_subgraph.py",".py","56590","7/25/2026 1:31:54 PM","C:\Users\Ghanam\OneDrive\projects\Greeny-Life\.venv\Lib\site-packages\torch\_higher_order_ops"
"C:\Users\Ghanam\OneDrive\projects\Greeny-Life\.venv\Lib\site-packages\torch\_higher_order_ops\triton_kernel_wrap.py","triton_kernel_wrap.py",".py","101572","7/25/2026 1:31:54 PM","C:\Users\Ghanam\OneDrive\projects\Greeny-Life\.venv\Lib\site-packages\torch\_higher_order_ops"
"C:\Users\Ghanam\OneDrive\projects\Greeny-Life\.venv\Lib\site-packages\torch\_inductor\choices.py","choices.py",".py","30827","7/25/2026 1:31:54 PM","C:\Users\Ghanam\OneDrive\projects\Greeny-Life\.venv\Lib\site-packages\torch\_inductor"
"C:\Users\Ghanam\OneDrive\projects\Greeny-Life\.venv\Lib\site-packages\torch\_inductor\codecache.py","codecache.py",".py","215525","7/25/2026 1:31:54 PM","C:\Users\Ghanam\OneDrive\projects\Greeny-Life\.venv\Lib\site-packages\torch\_inductor"
"C:\Users\Ghanam\OneDrive\projects\Greeny-Life\.venv\Lib\site-packages\torch\_inductor\comm_analysis.py","comm_analysis.py",".py","30764","7/25/2026 1:31:54 PM","C:\Users\Ghanam\OneDrive\projects\Greeny-Life\.venv\Lib\site-packages\torch\_inductor"
"C:\Users\Ghanam\OneDrive\projects\Greeny-Life\.venv\Lib\site-packages\torch\_inductor\config.py","config.py",".py","126535","7/25/2026 1:31:54 PM","C:\Users\Ghanam\OneDrive\projects\Greeny-Life\.venv\Lib\site-packages\torch\_inductor"
"C:\Users\Ghanam\OneDrive\projects\Greeny-Life\.venv\Lib\site-packages\torch\_inductor\cpp_builder.py","cpp_builder.py",".py","107107","7/25/2026 1:31:54 PM","C:\Users\Ghanam\OneDrive\projects\Greeny-Life\.venv\Lib\site-packages\torch\_inductor"
"C:\Users\Ghanam\OneDrive\projects\Greeny-Life\.venv\Lib\site-packages\torch\_inductor\cpu_vec_isa.py","cpu_vec_isa.py",".py","23095","7/25/2026 1:31:54 PM","C:\Users\Ghanam\OneDrive\projects\Greeny-Life\.venv\Lib\site-packages\torch\_inductor"
"C:\Users\Ghanam\OneDrive\projects\Greeny-Life\.venv\Lib\site-packages\torch\_inductor\debug.py","debug.py",".py","53508","7/25/2026 1:31:54 PM","C:\Users\Ghanam\OneDrive\projects\Greeny-Life\.venv\Lib\site-packages\torch\_inductor"
"C:\Users\Ghanam\OneDrive\projects\Greeny-Life\.venv\Lib\site-packages\torch\_inductor\dependencies.py","dependencies.py",".py","33280","7/25/2026 1:31:54 PM","C:\Users\Ghanam\OneDrive\projects\Greeny-Life\.venv\Lib\site-packages\torch\_inductor"
"C:\Users\Ghanam\OneDrive\projects\Greeny-Life\.venv\Lib\site-packages\torch\_inductor\ir.py","ir.py",".py","424817","7/25/2026 1:31:54 PM","C:\Users\Ghanam\OneDrive\projects\Greeny-Life\.venv\Lib\site-packages\torch\_inductor"
"C:\Users\Ghanam\OneDrive\projects\Greeny-Life\.venv\Lib\site-packages\torch\_inductor\lowering.py","lowering.py",".py","314974","7/25/2026 1:31:54 PM","C:\Users\Ghanam\OneDrive\projects\Greeny-Life\.venv\Lib\site-packages\torch\_inductor"
"C:\Users\Ghanam\OneDrive\projects\Greeny-Life\.venv\Lib\site-packages\torch\_inductor\output_code.py","output_code.py",".py","52428","7/25/2026 1:31:54 PM","C:\Users\Ghanam\OneDrive\projects\Greeny-Life\.venv\Lib\site-packages\torch\_inductor"
"C:\Users\Ghanam\OneDrive\projects\Greeny-Life\.venv\Lib\site-packages\torch\_inductor\rocm_multiarch_utils.py","rocm_multiarch_utils.py",".py","9359","7/25/2026 1:31:54 PM","C:\Users\Ghanam\OneDrive\projects\Greeny-Life\.venv\Lib\site-packages\torch\_inductor"
"C:\Users\Ghanam\OneDrive\projects\Greeny-Life\.venv\Lib\site-packages\torch\_inductor\scheduler.py","scheduler.py",".py","406027","7/25/2026 1:31:54 PM","C:\Users\Ghanam\OneDrive\projects\Greeny-Life\.venv\Lib\site-packages\torch\_inductor"
"C:\Users\Ghanam\OneDrive\projects\Greeny-Life\.venv\Lib\site-packages\torch\_inductor\select_algorithm.py","select_algorithm.py",".py","241474","7/25/2026 1:31:54 PM","C:\Users\Ghanam\OneDrive\projects\Greeny-Life\.venv\Lib\site-packages\torch\_inductor"
"C:\Users\Ghanam\OneDrive\projects\Greeny-Life\.venv\Lib\site-packages\torch\_inductor\standalone_compile.py","standalone_compile.py",".py","21593","7/25/2026 1:31:54 PM","C:\Users\Ghanam\OneDrive\projects\Greeny-Life\.venv\Lib\site-packages\torch\_inductor"
"C:\Users\Ghanam\OneDrive\projects\Greeny-Life\.venv\Lib\site-packages\torch\_inductor\utils.py","utils.py",".py","170418","7/25/2026 1:31:54 PM","C:\Users\Ghanam\OneDrive\projects\Greeny-Life\.venv\Lib\site-packages\torch\_inductor"
"C:\Users\Ghanam\OneDrive\projects\Greeny-Life\.venv\Lib\site-packages\torch\_inductor\wrapper_benchmark.py","wrapper_benchmark.py",".py","16930","7/25/2026 1:31:54 PM","C:\Users\Ghanam\OneDrive\projects\Greeny-Life\.venv\Lib\site-packages\torch\_inductor"
"C:\Users\Ghanam\OneDrive\projects\Greeny-Life\.venv\Lib\site-packages\torch\_inductor\codegen\aoti_hipify_utils.py","aoti_hipify_utils.py",".py","1643","7/25/2026 1:31:54 PM","C:\Users\Ghanam\OneDrive\projects\Greeny-Life\.venv\Lib\site-packages\torch\_inductor\codegen"
"C:\Users\Ghanam\OneDrive\projects\Greeny-Life\.venv\Lib\site-packages\torch\_inductor\codegen\cpp.py","cpp.py",".py","252022","7/25/2026 1:31:54 PM","C:\Users\Ghanam\OneDrive\projects\Greeny-Life\.venv\Lib\site-packages\torch\_inductor\codegen"
"C:\Users\Ghanam\OneDrive\projects\Greeny-Life\.venv\Lib\site-packages\torch\_inductor\codegen\cpp_flex_attention_template.py","cpp_flex_attention_template.py",".py","59808","7/25/2026 1:31:54 PM","C:\Users\Ghanam\OneDrive\projects\Greeny-Life\.venv\Lib\site-packages\torch\_inductor\codegen"
"C:\Users\Ghanam\OneDrive\projects\Greeny-Life\.venv\Lib\site-packages\torch\_inductor\codegen\cpp_gemm_template.py","cpp_gemm_template.py",".py","82175","7/25/2026 1:31:54 PM","C:\Users\Ghanam\OneDrive\projects\Greeny-Life\.venv\Lib\site-packages\torch\_inductor\codegen"
"C:\Users\Ghanam\OneDrive\projects\Greeny-Life\.venv\Lib\site-packages\torch\_inductor\codegen\cpp_grouped_gemm_template.py","cpp_grouped_gemm_template.py",".py","22056","7/25/2026 1:31:54 PM","C:\Users\Ghanam\OneDrive\projects\Greeny-Life\.venv\Lib\site-packages\torch\_inductor\codegen"
"C:\Users\Ghanam\OneDrive\projects\Greeny-Life\.venv\Lib\site-packages\torch\_inductor\codegen\cpp_micro_gemm.py","cpp_micro_gemm.py",".py","79754","7/25/2026 1:31:54 PM","C:\Users\Ghanam\OneDrive\projects\Greeny-Life\.venv\Lib\site-packages\torch\_inductor\codegen"
"C:\Users\Ghanam\OneDrive\projects\Greeny-Life\.venv\Lib\site-packages\torch\_inductor\codegen\cpp_template_kernel.py","cpp_template_kernel.py",".py","26774","7/25/2026 1:31:54 PM","C:\Users\Ghanam\OneDrive\projects\Greeny-Life\.venv\Lib\site-packages\torch\_inductor\codegen"
"C:\Users\Ghanam\OneDrive\projects\Greeny-Life\.venv\Lib\site-packages\torch\_inductor\codegen\cpp_wrapper_cpu.py","cpp_wrapper_cpu.py",".py","174989","7/25/2026 1:31:54 PM","C:\Users\Ghanam\OneDrive\projects\Greeny-Life\.venv\Lib\site-packages\torch\_inductor\codegen"
"C:\Users\Ghanam\OneDrive\projects\Greeny-Life\.venv\Lib\site-packages\torch\_inductor\codegen\halide.py","halide.py",".py","68593","7/25/2026 1:31:54 PM","C:\Users\Ghanam\OneDrive\projects\Greeny-Life\.venv\Lib\site-packages\torch\_inductor\codegen"
"C:\Users\Ghanam\OneDrive\projects\Greeny-Life\.venv\Lib\site-packages\torch\_inductor\codegen\simd.py","simd.py",".py","180941","7/25/2026 1:31:54 PM","C:\Users\Ghanam\OneDrive\projects\Greeny-Life\.venv\Lib\site-packages\torch\_inductor\codegen"
"C:\Users\Ghanam\OneDrive\projects\Greeny-Life\.venv\Lib\site-packages\torch\_inductor\codegen\cuda\compile_utils.py","compile_utils.py",".py","7879","7/25/2026 1:31:54 PM","C:\Users\Ghanam\OneDrive\projects\Greeny-Life\.venv\Lib\site-packages\torch\_inductor\codegen\cuda"
"C:\Users\Ghanam\OneDrive\projects\Greeny-Life\.venv\Lib\site-packages\torch\_inductor\codegen\cutlass\gemm_template.py","gemm_template.py",".py","85311","7/25/2026 1:31:54 PM","C:\Users\Ghanam\OneDrive\projects\Greeny-Life\.venv\Lib\site-packages\torch\_inductor\codegen\cutlass"
"C:\Users\Ghanam\OneDrive\projects\Greeny-Life\.venv\Lib\site-packages\torch\_inductor\codegen\cutlass\utils.py","utils.py",".py","20498","7/25/2026 1:31:54 PM","C:\Users\Ghanam\OneDrive\projects\Greeny-Life\.venv\Lib\site-packages\torch\_inductor\codegen\cutlass"
"C:\Users\Ghanam\OneDrive\projects\Greeny-Life\.venv\Lib\site-packages\torch\_inductor\codegen\cutlass\lib_extensions\gemm_operation_extensions.py","gemm_operation_extensions.py",".py","19378","7/25/2026 1:31:55 PM","C:\Users\Ghanam\OneDrive\projects\Greeny-Life\.venv\Lib\site-packages\torch\_inductor\codegen\cutlass\lib_extensions"
"C:\Users\Ghanam\OneDrive\projects\Greeny-Life\.venv\Lib\site-packages\torch\_inductor\codegen\rocm\ck_universal_gemm_template.py","ck_universal_gemm_template.py",".py","40706","7/25/2026 1:31:55 PM","C:\Users\Ghanam\OneDrive\projects\Greeny-Life\.venv\Lib\site-packages\torch\_inductor\codegen\rocm"
"C:\Users\Ghanam\OneDrive\projects\Greeny-Life\.venv\Lib\site-packages\torch\_inductor\fx_passes\low_contention_collectives.py","low_contention_collectives.py",".py","9638","7/25/2026 1:31:55 PM","C:\Users\Ghanam\OneDrive\projects\Greeny-Life\.venv\Lib\site-packages\torch\_inductor\fx_passes"
"C:\Users\Ghanam\OneDrive\projects\Greeny-Life\.venv\Lib\site-packages\torch\_inductor\fx_passes\node_runtime_estimation.py","node_runtime_estimation.py",".py","14514","7/25/2026 1:31:55 PM","C:\Users\Ghanam\OneDrive\projects\Greeny-Life\.venv\Lib\site-packages\torch\_inductor\fx_passes"
"C:\Users\Ghanam\OneDrive\projects\Greeny-Life\.venv\Lib\site-packages\torch\_inductor\fx_passes\replace_random.py","replace_random.py",".py","8684","7/25/2026 1:31:55 PM","C:\Users\Ghanam\OneDrive\projects\Greeny-Life\.venv\Lib\site-packages\torch\_inductor\fx_passes"
"C:\Users\Ghanam\OneDrive\projects\Greeny-Life\.venv\Lib\site-packages\torch\_inductor\kernel\flex\flex_decoding.py","flex_decoding.py",".py","16374","7/25/2026 1:31:55 PM","C:\Users\Ghanam\OneDrive\projects\Greeny-Life\.venv\Lib\site-packages\torch\_inductor\kernel\flex"
"C:\Users\Ghanam\OneDrive\projects\Greeny-Life\.venv\Lib\site-packages\torch\_inductor\kernel\flex\interval_mask_packing.py","interval_mask_packing.py",".py","24002","7/25/2026 1:31:55 PM","C:\Users\Ghanam\OneDrive\projects\Greeny-Life\.venv\Lib\site-packages\torch\_inductor\kernel\flex"
"C:\Users\Ghanam\OneDrive\projects\Greeny-Life\.venv\Lib\site-packages\torch\_inductor\kernel\vendored_templates\cutedsl\dense_blockscaled_gemm_persistent.py","dense_blockscaled_gemm_persistent.py",".py","88129","7/25/2026 1:31:55 PM","C:\Users\Ghanam\OneDrive\projects\Greeny-Life\.venv\Lib\site-packages\torch\_inductor\kernel\vendored_templates\cutedsl"
"C:\Users\Ghanam\OneDrive\projects\Greeny-Life\.venv\Lib\site-packages\torch\_inductor\kernel\vendored_templates\cutedsl\kernels\cutedsl_grouped_gemm.py","cutedsl_grouped_gemm.py",".py","96825","7/25/2026 1:31:55 PM","C:\Users\Ghanam\OneDrive\projects\Greeny-Life\.venv\Lib\site-packages\torch\_inductor\kernel\vendored_templates\cutedsl\kernels"
"C:\Users\Ghanam\OneDrive\projects\Greeny-Life\.venv\Lib\site-packages\torch\_inductor\package\package.py","package.py",".py","4565","7/25/2026 1:31:55 PM","C:\Users\Ghanam\OneDrive\projects\Greeny-Life\.venv\Lib\site-packages\torch\_inductor\package"
"C:\Users\Ghanam\OneDrive\projects\Greeny-Life\.venv\Lib\site-packages\torch\_inductor\runtime\hints.py","hints.py",".py","8991","7/25/2026 1:31:55 PM","C:\Users\Ghanam\OneDrive\projects\Greeny-Life\.venv\Lib\site-packages\torch\_inductor\runtime"
"C:\Users\Ghanam\OneDrive\projects\Greeny-Life\.venv\Lib\site-packages\torch\_inductor\runtime\static_triton_launcher.py","static_triton_launcher.py",".py","15870","7/25/2026 1:31:55 PM","C:\Users\Ghanam\OneDrive\projects\Greeny-Life\.venv\Lib\site-packages\torch\_inductor\runtime"
"C:\Users\Ghanam\OneDrive\projects\Greeny-Life\.venv\Lib\site-packages\torch\_inductor\runtime\triton_helpers.py","triton_helpers.py",".py","30515","7/25/2026 1:31:55 PM","C:\Users\Ghanam\OneDrive\projects\Greeny-Life\.venv\Lib\site-packages\torch\_inductor\runtime"
"C:\Users\Ghanam\OneDrive\projects\Greeny-Life\.venv\Lib\site-packages\torch\_inductor\runtime\triton_heuristics.py","triton_heuristics.py",".py","213409","7/25/2026 1:31:55 PM","C:\Users\Ghanam\OneDrive\projects\Greeny-Life\.venv\Lib\site-packages\torch\_inductor\runtime"
"C:\Users\Ghanam\OneDrive\projects\Greeny-Life\.venv\Lib\site-packages\torch\_inductor\runtime\triton_lazy_compile.py","triton_lazy_compile.py",".py","9437","7/25/2026 1:31:55 PM","C:\Users\Ghanam\OneDrive\projects\Greeny-Life\.venv\Lib\site-packages\torch\_inductor\runtime"
"C:\Users\Ghanam\OneDrive\projects\Greeny-Life\.venv\Lib\site-packages\torch\_inductor\template_heuristics\triton.py","triton.py",".py","133899","7/25/2026 1:31:55 PM","C:\Users\Ghanam\OneDrive\projects\Greeny-Life\.venv\Lib\site-packages\torch\_inductor\template_heuristics"
"C:\Users\Ghanam\OneDrive\projects\Greeny-Life\.venv\Lib\site-packages\torch\_logging\scribe.py","scribe.py",".py","2602","7/25/2026 1:31:55 PM","C:\Users\Ghanam\OneDrive\projects\Greeny-Life\.venv\Lib\site-packages\torch\_logging"
"C:\Users\Ghanam\OneDrive\projects\Greeny-Life\.venv\Lib\site-packages\torch\_native\ops\norm\rmsnorm_impl.py","rmsnorm_impl.py",".py","6259","7/25/2026 1:31:55 PM","C:\Users\Ghanam\OneDrive\projects\Greeny-Life\.venv\Lib\site-packages\torch\_native\ops\norm"
"C:\Users\Ghanam\OneDrive\projects\Greeny-Life\.venv\Lib\site-packages\torch\_native\ops\scatter_add\tma_kernel.py","tma_kernel.py",".py","19020","7/25/2026 1:31:55 PM","C:\Users\Ghanam\OneDrive\projects\Greeny-Life\.venv\Lib\site-packages\torch\_native\ops\scatter_add"
"C:\Users\Ghanam\OneDrive\projects\Greeny-Life\.venv\Lib\site-packages\torch\_native\ops\scatter_add\vec_scatter_kernel.py","vec_scatter_kernel.py",".py","9791","7/25/2026 1:31:55 PM","C:\Users\Ghanam\OneDrive\projects\Greeny-Life\.venv\Lib\site-packages\torch\_native\ops\scatter_add"
"C:\Users\Ghanam\OneDrive\projects\Greeny-Life\.venv\Lib\site-packages\torch\_native\ops\topk\cutedsl_impl.py","cutedsl_impl.py",".py","7048","7/25/2026 1:31:55 PM","C:\Users\Ghanam\OneDrive\projects\Greeny-Life\.venv\Lib\site-packages\torch\_native\ops\topk"
"C:\Users\Ghanam\OneDrive\projects\Greeny-Life\.venv\Lib\site-packages\torch\_prims\rng_prims.py","rng_prims.py",".py","21154","7/25/2026 1:31:55 PM","C:\Users\Ghanam\OneDrive\projects\Greeny-Life\.venv\Lib\site-packages\torch\_prims"
"C:\Users\Ghanam\OneDrive\projects\Greeny-Life\.venv\Lib\site-packages\torch\_subclasses\functional_tensor.py","functional_tensor.py",".py","42562","7/25/2026 1:31:55 PM","C:\Users\Ghanam\OneDrive\projects\Greeny-Life\.venv\Lib\site-packages\torch\_subclasses"
"C:\Users\Ghanam\OneDrive\projects\Greeny-Life\.venv\Lib\site-packages\torch\_vendor\quack\cute_dsl_elf_fix.py","cute_dsl_elf_fix.py",".py","3895","7/25/2026 1:31:55 PM","C:\Users\Ghanam\OneDrive\projects\Greeny-Life\.venv\Lib\site-packages\torch\_vendor\quack"
"C:\Users\Ghanam\OneDrive\projects\Greeny-Life\.venv\Lib\site-packages\torch\_vendor\quack\cute_dsl_utils.py","cute_dsl_utils.py",".py","7471","7/25/2026 1:31:55 PM","C:\Users\Ghanam\OneDrive\projects\Greeny-Life\.venv\Lib\site-packages\torch\_vendor\quack"
"C:\Users\Ghanam\OneDrive\projects\Greeny-Life\.venv\Lib\site-packages\torch\_vendor\quack\gemm_base.py","gemm_base.py",".py","29560","7/25/2026 1:31:55 PM","C:\Users\Ghanam\OneDrive\projects\Greeny-Life\.venv\Lib\site-packages\torch\_vendor\quack"
"C:\Users\Ghanam\OneDrive\projects\Greeny-Life\.venv\Lib\site-packages\torch\_vendor\quack\gemm_sm100.py","gemm_sm100.py",".py","125834","7/25/2026 1:31:55 PM","C:\Users\Ghanam\OneDrive\projects\Greeny-Life\.venv\Lib\site-packages\torch\_vendor\quack"
"C:\Users\Ghanam\OneDrive\projects\Greeny-Life\.venv\Lib\site-packages\torch\_vendor\quack\gemm_sm90.py","gemm_sm90.py",".py","68408","7/25/2026 1:31:55 PM","C:\Users\Ghanam\OneDrive\projects\Greeny-Life\.venv\Lib\site-packages\torch\_vendor\quack"
"C:\Users\Ghanam\OneDrive\projects\Greeny-Life\.venv\Lib\site-packages\torch\_vendor\quack\pipeline.py","pipeline.py",".py","23677","7/25/2026 1:31:55 PM","C:\Users\Ghanam\OneDrive\projects\Greeny-Life\.venv\Lib\site-packages\torch\_vendor\quack"
"C:\Users\Ghanam\OneDrive\projects\Greeny-Life\.venv\Lib\site-packages\torch\_vendor\quack\rmsnorm.py","rmsnorm.py",".py","62879","7/25/2026 1:31:55 PM","C:\Users\Ghanam\OneDrive\projects\Greeny-Life\.venv\Lib\site-packages\torch\_vendor\quack"
"C:\Users\Ghanam\OneDrive\projects\Greeny-Life\.venv\Lib\site-packages\torch\_vendor\quack\rmsnorm_config.py","rmsnorm_config.py",".py","18856","7/25/2026 1:31:55 PM","C:\Users\Ghanam\OneDrive\projects\Greeny-Life\.venv\Lib\site-packages\torch\_vendor\quack"
"C:\Users\Ghanam\OneDrive\projects\Greeny-Life\.venv\Lib\site-packages\torch\_vendor\quack\cache\compile_only.py","compile_only.py",".py","8927","7/25/2026 1:31:55 PM","C:\Users\Ghanam\OneDrive\projects\Greeny-Life\.venv\Lib\site-packages\torch\_vendor\quack\cache"
"C:\Users\Ghanam\OneDrive\projects\Greeny-Life\.venv\Lib\site-packages\torch\_vendor\quack\cache\jit.py","jit.py",".py","11762","7/25/2026 1:31:55 PM","C:\Users\Ghanam\OneDrive\projects\Greeny-Life\.venv\Lib\site-packages\torch\_vendor\quack\cache"
"C:\Users\Ghanam\OneDrive\projects\Greeny-Life\.venv\Lib\site-packages\torch-2.13.0.dist-info\METADATA","METADATA","","39160","7/25/2026 1:32:29 PM","C:\Users\Ghanam\OneDrive\projects\Greeny-Life\.venv\Lib\site-packages\torch-2.13.0.dist-info"
"C:\Users\Ghanam\OneDrive\projects\Greeny-Life\.venv\Lib\site-packages\torch-2.13.0.dist-info\licenses\third_party\sleef\LICENSE.txt","LICENSE.txt",".txt","1361","7/25/2026 1:32:30 PM","C:\Users\Ghanam\OneDrive\projects\Greeny-Life\.venv\Lib\site-packages\torch-2.13.0.dist-info\licenses\third_party\sleef"
"C:\Users\Ghanam\OneDrive\projects\Greeny-Life\.venv\Lib\site-packages\torchgen\gen.py","gen.py",".py","119973","7/25/2026 1:32:28 PM","C:\Users\Ghanam\OneDrive\projects\Greeny-Life\.venv\Lib\site-packages\torchgen"
"C:\Users\Ghanam\OneDrive\projects\Greeny-Life\.venv\Lib\site-packages\torchgen\gen_backend_stubs.py","gen_backend_stubs.py",".py","23975","7/25/2026 1:32:28 PM","C:\Users\Ghanam\OneDrive\projects\Greeny-Life\.venv\Lib\site-packages\torchgen"
"C:\Users\Ghanam\OneDrive\projects\Greeny-Life\.venv\Lib\site-packages\torchgen\gen_functionalization_type.py","gen_functionalization_type.py",".py","51836","7/25/2026 1:32:28 PM","C:\Users\Ghanam\OneDrive\projects\Greeny-Life\.venv\Lib\site-packages\torchgen"
"C:\Users\Ghanam\OneDrive\projects\Greeny-Life\.venv\Lib\site-packages\torchgen\gen_lazy_tensor.py","gen_lazy_tensor.py",".py","23798","7/25/2026 1:32:28 PM","C:\Users\Ghanam\OneDrive\projects\Greeny-Life\.venv\Lib\site-packages\torchgen"
"C:\Users\Ghanam\OneDrive\projects\Greeny-Life\.venv\Lib\site-packages\torchgen\api\translate.py","translate.py",".py","19734","7/25/2026 1:32:28 PM","C:\Users\Ghanam\OneDrive\projects\Greeny-Life\.venv\Lib\site-packages\torchgen\api"
"C:\Users\Ghanam\OneDrive\projects\Greeny-Life\.venv\Lib\site-packages\torchgen\dest\register_dispatch_key.py","register_dispatch_key.py",".py","42897","7/25/2026 1:32:29 PM","C:\Users\Ghanam\OneDrive\projects\Greeny-Life\.venv\Lib\site-packages\torchgen\dest"
"C:\Users\Ghanam\OneDrive\projects\Greeny-Life\.venv\Lib\site-packages\torchgen\packaged\ATen\native\native_functions.yaml","native_functions.yaml",".yaml","623067","7/25/2026 1:32:29 PM","C:\Users\Ghanam\OneDrive\projects\Greeny-Life\.venv\Lib\site-packages\torchgen\packaged\ATen\native"
"C:\Users\Ghanam\OneDrive\projects\Greeny-Life\.venv\Lib\site-packages\torchgen\packaged\ATen\templates\TensorBody.h","TensorBody.h",".h","30024","7/25/2026 1:32:29 PM","C:\Users\Ghanam\OneDrive\projects\Greeny-Life\.venv\Lib\site-packages\torchgen\packaged\ATen\templates"
"C:\Users\Ghanam\OneDrive\projects\Greeny-Life\.venv\Lib\site-packages\torchgen\packaged\autograd\gen_autograd.py","gen_autograd.py",".py","4764","7/25/2026 1:32:29 PM","C:\Users\Ghanam\OneDrive\projects\Greeny-Life\.venv\Lib\site-packages\torchgen\packaged\autograd"
"C:\Users\Ghanam\OneDrive\projects\Greeny-Life\.venv\Lib\site-packages\torchgen\packaged\autograd\gen_autograd_functions.py","gen_autograd_functions.py",".py","39407","7/25/2026 1:32:29 PM","C:\Users\Ghanam\OneDrive\projects\Greeny-Life\.venv\Lib\site-packages\torchgen\packaged\autograd"
"C:\Users\Ghanam\OneDrive\projects\Greeny-Life\.venv\Lib\site-packages\torchgen\packaged\autograd\gen_variable_type.py","gen_variable_type.py",".py","90037","7/25/2026 1:32:29 PM","C:\Users\Ghanam\OneDrive\projects\Greeny-Life\.venv\Lib\site-packages\torchgen\packaged\autograd"
"C:\Users\Ghanam\OneDrive\projects\Greeny-Life\.venv\Lib\site-packages\torchgen\selective_build\selector.py","selector.py",".py","14190","7/25/2026 1:32:29 PM","C:\Users\Ghanam\OneDrive\projects\Greeny-Life\.venv\Lib\site-packages\torchgen\selective_build"
"C:\Users\Ghanam\OneDrive\projects\Greeny-Life\.venv\Lib\site-packages\tqdm\std.py","std.py",".py","58078","7/24/2026 9:09:30 PM","C:\Users\Ghanam\OneDrive\projects\Greeny-Life\.venv\Lib\site-packages\tqdm"
"C:\Users\Ghanam\OneDrive\projects\Greeny-Life\.venv\Lib\site-packages\tqdm\contrib\discord.py","discord.py",".py","5337","7/24/2026 9:09:30 PM","C:\Users\Ghanam\OneDrive\projects\Greeny-Life\.venv\Lib\site-packages\tqdm\contrib"
"C:\Users\Ghanam\OneDrive\projects\Greeny-Life\.venv\Lib\site-packages\tqdm-4.69.1.dist-info\METADATA","METADATA","","57356","7/24/2026 9:09:30 PM","C:\Users\Ghanam\OneDrive\projects\Greeny-Life\.venv\Lib\site-packages\tqdm-4.69.1.dist-info"
"C:\Users\Ghanam\OneDrive\projects\Greeny-Life\.venv\Lib\site-packages\transformers\cache_utils.py","cache_utils.py",".py","96833","7/25/2026 1:34:58 PM","C:\Users\Ghanam\OneDrive\projects\Greeny-Life\.venv\Lib\site-packages\transformers"
"C:\Users\Ghanam\OneDrive\projects\Greeny-Life\.venv\Lib\site-packages\transformers\configuration_utils.py","configuration_utils.py",".py","70107","7/25/2026 1:34:58 PM","C:\Users\Ghanam\OneDrive\projects\Greeny-Life\.venv\Lib\site-packages\transformers"
"C:\Users\Ghanam\OneDrive\projects\Greeny-Life\.venv\Lib\site-packages\transformers\convert_slow_tokenizer.py","convert_slow_tokenizer.py",".py","78299","7/25/2026 1:34:58 PM","C:\Users\Ghanam\OneDrive\projects\Greeny-Life\.venv\Lib\site-packages\transformers"
"C:\Users\Ghanam\OneDrive\projects\Greeny-Life\.venv\Lib\site-packages\transformers\dependency_versions_table.py","dependency_versions_table.py",".py","3142","7/25/2026 1:34:59 PM","C:\Users\Ghanam\OneDrive\projects\Greeny-Life\.venv\Lib\site-packages\transformers"
"C:\Users\Ghanam\OneDrive\projects\Greeny-Life\.venv\Lib\site-packages\transformers\feature_extraction_utils.py","feature_extraction_utils.py",".py","30129","7/25/2026 1:34:59 PM","C:\Users\Ghanam\OneDrive\projects\Greeny-Life\.venv\Lib\site-packages\transformers"
"C:\Users\Ghanam\OneDrive\projects\Greeny-Life\.venv\Lib\site-packages\transformers\file_utils.py","file_utils.py",".py","2935","7/25/2026 1:34:59 PM","C:\Users\Ghanam\OneDrive\projects\Greeny-Life\.venv\Lib\site-packages\transformers"
"C:\Users\Ghanam\OneDrive\projects\Greeny-Life\.venv\Lib\site-packages\transformers\image_processing_backends.py","image_processing_backends.py",".py","27095","7/25/2026 1:34:59 PM","C:\Users\Ghanam\OneDrive\projects\Greeny-Life\.venv\Lib\site-packages\transformers"
"C:\Users\Ghanam\OneDrive\projects\Greeny-Life\.venv\Lib\site-packages\transformers\image_processing_base.py","image_processing_base.py",".py","23128","7/25/2026 1:34:59 PM","C:\Users\Ghanam\OneDrive\projects\Greeny-Life\.venv\Lib\site-packages\transformers"
"C:\Users\Ghanam\OneDrive\projects\Greeny-Life\.venv\Lib\site-packages\transformers\image_processing_outputs.py","image_processing_outputs.py",".py","1503","7/25/2026 1:34:59 PM","C:\Users\Ghanam\OneDrive\projects\Greeny-Life\.venv\Lib\site-packages\transformers"
"C:\Users\Ghanam\OneDrive\projects\Greeny-Life\.venv\Lib\site-packages\transformers\image_processing_utils.py","image_processing_utils.py",".py","29591","7/25/2026 1:34:59 PM","C:\Users\Ghanam\OneDrive\projects\Greeny-Life\.venv\Lib\site-packages\transformers"
"C:\Users\Ghanam\OneDrive\projects\Greeny-Life\.venv\Lib\site-packages\transformers\image_utils.py","image_utils.py",".py","41649","7/25/2026 1:34:59 PM","C:\Users\Ghanam\OneDrive\projects\Greeny-Life\.venv\Lib\site-packages\transformers"
"C:\Users\Ghanam\OneDrive\projects\Greeny-Life\.venv\Lib\site-packages\transformers\modelcard.py","modelcard.py",".py","22239","7/25/2026 1:34:59 PM","C:\Users\Ghanam\OneDrive\projects\Greeny-Life\.venv\Lib\site-packages\transformers"
"C:\Users\Ghanam\OneDrive\projects\Greeny-Life\.venv\Lib\site-packages\transformers\modeling_gguf_pytorch_utils.py","modeling_gguf_pytorch_utils.py",".py","36000","7/25/2026 1:34:59 PM","C:\Users\Ghanam\OneDrive\projects\Greeny-Life\.venv\Lib\site-packages\transformers"
"C:\Users\Ghanam\OneDrive\projects\Greeny-Life\.venv\Lib\site-packages\transformers\modeling_layers.py","modeling_layers.py",".py","30446","7/25/2026 1:34:59 PM","C:\Users\Ghanam\OneDrive\projects\Greeny-Life\.venv\Lib\site-packages\transformers"
"C:\Users\Ghanam\OneDrive\projects\Greeny-Life\.venv\Lib\site-packages\transformers\modeling_utils.py","modeling_utils.py",".py","274811","7/25/2026 1:34:59 PM","C:\Users\Ghanam\OneDrive\projects\Greeny-Life\.venv\Lib\site-packages\transformers"
"C:\Users\Ghanam\OneDrive\projects\Greeny-Life\.venv\Lib\site-packages\transformers\model_debugging_utils.py","model_debugging_utils.py",".py","17044","7/25/2026 1:34:59 PM","C:\Users\Ghanam\OneDrive\projects\Greeny-Life\.venv\Lib\site-packages\transformers"
"C:\Users\Ghanam\OneDrive\projects\Greeny-Life\.venv\Lib\site-packages\transformers\processing_utils.py","processing_utils.py",".py","117073","7/25/2026 1:34:59 PM","C:\Users\Ghanam\OneDrive\projects\Greeny-Life\.venv\Lib\site-packages\transformers"
"C:\Users\Ghanam\OneDrive\projects\Greeny-Life\.venv\Lib\site-packages\transformers\safetensors_conversion.py","safetensors_conversion.py",".py","4541","7/25/2026 1:34:59 PM","C:\Users\Ghanam\OneDrive\projects\Greeny-Life\.venv\Lib\site-packages\transformers"
"C:\Users\Ghanam\OneDrive\projects\Greeny-Life\.venv\Lib\site-packages\transformers\testing_utils.py","testing_utils.py",".py","162965","7/25/2026 1:34:59 PM","C:\Users\Ghanam\OneDrive\projects\Greeny-Life\.venv\Lib\site-packages\transformers"
"C:\Users\Ghanam\OneDrive\projects\Greeny-Life\.venv\Lib\site-packages\transformers\tokenization_mistral_common.py","tokenization_mistral_common.py",".py","79888","7/25/2026 1:34:59 PM","C:\Users\Ghanam\OneDrive\projects\Greeny-Life\.venv\Lib\site-packages\transformers"
"C:\Users\Ghanam\OneDrive\projects\Greeny-Life\.venv\Lib\site-packages\transformers\tokenization_utils_base.py","tokenization_utils_base.py",".py","183764","7/25/2026 1:34:59 PM","C:\Users\Ghanam\OneDrive\projects\Greeny-Life\.venv\Lib\site-packages\transformers"
"C:\Users\Ghanam\OneDrive\projects\Greeny-Life\.venv\Lib\site-packages\transformers\tokenization_utils_sentencepiece.py","tokenization_utils_sentencepiece.py",".py","13649","7/25/2026 1:34:59 PM","C:\Users\Ghanam\OneDrive\projects\Greeny-Life\.venv\Lib\site-packages\transformers"
"C:\Users\Ghanam\OneDrive\projects\Greeny-Life\.venv\Lib\site-packages\transformers\tokenization_utils_tokenizers.py","tokenization_utils_tokenizers.py",".py","66830","7/25/2026 1:34:59 PM","C:\Users\Ghanam\OneDrive\projects\Greeny-Life\.venv\Lib\site-packages\transformers"
"C:\Users\Ghanam\OneDrive\projects\Greeny-Life\.venv\Lib\site-packages\transformers\trainer.py","trainer.py",".py","217498","7/25/2026 1:34:59 PM","C:\Users\Ghanam\OneDrive\projects\Greeny-Life\.venv\Lib\site-packages\transformers"
"C:\Users\Ghanam\OneDrive\projects\Greeny-Life\.venv\Lib\site-packages\transformers\trainer_callback.py","trainer_callback.py",".py","34363","7/25/2026 1:34:59 PM","C:\Users\Ghanam\OneDrive\projects\Greeny-Life\.venv\Lib\site-packages\transformers"
"C:\Users\Ghanam\OneDrive\projects\Greeny-Life\.venv\Lib\site-packages\transformers\trainer_seq2seq.py","trainer_seq2seq.py",".py","18216","7/25/2026 1:34:59 PM","C:\Users\Ghanam\OneDrive\projects\Greeny-Life\.venv\Lib\site-packages\transformers"
"C:\Users\Ghanam\OneDrive\projects\Greeny-Life\.venv\Lib\site-packages\transformers\trainer_utils.py","trainer_utils.py",".py","49916","7/25/2026 1:34:59 PM","C:\Users\Ghanam\OneDrive\projects\Greeny-Life\.venv\Lib\site-packages\transformers"
"C:\Users\Ghanam\OneDrive\projects\Greeny-Life\.venv\Lib\site-packages\transformers\training_args.py","training_args.py",".py","142775","7/25/2026 1:34:59 PM","C:\Users\Ghanam\OneDrive\projects\Greeny-Life\.venv\Lib\site-packages\transformers"
"C:\Users\Ghanam\OneDrive\projects\Greeny-Life\.venv\Lib\site-packages\transformers\video_processing_utils.py","video_processing_utils.py",".py","39202","7/25/2026 1:34:59 PM","C:\Users\Ghanam\OneDrive\projects\Greeny-Life\.venv\Lib\site-packages\transformers"
"C:\Users\Ghanam\OneDrive\projects\Greeny-Life\.venv\Lib\site-packages\transformers\__init__.py","__init__.py",".py","41736","7/25/2026 1:34:58 PM","C:\Users\Ghanam\OneDrive\projects\Greeny-Life\.venv\Lib\site-packages\transformers"
"C:\Users\Ghanam\OneDrive\projects\Greeny-Life\.venv\Lib\site-packages\transformers\cli\add_new_model_like.py","add_new_model_like.py",".py","32486","7/25/2026 1:34:59 PM","C:\Users\Ghanam\OneDrive\projects\Greeny-Life\.venv\Lib\site-packages\transformers\cli"
"C:\Users\Ghanam\OneDrive\projects\Greeny-Life\.venv\Lib\site-packages\transformers\cli\chat.py","chat.py",".py","28958","7/25/2026 1:34:59 PM","C:\Users\Ghanam\OneDrive\projects\Greeny-Life\.venv\Lib\site-packages\transformers\cli"
"C:\Users\Ghanam\OneDrive\projects\Greeny-Life\.venv\Lib\site-packages\transformers\cli\serving\chat_completion.py","chat_completion.py",".py","17822","7/25/2026 1:34:59 PM","C:\Users\Ghanam\OneDrive\projects\Greeny-Life\.venv\Lib\site-packages\transformers\cli\serving"
"C:\Users\Ghanam\OneDrive\projects\Greeny-Life\.venv\Lib\site-packages\transformers\cli\serving\completion.py","completion.py",".py","10223","7/25/2026 1:34:59 PM","C:\Users\Ghanam\OneDrive\projects\Greeny-Life\.venv\Lib\site-packages\transformers\cli\serving"
"C:\Users\Ghanam\OneDrive\projects\Greeny-Life\.venv\Lib\site-packages\transformers\cli\serving\model_manager.py","model_manager.py",".py","20388","7/25/2026 1:34:59 PM","C:\Users\Ghanam\OneDrive\projects\Greeny-Life\.venv\Lib\site-packages\transformers\cli\serving"
"C:\Users\Ghanam\OneDrive\projects\Greeny-Life\.venv\Lib\site-packages\transformers\cli\serving\response.py","response.py",".py","29957","7/25/2026 1:34:59 PM","C:\Users\Ghanam\OneDrive\projects\Greeny-Life\.venv\Lib\site-packages\transformers\cli\serving"
"C:\Users\Ghanam\OneDrive\projects\Greeny-Life\.venv\Lib\site-packages\transformers\cli\serving\transcription.py","transcription.py",".py","7986","7/25/2026 1:34:59 PM","C:\Users\Ghanam\OneDrive\projects\Greeny-Life\.venv\Lib\site-packages\transformers\cli\serving"
"C:\Users\Ghanam\OneDrive\projects\Greeny-Life\.venv\Lib\site-packages\transformers\cli\serving\utils.py","utils.py",".py","54392","7/25/2026 1:34:59 PM","C:\Users\Ghanam\OneDrive\projects\Greeny-Life\.venv\Lib\site-packages\transformers\cli\serving"
"C:\Users\Ghanam\OneDrive\projects\Greeny-Life\.venv\Lib\site-packages\transformers\data\__init__.py","__init__.py",".py","1490","7/25/2026 1:34:59 PM","C:\Users\Ghanam\OneDrive\projects\Greeny-Life\.venv\Lib\site-packages\transformers\data"
"C:\Users\Ghanam\OneDrive\projects\Greeny-Life\.venv\Lib\site-packages\transformers\data\datasets\glue.py","glue.py",".py","6086","7/25/2026 1:34:59 PM","C:\Users\Ghanam\OneDrive\projects\Greeny-Life\.venv\Lib\site-packages\transformers\data\datasets"
"C:\Users\Ghanam\OneDrive\projects\Greeny-Life\.venv\Lib\site-packages\transformers\data\datasets\squad.py","squad.py",".py","9145","7/25/2026 1:34:59 PM","C:\Users\Ghanam\OneDrive\projects\Greeny-Life\.venv\Lib\site-packages\transformers\data\datasets"
"C:\Users\Ghanam\OneDrive\projects\Greeny-Life\.venv\Lib\site-packages\transformers\data\processors\glue.py","glue.py",".py","21368","7/25/2026 1:34:59 PM","C:\Users\Ghanam\OneDrive\projects\Greeny-Life\.venv\Lib\site-packages\transformers\data\processors"
"C:\Users\Ghanam\OneDrive\projects\Greeny-Life\.venv\Lib\site-packages\transformers\data\processors\squad.py","squad.py",".py","28895","7/25/2026 1:34:59 PM","C:\Users\Ghanam\OneDrive\projects\Greeny-Life\.venv\Lib\site-packages\transformers\data\processors"
"C:\Users\Ghanam\OneDrive\projects\Greeny-Life\.venv\Lib\site-packages\transformers\data\processors\utils.py","utils.py",".py","12829","7/25/2026 1:34:59 PM","C:\Users\Ghanam\OneDrive\projects\Greeny-Life\.venv\Lib\site-packages\transformers\data\processors"
"C:\Users\Ghanam\OneDrive\projects\Greeny-Life\.venv\Lib\site-packages\transformers\data\processors\xnli.py","xnli.py",".py","3466","7/25/2026 1:34:59 PM","C:\Users\Ghanam\OneDrive\projects\Greeny-Life\.venv\Lib\site-packages\transformers\data\processors"
"C:\Users\Ghanam\OneDrive\projects\Greeny-Life\.venv\Lib\site-packages\transformers\data\processors\__init__.py","__init__.py",".py","1014","7/25/2026 1:34:59 PM","C:\Users\Ghanam\OneDrive\projects\Greeny-Life\.venv\Lib\site-packages\transformers\data\processors"
"C:\Users\Ghanam\OneDrive\projects\Greeny-Life\.venv\Lib\site-packages\transformers\exporters\auto.py","auto.py",".py","7960","7/25/2026 1:34:59 PM","C:\Users\Ghanam\OneDrive\projects\Greeny-Life\.venv\Lib\site-packages\transformers\exporters"
"C:\Users\Ghanam\OneDrive\projects\Greeny-Life\.venv\Lib\site-packages\transformers\exporters\exporter_dynamo.py","exporter_dynamo.py",".py","30616","7/25/2026 1:34:59 PM","C:\Users\Ghanam\OneDrive\projects\Greeny-Life\.venv\Lib\site-packages\transformers\exporters"
"C:\Users\Ghanam\OneDrive\projects\Greeny-Life\.venv\Lib\site-packages\transformers\generation\candidate_generator.py","candidate_generator.py",".py","85218","7/25/2026 1:34:59 PM","C:\Users\Ghanam\OneDrive\projects\Greeny-Life\.venv\Lib\site-packages\transformers\generation"
"C:\Users\Ghanam\OneDrive\projects\Greeny-Life\.venv\Lib\site-packages\transformers\generation\configuration_utils.py","configuration_utils.py",".py","99446","7/25/2026 1:34:59 PM","C:\Users\Ghanam\OneDrive\projects\Greeny-Life\.venv\Lib\site-packages\transformers\generation"
"C:\Users\Ghanam\OneDrive\projects\Greeny-Life\.venv\Lib\site-packages\transformers\generation\logits_process.py","logits_process.py",".py","150114","7/25/2026 1:34:59 PM","C:\Users\Ghanam\OneDrive\projects\Greeny-Life\.venv\Lib\site-packages\transformers\generation"
"C:\Users\Ghanam\OneDrive\projects\Greeny-Life\.venv\Lib\site-packages\transformers\generation\streamers.py","streamers.py",".py","16609","7/25/2026 1:34:59 PM","C:\Users\Ghanam\OneDrive\projects\Greeny-Life\.venv\Lib\site-packages\transformers\generation"
"C:\Users\Ghanam\OneDrive\projects\Greeny-Life\.venv\Lib\site-packages\transformers\generation\utils.py","utils.py",".py","225143","7/25/2026 1:34:59 PM","C:\Users\Ghanam\OneDrive\projects\Greeny-Life\.venv\Lib\site-packages\transformers\generation"
"C:\Users\Ghanam\OneDrive\projects\Greeny-Life\.venv\Lib\site-packages\transformers\generation\watermarking.py","watermarking.py",".py","24558","7/25/2026 1:34:59 PM","C:\Users\Ghanam\OneDrive\projects\Greeny-Life\.venv\Lib\site-packages\transformers\generation"
"C:\Users\Ghanam\OneDrive\projects\Greeny-Life\.venv\Lib\site-packages\transformers\generation\__init__.py","__init__.py",".py","7336","7/25/2026 1:34:59 PM","C:\Users\Ghanam\OneDrive\projects\Greeny-Life\.venv\Lib\site-packages\transformers\generation"
"C:\Users\Ghanam\OneDrive\projects\Greeny-Life\.venv\Lib\site-packages\transformers\generation\continuous_batching\cache.py","cache.py",".py","46519","7/25/2026 1:34:59 PM","C:\Users\Ghanam\OneDrive\projects\Greeny-Life\.venv\Lib\site-packages\transformers\generation\continuous_batching"
"C:\Users\Ghanam\OneDrive\projects\Greeny-Life\.venv\Lib\site-packages\transformers\generation\continuous_batching\cb_logits_processors.py","cb_logits_processors.py",".py","17211","7/25/2026 1:34:59 PM","C:\Users\Ghanam\OneDrive\projects\Greeny-Life\.venv\Lib\site-packages\transformers\generation\continuous_batching"
"C:\Users\Ghanam\OneDrive\projects\Greeny-Life\.venv\Lib\site-packages\transformers\generation\continuous_batching\continuous_api.py","continuous_api.py",".py","62896","7/25/2026 1:34:59 PM","C:\Users\Ghanam\OneDrive\projects\Greeny-Life\.venv\Lib\site-packages\transformers\generation\continuous_batching"
"C:\Users\Ghanam\OneDrive\projects\Greeny-Life\.venv\Lib\site-packages\transformers\generation\continuous_batching\initialization.py","initialization.py",".py","15802","7/25/2026 1:34:59 PM","C:\Users\Ghanam\OneDrive\projects\Greeny-Life\.venv\Lib\site-packages\transformers\generation\continuous_batching"
"C:\Users\Ghanam\OneDrive\projects\Greeny-Life\.venv\Lib\site-packages\transformers\generation\continuous_batching\input_outputs.py","input_outputs.py",".py","46016","7/25/2026 1:34:59 PM","C:\Users\Ghanam\OneDrive\projects\Greeny-Life\.venv\Lib\site-packages\transformers\generation\continuous_batching"
"C:\Users\Ghanam\OneDrive\projects\Greeny-Life\.venv\Lib\site-packages\transformers\generation\continuous_batching\model_runner.py","model_runner.py",".py","16217","7/25/2026 1:34:59 PM","C:\Users\Ghanam\OneDrive\projects\Greeny-Life\.venv\Lib\site-packages\transformers\generation\continuous_batching"
"C:\Users\Ghanam\OneDrive\projects\Greeny-Life\.venv\Lib\site-packages\transformers\generation\continuous_batching\requests.py","requests.py",".py","17437","7/25/2026 1:34:59 PM","C:\Users\Ghanam\OneDrive\projects\Greeny-Life\.venv\Lib\site-packages\transformers\generation\continuous_batching"
"C:\Users\Ghanam\OneDrive\projects\Greeny-Life\.venv\Lib\site-packages\transformers\generation\continuous_batching\scheduler.py","scheduler.py",".py","23600","7/25/2026 1:34:59 PM","C:\Users\Ghanam\OneDrive\projects\Greeny-Life\.venv\Lib\site-packages\transformers\generation\continuous_batching"
"C:\Users\Ghanam\OneDrive\projects\Greeny-Life\.venv\Lib\site-packages\transformers\integrations\deepspeed.py","deepspeed.py",".py","33724","7/25/2026 1:34:59 PM","C:\Users\Ghanam\OneDrive\projects\Greeny-Life\.venv\Lib\site-packages\transformers\integrations"
"C:\Users\Ghanam\OneDrive\projects\Greeny-Life\.venv\Lib\site-packages\transformers\integrations\ggml.py","ggml.py",".py","33536","7/25/2026 1:34:59 PM","C:\Users\Ghanam\OneDrive\projects\Greeny-Life\.venv\Lib\site-packages\transformers\integrations"
"C:\Users\Ghanam\OneDrive\projects\Greeny-Life\.venv\Lib\site-packages\transformers\integrations\higgs.py","higgs.py",".py","30612","7/25/2026 1:34:59 PM","C:\Users\Ghanam\OneDrive\projects\Greeny-Life\.venv\Lib\site-packages\transformers\integrations"
"C:\Users\Ghanam\OneDrive\projects\Greeny-Life\.venv\Lib\site-packages\transformers\integrations\hub_kernels.py","hub_kernels.py",".py","35972","7/25/2026 1:34:59 PM","C:\Users\Ghanam\OneDrive\projects\Greeny-Life\.venv\Lib\site-packages\transformers\integrations"
"C:\Users\Ghanam\OneDrive\projects\Greeny-Life\.venv\Lib\site-packages\transformers\integrations\integration_utils.py","integration_utils.py",".py","117816","7/25/2026 1:34:59 PM","C:\Users\Ghanam\OneDrive\projects\Greeny-Life\.venv\Lib\site-packages\transformers\integrations"
"C:\Users\Ghanam\OneDrive\projects\Greeny-Life\.venv\Lib\site-packages\transformers\integrations\mistral.py","mistral.py",".py","4716","7/25/2026 1:34:59 PM","C:\Users\Ghanam\OneDrive\projects\Greeny-Life\.venv\Lib\site-packages\transformers\integrations"
"C:\Users\Ghanam\OneDrive\projects\Greeny-Life\.venv\Lib\site-packages\transformers\integrations\msa_attention.py","msa_attention.py",".py","11257","7/25/2026 1:34:59 PM","C:\Users\Ghanam\OneDrive\projects\Greeny-Life\.venv\Lib\site-packages\transformers\integrations"
"C:\Users\Ghanam\OneDrive\projects\Greeny-Life\.venv\Lib\site-packages\transformers\integrations\peft.py","peft.py",".py","34519","7/25/2026 1:34:59 PM","C:\Users\Ghanam\OneDrive\projects\Greeny-Life\.venv\Lib\site-packages\transformers\integrations"
"C:\Users\Ghanam\OneDrive\projects\Greeny-Life\.venv\Lib\site-packages\transformers\integrations\tpu.py","tpu.py",".py","9736","7/25/2026 1:34:59 PM","C:\Users\Ghanam\OneDrive\projects\Greeny-Life\.venv\Lib\site-packages\transformers\integrations"
"C:\Users\Ghanam\OneDrive\projects\Greeny-Life\.venv\Lib\site-packages\transformers\loss\loss_deimv2.py","loss_deimv2.py",".py","12204","7/25/2026 1:34:59 PM","C:\Users\Ghanam\OneDrive\projects\Greeny-Life\.venv\Lib\site-packages\transformers\loss"
"C:\Users\Ghanam\OneDrive\projects\Greeny-Life\.venv\Lib\site-packages\transformers\models\aimv2\modeling_aimv2.py","modeling_aimv2.py",".py","30261","7/25/2026 1:34:59 PM","C:\Users\Ghanam\OneDrive\projects\Greeny-Life\.venv\Lib\site-packages\transformers\models\aimv2"
"C:\Users\Ghanam\OneDrive\projects\Greeny-Life\.venv\Lib\site-packages\transformers\models\aimv2\modular_aimv2.py","modular_aimv2.py",".py","19989","7/25/2026 1:34:59 PM","C:\Users\Ghanam\OneDrive\projects\Greeny-Life\.venv\Lib\site-packages\transformers\models\aimv2"
"C:\Users\Ghanam\OneDrive\projects\Greeny-Life\.venv\Lib\site-packages\transformers\models\albert\tokenization_albert.py","tokenization_albert.py",".py","7817","7/25/2026 1:34:59 PM","C:\Users\Ghanam\OneDrive\projects\Greeny-Life\.venv\Lib\site-packages\transformers\models\albert"
"C:\Users\Ghanam\OneDrive\projects\Greeny-Life\.venv\Lib\site-packages\transformers\models\align\modeling_align.py","modeling_align.py",".py","43808","7/25/2026 1:34:59 PM","C:\Users\Ghanam\OneDrive\projects\Greeny-Life\.venv\Lib\site-packages\transformers\models\align"
"C:\Users\Ghanam\OneDrive\projects\Greeny-Life\.venv\Lib\site-packages\transformers\models\align\processing_align.py","processing_align.py",".py","1237","7/25/2026 1:34:59 PM","C:\Users\Ghanam\OneDrive\projects\Greeny-Life\.venv\Lib\site-packages\transformers\models\align"
"C:\Users\Ghanam\OneDrive\projects\Greeny-Life\.venv\Lib\site-packages\transformers\models\altclip\modeling_altclip.py","modeling_altclip.py",".py","43806","7/25/2026 1:34:59 PM","C:\Users\Ghanam\OneDrive\projects\Greeny-Life\.venv\Lib\site-packages\transformers\models\altclip"
"C:\Users\Ghanam\OneDrive\projects\Greeny-Life\.venv\Lib\site-packages\transformers\models\altclip\modular_altclip.py","modular_altclip.py",".py","20036","7/25/2026 1:34:59 PM","C:\Users\Ghanam\OneDrive\projects\Greeny-Life\.venv\Lib\site-packages\transformers\models\altclip"
"C:\Users\Ghanam\OneDrive\projects\Greeny-Life\.venv\Lib\site-packages\transformers\models\altclip\processing_altclip.py","processing_altclip.py",".py","1000","7/25/2026 1:34:59 PM","C:\Users\Ghanam\OneDrive\projects\Greeny-Life\.venv\Lib\site-packages\transformers\models\altclip"
"C:\Users\Ghanam\OneDrive\projects\Greeny-Life\.venv\Lib\site-packages\transformers\models\aria\image_processing_aria.py","image_processing_aria.py",".py","10466","7/25/2026 1:34:59 PM","C:\Users\Ghanam\OneDrive\projects\Greeny-Life\.venv\Lib\site-packages\transformers\models\aria"
"C:\Users\Ghanam\OneDrive\projects\Greeny-Life\.venv\Lib\site-packages\transformers\models\aria\image_processing_pil_aria.py","image_processing_pil_aria.py",".py","9768","7/25/2026 1:34:59 PM","C:\Users\Ghanam\OneDrive\projects\Greeny-Life\.venv\Lib\site-packages\transformers\models\aria"
"C:\Users\Ghanam\OneDrive\projects\Greeny-Life\.venv\Lib\site-packages\transformers\models\aria\modeling_aria.py","modeling_aria.py",".py","49651","7/25/2026 1:34:59 PM","C:\Users\Ghanam\OneDrive\projects\Greeny-Life\.venv\Lib\site-packages\transformers\models\aria"
"C:\Users\Ghanam\OneDrive\projects\Greeny-Life\.venv\Lib\site-packages\transformers\models\aria\modular_aria.py","modular_aria.py",".py","43236","7/25/2026 1:34:59 PM","C:\Users\Ghanam\OneDrive\projects\Greeny-Life\.venv\Lib\site-packages\transformers\models\aria"
"C:\Users\Ghanam\OneDrive\projects\Greeny-Life\.venv\Lib\site-packages\transformers\models\aria\processing_aria.py","processing_aria.py",".py","5800","7/25/2026 1:34:59 PM","C:\Users\Ghanam\OneDrive\projects\Greeny-Life\.venv\Lib\site-packages\transformers\models\aria"
"C:\Users\Ghanam\OneDrive\projects\Greeny-Life\.venv\Lib\site-packages\transformers\models\audioflamingo3\modeling_audioflamingo3.py","modeling_audioflamingo3.py",".py","28147","7/25/2026 1:34:59 PM","C:\Users\Ghanam\OneDrive\projects\Greeny-Life\.venv\Lib\site-packages\transformers\models\audioflamingo3"
"C:\Users\Ghanam\OneDrive\projects\Greeny-Life\.venv\Lib\site-packages\transformers\models\audioflamingo3\modular_audioflamingo3.py","modular_audioflamingo3.py",".py","14289","7/25/2026 1:34:59 PM","C:\Users\Ghanam\OneDrive\projects\Greeny-Life\.venv\Lib\site-packages\transformers\models\audioflamingo3"
"C:\Users\Ghanam\OneDrive\projects\Greeny-Life\.venv\Lib\site-packages\transformers\models\audioflamingo3\processing_audioflamingo3.py","processing_audioflamingo3.py",".py","12191","7/25/2026 1:34:59 PM","C:\Users\Ghanam\OneDrive\projects\Greeny-Life\.venv\Lib\site-packages\transformers\models\audioflamingo3"
"C:\Users\Ghanam\OneDrive\projects\Greeny-Life\.venv\Lib\site-packages\transformers\models\auto\auto_factory.py","auto_factory.py",".py","34753","7/25/2026 1:34:59 PM","C:\Users\Ghanam\OneDrive\projects\Greeny-Life\.venv\Lib\site-packages\transformers\models\auto"
"C:\Users\Ghanam\OneDrive\projects\Greeny-Life\.venv\Lib\site-packages\transformers\models\auto\auto_mappings.py","auto_mappings.py",".py","62822","7/25/2026 1:34:59 PM","C:\Users\Ghanam\OneDrive\projects\Greeny-Life\.venv\Lib\site-packages\transformers\models\auto"
"C:\Users\Ghanam\OneDrive\projects\Greeny-Life\.venv\Lib\site-packages\transformers\models\auto\feature_extraction_auto.py","feature_extraction_auto.py",".py","18674","7/25/2026 1:34:59 PM","C:\Users\Ghanam\OneDrive\projects\Greeny-Life\.venv\Lib\site-packages\transformers\models\auto"
"C:\Users\Ghanam\OneDrive\projects\Greeny-Life\.venv\Lib\site-packages\transformers\models\auto\image_processing_auto.py","image_processing_auto.py",".py","40615","7/25/2026 1:34:59 PM","C:\Users\Ghanam\OneDrive\projects\Greeny-Life\.venv\Lib\site-packages\transformers\models\auto"
"C:\Users\Ghanam\OneDrive\projects\Greeny-Life\.venv\Lib\site-packages\transformers\models\auto\processing_auto.py","processing_auto.py",".py","18014","7/25/2026 1:34:59 PM","C:\Users\Ghanam\OneDrive\projects\Greeny-Life\.venv\Lib\site-packages\transformers\models\auto"
"C:\Users\Ghanam\OneDrive\projects\Greeny-Life\.venv\Lib\site-packages\transformers\models\auto\video_processing_auto.py","video_processing_auto.py",".py","20452","7/25/2026 1:34:59 PM","C:\Users\Ghanam\OneDrive\projects\Greeny-Life\.venv\Lib\site-packages\transformers\models\auto"
"C:\Users\Ghanam\OneDrive\projects\Greeny-Life\.venv\Lib\site-packages\transformers\models\aya_vision\modeling_aya_vision.py","modeling_aya_vision.py",".py","19488","7/25/2026 1:34:59 PM","C:\Users\Ghanam\OneDrive\projects\Greeny-Life\.venv\Lib\site-packages\transformers\models\aya_vision"
"C:\Users\Ghanam\OneDrive\projects\Greeny-Life\.venv\Lib\site-packages\transformers\models\aya_vision\modular_aya_vision.py","modular_aya_vision.py",".py","11113","7/25/2026 1:34:59 PM","C:\Users\Ghanam\OneDrive\projects\Greeny-Life\.venv\Lib\site-packages\transformers\models\aya_vision"
"C:\Users\Ghanam\OneDrive\projects\Greeny-Life\.venv\Lib\site-packages\transformers\models\aya_vision\processing_aya_vision.py","processing_aya_vision.py",".py","7329","7/25/2026 1:34:59 PM","C:\Users\Ghanam\OneDrive\projects\Greeny-Life\.venv\Lib\site-packages\transformers\models\aya_vision"
"C:\Users\Ghanam\OneDrive\projects\Greeny-Life\.venv\Lib\site-packages\transformers\models\bark\generation_configuration_bark.py","generation_configuration_bark.py",".py","14890","7/25/2026 1:34:59 PM","C:\Users\Ghanam\OneDrive\projects\Greeny-Life\.venv\Lib\site-packages\transformers\models\bark"
"C:\Users\Ghanam\OneDrive\projects\Greeny-Life\.venv\Lib\site-packages\transformers\models\bark\modeling_bark.py","modeling_bark.py",".py","66429","7/25/2026 1:34:59 PM","C:\Users\Ghanam\OneDrive\projects\Greeny-Life\.venv\Lib\site-packages\transformers\models\bark"
"C:\Users\Ghanam\OneDrive\projects\Greeny-Life\.venv\Lib\site-packages\transformers\models\bark\processing_bark.py","processing_bark.py",".py","15537","7/25/2026 1:34:59 PM","C:\Users\Ghanam\OneDrive\projects\Greeny-Life\.venv\Lib\site-packages\transformers\models\bark"
"C:\Users\Ghanam\OneDrive\projects\Greeny-Life\.venv\Lib\site-packages\transformers\models\bartpho\tokenization_bartpho.py","tokenization_bartpho.py",".py","14255","7/25/2026 1:34:59 PM","C:\Users\Ghanam\OneDrive\projects\Greeny-Life\.venv\Lib\site-packages\transformers\models\bartpho"
"C:\Users\Ghanam\OneDrive\projects\Greeny-Life\.venv\Lib\site-packages\transformers\models\beit\image_processing_beit.py","image_processing_beit.py",".py","10662","7/25/2026 1:34:59 PM","C:\Users\Ghanam\OneDrive\projects\Greeny-Life\.venv\Lib\site-packages\transformers\models\beit"
"C:\Users\Ghanam\OneDrive\projects\Greeny-Life\.venv\Lib\site-packages\transformers\models\beit\image_processing_pil_beit.py","image_processing_pil_beit.py",".py","9370","7/25/2026 1:34:59 PM","C:\Users\Ghanam\OneDrive\projects\Greeny-Life\.venv\Lib\site-packages\transformers\models\beit"
"C:\Users\Ghanam\OneDrive\projects\Greeny-Life\.venv\Lib\site-packages\transformers\models\beit\modeling_beit.py","modeling_beit.py",".py","47691","7/25/2026 1:34:59 PM","C:\Users\Ghanam\OneDrive\projects\Greeny-Life\.venv\Lib\site-packages\transformers\models\beit"
"C:\Users\Ghanam\OneDrive\projects\Greeny-Life\.venv\Lib\site-packages\transformers\models\beit\modular_beit.py","modular_beit.py",".py","38600","7/25/2026 1:34:59 PM","C:\Users\Ghanam\OneDrive\projects\Greeny-Life\.venv\Lib\site-packages\transformers\models\beit"
"C:\Users\Ghanam\OneDrive\projects\Greeny-Life\.venv\Lib\site-packages\transformers\models\bert\tokenization_bert.py","tokenization_bert.py",".py","6075","7/25/2026 1:34:59 PM","C:\Users\Ghanam\OneDrive\projects\Greeny-Life\.venv\Lib\site-packages\transformers\models\bert"
"C:\Users\Ghanam\OneDrive\projects\Greeny-Life\.venv\Lib\site-packages\transformers\models\bertweet\tokenization_bertweet.py","tokenization_bertweet.py",".py","24387","7/25/2026 1:34:59 PM","C:\Users\Ghanam\OneDrive\projects\Greeny-Life\.venv\Lib\site-packages\transformers\models\bertweet"
"C:\Users\Ghanam\OneDrive\projects\Greeny-Life\.venv\Lib\site-packages\transformers\models\bert_generation\tokenization_bert_generation.py","tokenization_bert_generation.py",".py","4342","7/25/2026 1:34:59 PM","C:\Users\Ghanam\OneDrive\projects\Greeny-Life\.venv\Lib\site-packages\transformers\models\bert_generation"
"C:\Users\Ghanam\OneDrive\projects\Greeny-Life\.venv\Lib\site-packages\transformers\models\bert_japanese\tokenization_bert_japanese.py","tokenization_bert_japanese.py",".py","35322","7/25/2026 1:34:59 PM","C:\Users\Ghanam\OneDrive\projects\Greeny-Life\.venv\Lib\site-packages\transformers\models\bert_japanese"
"C:\Users\Ghanam\OneDrive\projects\Greeny-Life\.venv\Lib\site-packages\transformers\models\big_bird\tokenization_big_bird.py","tokenization_big_bird.py",".py","7521","7/25/2026 1:34:59 PM","C:\Users\Ghanam\OneDrive\projects\Greeny-Life\.venv\Lib\site-packages\transformers\models\big_bird"
"C:\Users\Ghanam\OneDrive\projects\Greeny-Life\.venv\Lib\site-packages\transformers\models\bit\image_processing_bit.py","image_processing_bit.py",".py","1260","7/25/2026 1:34:59 PM","C:\Users\Ghanam\OneDrive\projects\Greeny-Life\.venv\Lib\site-packages\transformers\models\bit"
"C:\Users\Ghanam\OneDrive\projects\Greeny-Life\.venv\Lib\site-packages\transformers\models\bit\image_processing_pil_bit.py","image_processing_pil_bit.py",".py","1250","7/25/2026 1:34:59 PM","C:\Users\Ghanam\OneDrive\projects\Greeny-Life\.venv\Lib\site-packages\transformers\models\bit"
"C:\Users\Ghanam\OneDrive\projects\Greeny-Life\.venv\Lib\site-packages\transformers\models\bit\modeling_bit.py","modeling_bit.py",".py","27895","7/25/2026 1:34:59 PM","C:\Users\Ghanam\OneDrive\projects\Greeny-Life\.venv\Lib\site-packages\transformers\models\bit"
"C:\Users\Ghanam\OneDrive\projects\Greeny-Life\.venv\Lib\site-packages\transformers\models\blip\image_processing_blip.py","image_processing_blip.py",".py","1197","7/25/2026 1:34:59 PM","C:\Users\Ghanam\OneDrive\projects\Greeny-Life\.venv\Lib\site-packages\transformers\models\blip"
"C:\Users\Ghanam\OneDrive\projects\Greeny-Life\.venv\Lib\site-packages\transformers\models\blip\image_processing_pil_blip.py","image_processing_pil_blip.py",".py","1187","7/25/2026 1:34:59 PM","C:\Users\Ghanam\OneDrive\projects\Greeny-Life\.venv\Lib\site-packages\transformers\models\blip"
"C:\Users\Ghanam\OneDrive\projects\Greeny-Life\.venv\Lib\site-packages\transformers\models\blip\modeling_blip.py","modeling_blip.py",".py","50698","7/25/2026 1:34:59 PM","C:\Users\Ghanam\OneDrive\projects\Greeny-Life\.venv\Lib\site-packages\transformers\models\blip"
"C:\Users\Ghanam\OneDrive\projects\Greeny-Life\.venv\Lib\site-packages\transformers\models\blip\processing_blip.py","processing_blip.py",".py","1586","7/25/2026 1:34:59 PM","C:\Users\Ghanam\OneDrive\projects\Greeny-Life\.venv\Lib\site-packages\transformers\models\blip"
"C:\Users\Ghanam\OneDrive\projects\Greeny-Life\.venv\Lib\site-packages\transformers\models\blip_2\modeling_blip_2.py","modeling_blip_2.py",".py","83140","7/25/2026 1:34:59 PM","C:\Users\Ghanam\OneDrive\projects\Greeny-Life\.venv\Lib\site-packages\transformers\models\blip_2"
"C:\Users\Ghanam\OneDrive\projects\Greeny-Life\.venv\Lib\site-packages\transformers\models\blip_2\processing_blip_2.py","processing_blip_2.py",".py","4813","7/25/2026 1:34:59 PM","C:\Users\Ghanam\OneDrive\projects\Greeny-Life\.venv\Lib\site-packages\transformers\models\blip_2"
"C:\Users\Ghanam\OneDrive\projects\Greeny-Life\.venv\Lib\site-packages\transformers\models\bridgetower\image_processing_bridgetower.py","image_processing_bridgetower.py",".py","6823","7/25/2026 1:34:59 PM","C:\Users\Ghanam\OneDrive\projects\Greeny-Life\.venv\Lib\site-packages\transformers\models\bridgetower"
"C:\Users\Ghanam\OneDrive\projects\Greeny-Life\.venv\Lib\site-packages\transformers\models\bridgetower\image_processing_pil_bridgetower.py","image_processing_pil_bridgetower.py",".py","5711","7/25/2026 1:34:59 PM","C:\Users\Ghanam\OneDrive\projects\Greeny-Life\.venv\Lib\site-packages\transformers\models\bridgetower"
"C:\Users\Ghanam\OneDrive\projects\Greeny-Life\.venv\Lib\site-packages\transformers\models\bridgetower\modeling_bridgetower.py","modeling_bridgetower.py",".py","76103","7/25/2026 1:34:59 PM","C:\Users\Ghanam\OneDrive\projects\Greeny-Life\.venv\Lib\site-packages\transformers\models\bridgetower"
"C:\Users\Ghanam\OneDrive\projects\Greeny-Life\.venv\Lib\site-packages\transformers\models\bridgetower\processing_bridgetower.py","processing_bridgetower.py",".py","1617","7/25/2026 1:34:59 PM","C:\Users\Ghanam\OneDrive\projects\Greeny-Life\.venv\Lib\site-packages\transformers\models\bridgetower"
"C:\Users\Ghanam\OneDrive\projects\Greeny-Life\.venv\Lib\site-packages\transformers\models\bros\modeling_bros.py","modeling_bros.py",".py","39951","7/25/2026 1:34:59 PM","C:\Users\Ghanam\OneDrive\projects\Greeny-Life\.venv\Lib\site-packages\transformers\models\bros"
"C:\Users\Ghanam\OneDrive\projects\Greeny-Life\.venv\Lib\site-packages\transformers\models\bros\processing_bros.py","processing_bros.py",".py","1467","7/25/2026 1:34:59 PM","C:\Users\Ghanam\OneDrive\projects\Greeny-Life\.venv\Lib\site-packages\transformers\models\bros"
"C:\Users\Ghanam\OneDrive\projects\Greeny-Life\.venv\Lib\site-packages\transformers\models\byt5\tokenization_byt5.py","tokenization_byt5.py",".py","9995","7/25/2026 1:34:59 PM","C:\Users\Ghanam\OneDrive\projects\Greeny-Life\.venv\Lib\site-packages\transformers\models\byt5"
"C:\Users\Ghanam\OneDrive\projects\Greeny-Life\.venv\Lib\site-packages\transformers\models\camembert\tokenization_camembert.py","tokenization_camembert.py",".py","7424","7/25/2026 1:34:59 PM","C:\Users\Ghanam\OneDrive\projects\Greeny-Life\.venv\Lib\site-packages\transformers\models\camembert"
"C:\Users\Ghanam\OneDrive\projects\Greeny-Life\.venv\Lib\site-packages\transformers\models\chameleon\image_processing_chameleon.py","image_processing_chameleon.py",".py","2491","7/25/2026 1:34:59 PM","C:\Users\Ghanam\OneDrive\projects\Greeny-Life\.venv\Lib\site-packages\transformers\models\chameleon"
"C:\Users\Ghanam\OneDrive\projects\Greeny-Life\.venv\Lib\site-packages\transformers\models\chameleon\image_processing_pil_chameleon.py","image_processing_pil_chameleon.py",".py","2424","7/25/2026 1:34:59 PM","C:\Users\Ghanam\OneDrive\projects\Greeny-Life\.venv\Lib\site-packages\transformers\models\chameleon"
"C:\Users\Ghanam\OneDrive\projects\Greeny-Life\.venv\Lib\site-packages\transformers\models\chameleon\modeling_chameleon.py","modeling_chameleon.py",".py","49118","7/25/2026 1:34:59 PM","C:\Users\Ghanam\OneDrive\projects\Greeny-Life\.venv\Lib\site-packages\transformers\models\chameleon"
"C:\Users\Ghanam\OneDrive\projects\Greeny-Life\.venv\Lib\site-packages\transformers\models\chameleon\processing_chameleon.py","processing_chameleon.py",".py","5667","7/25/2026 1:34:59 PM","C:\Users\Ghanam\OneDrive\projects\Greeny-Life\.venv\Lib\site-packages\transformers\models\chameleon"
"C:\Users\Ghanam\OneDrive\projects\Greeny-Life\.venv\Lib\site-packages\transformers\models\chinese_clip\image_processing_chinese_clip.py","image_processing_chinese_clip.py",".py","1285","7/25/2026 1:34:59 PM","C:\Users\Ghanam\OneDrive\projects\Greeny-Life\.venv\Lib\site-packages\transformers\models\chinese_clip"
"C:\Users\Ghanam\OneDrive\projects\Greeny-Life\.venv\Lib\site-packages\transformers\models\chinese_clip\image_processing_pil_chinese_clip.py","image_processing_pil_chinese_clip.py",".py","1275","7/25/2026 1:34:59 PM","C:\Users\Ghanam\OneDrive\projects\Greeny-Life\.venv\Lib\site-packages\transformers\models\chinese_clip"
"C:\Users\Ghanam\OneDrive\projects\Greeny-Life\.venv\Lib\site-packages\transformers\models\chinese_clip\modeling_chinese_clip.py","modeling_chinese_clip.py",".py","40305","7/25/2026 1:34:59 PM","C:\Users\Ghanam\OneDrive\projects\Greeny-Life\.venv\Lib\site-packages\transformers\models\chinese_clip"
"C:\Users\Ghanam\OneDrive\projects\Greeny-Life\.venv\Lib\site-packages\transformers\models\chinese_clip\modular_chinese_clip.py","modular_chinese_clip.py",".py","19457","7/25/2026 1:34:59 PM","C:\Users\Ghanam\OneDrive\projects\Greeny-Life\.venv\Lib\site-packages\transformers\models\chinese_clip"
"C:\Users\Ghanam\OneDrive\projects\Greeny-Life\.venv\Lib\site-packages\transformers\models\chinese_clip\processing_chinese_clip.py","processing_chinese_clip.py",".py","995","7/25/2026 1:34:59 PM","C:\Users\Ghanam\OneDrive\projects\Greeny-Life\.venv\Lib\site-packages\transformers\models\chinese_clip"
"C:\Users\Ghanam\OneDrive\projects\Greeny-Life\.venv\Lib\site-packages\transformers\models\chmv2\image_processing_chmv2.py","image_processing_chmv2.py",".py","18663","7/25/2026 1:34:59 PM","C:\Users\Ghanam\OneDrive\projects\Greeny-Life\.venv\Lib\site-packages\transformers\models\chmv2"
"C:\Users\Ghanam\OneDrive\projects\Greeny-Life\.venv\Lib\site-packages\transformers\models\chmv2\modular_chmv2.py","modular_chmv2.py",".py","21501","7/25/2026 1:34:59 PM","C:\Users\Ghanam\OneDrive\projects\Greeny-Life\.venv\Lib\site-packages\transformers\models\chmv2"
"C:\Users\Ghanam\OneDrive\projects\Greeny-Life\.venv\Lib\site-packages\transformers\models\clap\modeling_clap.py","modeling_clap.py",".py","74152","7/25/2026 1:34:59 PM","C:\Users\Ghanam\OneDrive\projects\Greeny-Life\.venv\Lib\site-packages\transformers\models\clap"
"C:\Users\Ghanam\OneDrive\projects\Greeny-Life\.venv\Lib\site-packages\transformers\models\clap\processing_clap.py","processing_clap.py",".py","961","7/25/2026 1:34:59 PM","C:\Users\Ghanam\OneDrive\projects\Greeny-Life\.venv\Lib\site-packages\transformers\models\clap"
"C:\Users\Ghanam\OneDrive\projects\Greeny-Life\.venv\Lib\site-packages\transformers\models\clip\image_processing_clip.py","image_processing_clip.py",".py","1676","7/25/2026 1:34:59 PM","C:\Users\Ghanam\OneDrive\projects\Greeny-Life\.venv\Lib\site-packages\transformers\models\clip"
"C:\Users\Ghanam\OneDrive\projects\Greeny-Life\.venv\Lib\site-packages\transformers\models\clip\image_processing_pil_clip.py","image_processing_pil_clip.py",".py","1666","7/25/2026 1:34:59 PM","C:\Users\Ghanam\OneDrive\projects\Greeny-Life\.venv\Lib\site-packages\transformers\models\clip"
"C:\Users\Ghanam\OneDrive\projects\Greeny-Life\.venv\Lib\site-packages\transformers\models\clip\modeling_clip.py","modeling_clip.py",".py","39409","7/25/2026 1:34:59 PM","C:\Users\Ghanam\OneDrive\projects\Greeny-Life\.venv\Lib\site-packages\transformers\models\clip"
"C:\Users\Ghanam\OneDrive\projects\Greeny-Life\.venv\Lib\site-packages\transformers\models\clip\processing_clip.py","processing_clip.py",".py","928","7/25/2026 1:34:59 PM","C:\Users\Ghanam\OneDrive\projects\Greeny-Life\.venv\Lib\site-packages\transformers\models\clip"
"C:\Users\Ghanam\OneDrive\projects\Greeny-Life\.venv\Lib\site-packages\transformers\models\clip\tokenization_clip.py","tokenization_clip.py",".py","5202","7/25/2026 1:34:59 PM","C:\Users\Ghanam\OneDrive\projects\Greeny-Life\.venv\Lib\site-packages\transformers\models\clip"
"C:\Users\Ghanam\OneDrive\projects\Greeny-Life\.venv\Lib\site-packages\transformers\models\clipseg\modeling_clipseg.py","modeling_clipseg.py",".py","46053","7/25/2026 1:34:59 PM","C:\Users\Ghanam\OneDrive\projects\Greeny-Life\.venv\Lib\site-packages\transformers\models\clipseg"
"C:\Users\Ghanam\OneDrive\projects\Greeny-Life\.venv\Lib\site-packages\transformers\models\clipseg\modular_clipseg.py","modular_clipseg.py",".py","26571","7/25/2026 1:34:59 PM","C:\Users\Ghanam\OneDrive\projects\Greeny-Life\.venv\Lib\site-packages\transformers\models\clipseg"
"C:\Users\Ghanam\OneDrive\projects\Greeny-Life\.venv\Lib\site-packages\transformers\models\clipseg\processing_clipseg.py","processing_clipseg.py",".py","3932","7/25/2026 1:34:59 PM","C:\Users\Ghanam\OneDrive\projects\Greeny-Life\.venv\Lib\site-packages\transformers\models\clipseg"
"C:\Users\Ghanam\OneDrive\projects\Greeny-Life\.venv\Lib\site-packages\transformers\models\clvp\modeling_clvp.py","modeling_clvp.py",".py","73996","7/25/2026 1:34:59 PM","C:\Users\Ghanam\OneDrive\projects\Greeny-Life\.venv\Lib\site-packages\transformers\models\clvp"
"C:\Users\Ghanam\OneDrive\projects\Greeny-Life\.venv\Lib\site-packages\transformers\models\clvp\processing_clvp.py","processing_clvp.py",".py","1345","7/25/2026 1:34:59 PM","C:\Users\Ghanam\OneDrive\projects\Greeny-Life\.venv\Lib\site-packages\transformers\models\clvp"
"C:\Users\Ghanam\OneDrive\projects\Greeny-Life\.venv\Lib\site-packages\transformers\models\codegen\tokenization_codegen.py","tokenization_codegen.py",".py","8512","7/25/2026 1:34:59 PM","C:\Users\Ghanam\OneDrive\projects\Greeny-Life\.venv\Lib\site-packages\transformers\models\codegen"
"C:\Users\Ghanam\OneDrive\projects\Greeny-Life\.venv\Lib\site-packages\transformers\models\code_llama\tokenization_code_llama.py","tokenization_code_llama.py",".py","15116","7/25/2026 1:34:59 PM","C:\Users\Ghanam\OneDrive\projects\Greeny-Life\.venv\Lib\site-packages\transformers\models\code_llama"
"C:\Users\Ghanam\OneDrive\projects\Greeny-Life\.venv\Lib\site-packages\transformers\models\cohere\tokenization_cohere.py","tokenization_cohere.py",".py","19625","7/25/2026 1:34:59 PM","C:\Users\Ghanam\OneDrive\projects\Greeny-Life\.venv\Lib\site-packages\transformers\models\cohere"
"C:\Users\Ghanam\OneDrive\projects\Greeny-Life\.venv\Lib\site-packages\transformers\models\cohere2_vision\image_processing_cohere2_vision.py","image_processing_cohere2_vision.py",".py","13431","7/25/2026 1:34:59 PM","C:\Users\Ghanam\OneDrive\projects\Greeny-Life\.venv\Lib\site-packages\transformers\models\cohere2_vision"
"C:\Users\Ghanam\OneDrive\projects\Greeny-Life\.venv\Lib\site-packages\transformers\models\cohere2_vision\modeling_cohere2_vision.py","modeling_cohere2_vision.py",".py","16926","7/25/2026 1:34:59 PM","C:\Users\Ghanam\OneDrive\projects\Greeny-Life\.venv\Lib\site-packages\transformers\models\cohere2_vision"
"C:\Users\Ghanam\OneDrive\projects\Greeny-Life\.venv\Lib\site-packages\transformers\models\cohere2_vision\modular_cohere2_vision.py","modular_cohere2_vision.py",".py","13546","7/25/2026 1:34:59 PM","C:\Users\Ghanam\OneDrive\projects\Greeny-Life\.venv\Lib\site-packages\transformers\models\cohere2_vision"
"C:\Users\Ghanam\OneDrive\projects\Greeny-Life\.venv\Lib\site-packages\transformers\models\cohere2_vision\processing_cohere2_vision.py","processing_cohere2_vision.py",".py","7099","7/25/2026 1:34:59 PM","C:\Users\Ghanam\OneDrive\projects\Greeny-Life\.venv\Lib\site-packages\transformers\models\cohere2_vision"
"C:\Users\Ghanam\OneDrive\projects\Greeny-Life\.venv\Lib\site-packages\transformers\models\cohere_asr\modeling_cohere_asr.py","modeling_cohere_asr.py",".py","29376","7/25/2026 1:34:59 PM","C:\Users\Ghanam\OneDrive\projects\Greeny-Life\.venv\Lib\site-packages\transformers\models\cohere_asr"
"C:\Users\Ghanam\OneDrive\projects\Greeny-Life\.venv\Lib\site-packages\transformers\models\cohere_asr\modular_cohere_asr.py","modular_cohere_asr.py",".py","23332","7/25/2026 1:34:59 PM","C:\Users\Ghanam\OneDrive\projects\Greeny-Life\.venv\Lib\site-packages\transformers\models\cohere_asr"
"C:\Users\Ghanam\OneDrive\projects\Greeny-Life\.venv\Lib\site-packages\transformers\models\cohere_asr\processing_cohere_asr.py","processing_cohere_asr.py",".py","7666","7/25/2026 1:34:59 PM","C:\Users\Ghanam\OneDrive\projects\Greeny-Life\.venv\Lib\site-packages\transformers\models\cohere_asr"
"C:\Users\Ghanam\OneDrive\projects\Greeny-Life\.venv\Lib\site-packages\transformers\models\colmodernvbert\modular_colmodernvbert.py","modular_colmodernvbert.py",".py","17508","7/25/2026 1:34:59 PM","C:\Users\Ghanam\OneDrive\projects\Greeny-Life\.venv\Lib\site-packages\transformers\models\colmodernvbert"
"C:\Users\Ghanam\OneDrive\projects\Greeny-Life\.venv\Lib\site-packages\transformers\models\colmodernvbert\processing_colmodernvbert.py","processing_colmodernvbert.py",".py","24691","7/25/2026 1:34:59 PM","C:\Users\Ghanam\OneDrive\projects\Greeny-Life\.venv\Lib\site-packages\transformers\models\colmodernvbert"
"C:\Users\Ghanam\OneDrive\projects\Greeny-Life\.venv\Lib\site-packages\transformers\models\colpali\modular_colpali.py","modular_colpali.py",".py","12882","7/25/2026 1:34:59 PM","C:\Users\Ghanam\OneDrive\projects\Greeny-Life\.venv\Lib\site-packages\transformers\models\colpali"
"C:\Users\Ghanam\OneDrive\projects\Greeny-Life\.venv\Lib\site-packages\transformers\models\colpali\processing_colpali.py","processing_colpali.py",".py","16513","7/25/2026 1:34:59 PM","C:\Users\Ghanam\OneDrive\projects\Greeny-Life\.venv\Lib\site-packages\transformers\models\colpali"
"C:\Users\Ghanam\OneDrive\projects\Greeny-Life\.venv\Lib\site-packages\transformers\models\colqwen2\modeling_colqwen2.py","modeling_colqwen2.py",".py","8647","7/25/2026 1:34:59 PM","C:\Users\Ghanam\OneDrive\projects\Greeny-Life\.venv\Lib\site-packages\transformers\models\colqwen2"
"C:\Users\Ghanam\OneDrive\projects\Greeny-Life\.venv\Lib\site-packages\transformers\models\colqwen2\modular_colqwen2.py","modular_colqwen2.py",".py","15480","7/25/2026 1:34:59 PM","C:\Users\Ghanam\OneDrive\projects\Greeny-Life\.venv\Lib\site-packages\transformers\models\colqwen2"
"C:\Users\Ghanam\OneDrive\projects\Greeny-Life\.venv\Lib\site-packages\transformers\models\colqwen2\processing_colqwen2.py","processing_colqwen2.py",".py","16656","7/25/2026 1:34:59 PM","C:\Users\Ghanam\OneDrive\projects\Greeny-Life\.venv\Lib\site-packages\transformers\models\colqwen2"
"C:\Users\Ghanam\OneDrive\projects\Greeny-Life\.venv\Lib\site-packages\transformers\models\conditional_detr\image_processing_conditional_detr.py","image_processing_conditional_detr.py",".py","49549","7/25/2026 1:34:59 PM","C:\Users\Ghanam\OneDrive\projects\Greeny-Life\.venv\Lib\site-packages\transformers\models\conditional_detr"
"C:\Users\Ghanam\OneDrive\projects\Greeny-Life\.venv\Lib\site-packages\transformers\models\conditional_detr\image_processing_pil_conditional_detr.py","image_processing_pil_conditional_detr.py",".py","51302","7/25/2026 1:34:59 PM","C:\Users\Ghanam\OneDrive\projects\Greeny-Life\.venv\Lib\site-packages\transformers\models\conditional_detr"
"C:\Users\Ghanam\OneDrive\projects\Greeny-Life\.venv\Lib\site-packages\transformers\models\conditional_detr\modeling_conditional_detr.py","modeling_conditional_detr.py",".py","84989","7/25/2026 1:34:59 PM","C:\Users\Ghanam\OneDrive\projects\Greeny-Life\.venv\Lib\site-packages\transformers\models\conditional_detr"
"C:\Users\Ghanam\OneDrive\projects\Greeny-Life\.venv\Lib\site-packages\transformers\models\conditional_detr\modular_conditional_detr.py","modular_conditional_detr.py",".py","53682","7/25/2026 1:34:59 PM","C:\Users\Ghanam\OneDrive\projects\Greeny-Life\.venv\Lib\site-packages\transformers\models\conditional_detr"
"C:\Users\Ghanam\OneDrive\projects\Greeny-Life\.venv\Lib\site-packages\transformers\models\convnext\image_processing_convnext.py","image_processing_convnext.py",".py","5509","7/25/2026 1:34:59 PM","C:\Users\Ghanam\OneDrive\projects\Greeny-Life\.venv\Lib\site-packages\transformers\models\convnext"
"C:\Users\Ghanam\OneDrive\projects\Greeny-Life\.venv\Lib\site-packages\transformers\models\convnext\image_processing_pil_convnext.py","image_processing_pil_convnext.py",".py","4766","7/25/2026 1:34:59 PM","C:\Users\Ghanam\OneDrive\projects\Greeny-Life\.venv\Lib\site-packages\transformers\models\convnext"
"C:\Users\Ghanam\OneDrive\projects\Greeny-Life\.venv\Lib\site-packages\transformers\models\convnext\modeling_convnext.py","modeling_convnext.py",".py","15770","7/25/2026 1:34:59 PM","C:\Users\Ghanam\OneDrive\projects\Greeny-Life\.venv\Lib\site-packages\transformers\models\convnext"
"C:\Users\Ghanam\OneDrive\projects\Greeny-Life\.venv\Lib\site-packages\transformers\models\convnextv2\modeling_convnextv2.py","modeling_convnextv2.py",".py","17332","7/25/2026 1:34:59 PM","C:\Users\Ghanam\OneDrive\projects\Greeny-Life\.venv\Lib\site-packages\transformers\models\convnextv2"
"C:\Users\Ghanam\OneDrive\projects\Greeny-Life\.venv\Lib\site-packages\transformers\models\cosmos3_omni\modeling_cosmos3_omni.py","modeling_cosmos3_omni.py",".py","41753","7/25/2026 1:34:59 PM","C:\Users\Ghanam\OneDrive\projects\Greeny-Life\.venv\Lib\site-packages\transformers\models\cosmos3_omni"
"C:\Users\Ghanam\OneDrive\projects\Greeny-Life\.venv\Lib\site-packages\transformers\models\cpm\tokenization_cpm.py","tokenization_cpm.py",".py","13822","7/25/2026 1:34:59 PM","C:\Users\Ghanam\OneDrive\projects\Greeny-Life\.venv\Lib\site-packages\transformers\models\cpm"
"C:\Users\Ghanam\OneDrive\projects\Greeny-Life\.venv\Lib\site-packages\transformers\models\cpm\tokenization_cpm_fast.py","tokenization_cpm_fast.py",".py","9917","7/25/2026 1:34:59 PM","C:\Users\Ghanam\OneDrive\projects\Greeny-Life\.venv\Lib\site-packages\transformers\models\cpm"
"C:\Users\Ghanam\OneDrive\projects\Greeny-Life\.venv\Lib\site-packages\transformers\models\csm\generation_csm.py","generation_csm.py",".py","25491","7/25/2026 1:34:59 PM","C:\Users\Ghanam\OneDrive\projects\Greeny-Life\.venv\Lib\site-packages\transformers\models\csm"
"C:\Users\Ghanam\OneDrive\projects\Greeny-Life\.venv\Lib\site-packages\transformers\models\csm\modeling_csm.py","modeling_csm.py",".py","51053","7/25/2026 1:34:59 PM","C:\Users\Ghanam\OneDrive\projects\Greeny-Life\.venv\Lib\site-packages\transformers\models\csm"
"C:\Users\Ghanam\OneDrive\projects\Greeny-Life\.venv\Lib\site-packages\transformers\models\csm\modular_csm.py","modular_csm.py",".py","35112","7/25/2026 1:34:59 PM","C:\Users\Ghanam\OneDrive\projects\Greeny-Life\.venv\Lib\site-packages\transformers\models\csm"
"C:\Users\Ghanam\OneDrive\projects\Greeny-Life\.venv\Lib\site-packages\transformers\models\csm\processing_csm.py","processing_csm.py",".py","13710","7/25/2026 1:34:59 PM","C:\Users\Ghanam\OneDrive\projects\Greeny-Life\.venv\Lib\site-packages\transformers\models\csm"
"C:\Users\Ghanam\OneDrive\projects\Greeny-Life\.venv\Lib\site-packages\transformers\models\dab_detr\modeling_dab_detr.py","modeling_dab_detr.py",".py","72796","7/25/2026 1:34:59 PM","C:\Users\Ghanam\OneDrive\projects\Greeny-Life\.venv\Lib\site-packages\transformers\models\dab_detr"
"C:\Users\Ghanam\OneDrive\projects\Greeny-Life\.venv\Lib\site-packages\transformers\models\dac\modeling_dac.py","modeling_dac.py",".py","28975","7/25/2026 1:34:59 PM","C:\Users\Ghanam\OneDrive\projects\Greeny-Life\.venv\Lib\site-packages\transformers\models\dac"
"C:\Users\Ghanam\OneDrive\projects\Greeny-Life\.venv\Lib\site-packages\transformers\models\data2vec\modeling_data2vec_audio.py","modeling_data2vec_audio.py",".py","55296","7/25/2026 1:34:59 PM","C:\Users\Ghanam\OneDrive\projects\Greeny-Life\.venv\Lib\site-packages\transformers\models\data2vec"
"C:\Users\Ghanam\OneDrive\projects\Greeny-Life\.venv\Lib\site-packages\transformers\models\data2vec\modeling_data2vec_vision.py","modeling_data2vec_vision.py",".py","53180","7/25/2026 1:34:59 PM","C:\Users\Ghanam\OneDrive\projects\Greeny-Life\.venv\Lib\site-packages\transformers\models\data2vec"
"C:\Users\Ghanam\OneDrive\projects\Greeny-Life\.venv\Lib\site-packages\transformers\models\deberta\tokenization_deberta.py","tokenization_deberta.py",".py","7794","7/25/2026 1:34:59 PM","C:\Users\Ghanam\OneDrive\projects\Greeny-Life\.venv\Lib\site-packages\transformers\models\deberta"
"C:\Users\Ghanam\OneDrive\projects\Greeny-Life\.venv\Lib\site-packages\transformers\models\deberta_v2\tokenization_deberta_v2.py","tokenization_deberta_v2.py",".py","7221","7/25/2026 1:34:59 PM","C:\Users\Ghanam\OneDrive\projects\Greeny-Life\.venv\Lib\site-packages\transformers\models\deberta_v2"
"C:\Users\Ghanam\OneDrive\projects\Greeny-Life\.venv\Lib\site-packages\transformers\models\deepseek_ocr2\image_processing_deepseek_ocr2.py","image_processing_deepseek_ocr2.py",".py","15169","7/25/2026 1:34:59 PM","C:\Users\Ghanam\OneDrive\projects\Greeny-Life\.venv\Lib\site-packages\transformers\models\deepseek_ocr2"
"C:\Users\Ghanam\OneDrive\projects\Greeny-Life\.venv\Lib\site-packages\transformers\models\deepseek_ocr2\image_processing_pil_deepseek_ocr2.py","image_processing_pil_deepseek_ocr2.py",".py","14704","7/25/2026 1:34:59 PM","C:\Users\Ghanam\OneDrive\projects\Greeny-Life\.venv\Lib\site-packages\transformers\models\deepseek_ocr2"
"C:\Users\Ghanam\OneDrive\projects\Greeny-Life\.venv\Lib\site-packages\transformers\models\deepseek_ocr2\modular_deepseek_ocr2.py","modular_deepseek_ocr2.py",".py","46073","7/25/2026 1:34:59 PM","C:\Users\Ghanam\OneDrive\projects\Greeny-Life\.venv\Lib\site-packages\transformers\models\deepseek_ocr2"
"C:\Users\Ghanam\OneDrive\projects\Greeny-Life\.venv\Lib\site-packages\transformers\models\deepseek_ocr2\processing_deepseek_ocr2.py","processing_deepseek_ocr2.py",".py","6019","7/25/2026 1:34:59 PM","C:\Users\Ghanam\OneDrive\projects\Greeny-Life\.venv\Lib\site-packages\transformers\models\deepseek_ocr2"
"C:\Users\Ghanam\OneDrive\projects\Greeny-Life\.venv\Lib\site-packages\transformers\models\deepseek_vl\image_processing_deepseek_vl.py","image_processing_deepseek_vl.py",".py","8007","7/25/2026 1:34:59 PM","C:\Users\Ghanam\OneDrive\projects\Greeny-Life\.venv\Lib\site-packages\transformers\models\deepseek_vl"
"C:\Users\Ghanam\OneDrive\projects\Greeny-Life\.venv\Lib\site-packages\transformers\models\deepseek_vl\image_processing_pil_deepseek_vl.py","image_processing_pil_deepseek_vl.py",".py","6652","7/25/2026 1:34:59 PM","C:\Users\Ghanam\OneDrive\projects\Greeny-Life\.venv\Lib\site-packages\transformers\models\deepseek_vl"
"C:\Users\Ghanam\OneDrive\projects\Greeny-Life\.venv\Lib\site-packages\transformers\models\deepseek_vl\modular_deepseek_vl.py","modular_deepseek_vl.py",".py","9540","7/25/2026 1:34:59 PM","C:\Users\Ghanam\OneDrive\projects\Greeny-Life\.venv\Lib\site-packages\transformers\models\deepseek_vl"
"C:\Users\Ghanam\OneDrive\projects\Greeny-Life\.venv\Lib\site-packages\transformers\models\deepseek_vl\processing_deepseek_vl.py","processing_deepseek_vl.py",".py","5389","7/25/2026 1:34:59 PM","C:\Users\Ghanam\OneDrive\projects\Greeny-Life\.venv\Lib\site-packages\transformers\models\deepseek_vl"
"C:\Users\Ghanam\OneDrive\projects\Greeny-Life\.venv\Lib\site-packages\transformers\models\deepseek_vl_hybrid\image_processing_deepseek_vl_hybrid.py","image_processing_deepseek_vl_hybrid.py",".py","13921","7/25/2026 1:34:59 PM","C:\Users\Ghanam\OneDrive\projects\Greeny-Life\.venv\Lib\site-packages\transformers\models\deepseek_vl_hybrid"
"C:\Users\Ghanam\OneDrive\projects\Greeny-Life\.venv\Lib\site-packages\transformers\models\deepseek_vl_hybrid\image_processing_pil_deepseek_vl_hybrid.py","image_processing_pil_deepseek_vl_hybrid.py",".py","11686","7/25/2026 1:34:59 PM","C:\Users\Ghanam\OneDrive\projects\Greeny-Life\.venv\Lib\site-packages\transformers\models\deepseek_vl_hybrid"
"C:\Users\Ghanam\OneDrive\projects\Greeny-Life\.venv\Lib\site-packages\transformers\models\deepseek_vl_hybrid\modeling_deepseek_vl_hybrid.py","modeling_deepseek_vl_hybrid.py",".py","23746","7/25/2026 1:34:59 PM","C:\Users\Ghanam\OneDrive\projects\Greeny-Life\.venv\Lib\site-packages\transformers\models\deepseek_vl_hybrid"
"C:\Users\Ghanam\OneDrive\projects\Greeny-Life\.venv\Lib\site-packages\transformers\models\deepseek_vl_hybrid\modular_deepseek_vl_hybrid.py","modular_deepseek_vl_hybrid.py",".py","34683","7/25/2026 1:34:59 PM","C:\Users\Ghanam\OneDrive\projects\Greeny-Life\.venv\Lib\site-packages\transformers\models\deepseek_vl_hybrid"
"C:\Users\Ghanam\OneDrive\projects\Greeny-Life\.venv\Lib\site-packages\transformers\models\deepseek_vl_hybrid\processing_deepseek_vl_hybrid.py","processing_deepseek_vl_hybrid.py",".py","5547","7/25/2026 1:34:59 PM","C:\Users\Ghanam\OneDrive\projects\Greeny-Life\.venv\Lib\site-packages\transformers\models\deepseek_vl_hybrid"
"C:\Users\Ghanam\OneDrive\projects\Greeny-Life\.venv\Lib\site-packages\transformers\models\deformable_detr\image_processing_deformable_detr.py","image_processing_deformable_detr.py",".py","30707","7/25/2026 1:34:59 PM","C:\Users\Ghanam\OneDrive\projects\Greeny-Life\.venv\Lib\site-packages\transformers\models\deformable_detr"
"C:\Users\Ghanam\OneDrive\projects\Greeny-Life\.venv\Lib\site-packages\transformers\models\deformable_detr\image_processing_pil_deformable_detr.py","image_processing_pil_deformable_detr.py",".py","31400","7/25/2026 1:34:59 PM","C:\Users\Ghanam\OneDrive\projects\Greeny-Life\.venv\Lib\site-packages\transformers\models\deformable_detr"
"C:\Users\Ghanam\OneDrive\projects\Greeny-Life\.venv\Lib\site-packages\transformers\models\deformable_detr\modeling_deformable_detr.py","modeling_deformable_detr.py",".py","78844","7/25/2026 1:34:59 PM","C:\Users\Ghanam\OneDrive\projects\Greeny-Life\.venv\Lib\site-packages\transformers\models\deformable_detr"
"C:\Users\Ghanam\OneDrive\projects\Greeny-Life\.venv\Lib\site-packages\transformers\models\deformable_detr\modular_deformable_detr.py","modular_deformable_detr.py",".py","72334","7/25/2026 1:34:59 PM","C:\Users\Ghanam\OneDrive\projects\Greeny-Life\.venv\Lib\site-packages\transformers\models\deformable_detr"
"C:\Users\Ghanam\OneDrive\projects\Greeny-Life\.venv\Lib\site-packages\transformers\models\deimv2\modeling_deimv2.py","modeling_deimv2.py",".py","102507","7/25/2026 1:34:59 PM","C:\Users\Ghanam\OneDrive\projects\Greeny-Life\.venv\Lib\site-packages\transformers\models\deimv2"
"C:\Users\Ghanam\OneDrive\projects\Greeny-Life\.venv\Lib\site-packages\transformers\models\deimv2\modular_deimv2.py","modular_deimv2.py",".py","43182","7/25/2026 1:34:59 PM","C:\Users\Ghanam\OneDrive\projects\Greeny-Life\.venv\Lib\site-packages\transformers\models\deimv2"
"C:\Users\Ghanam\OneDrive\projects\Greeny-Life\.venv\Lib\site-packages\transformers\models\deit\image_processing_deit.py","image_processing_deit.py",".py","1238","7/25/2026 1:34:59 PM","C:\Users\Ghanam\OneDrive\projects\Greeny-Life\.venv\Lib\site-packages\transformers\models\deit"
"C:\Users\Ghanam\OneDrive\projects\Greeny-Life\.venv\Lib\site-packages\transformers\models\deit\image_processing_pil_deit.py","image_processing_pil_deit.py",".py","1228","7/25/2026 1:34:59 PM","C:\Users\Ghanam\OneDrive\projects\Greeny-Life\.venv\Lib\site-packages\transformers\models\deit"
"C:\Users\Ghanam\OneDrive\projects\Greeny-Life\.venv\Lib\site-packages\transformers\models\deit\modeling_deit.py","modeling_deit.py",".py","28260","7/25/2026 1:34:59 PM","C:\Users\Ghanam\OneDrive\projects\Greeny-Life\.venv\Lib\site-packages\transformers\models\deit"
"C:\Users\Ghanam\OneDrive\projects\Greeny-Life\.venv\Lib\site-packages\transformers\models\deit\modular_deit.py","modular_deit.py",".py","13344","7/25/2026 1:34:59 PM","C:\Users\Ghanam\OneDrive\projects\Greeny-Life\.venv\Lib\site-packages\transformers\models\deit"
"C:\Users\Ghanam\OneDrive\projects\Greeny-Life\.venv\Lib\site-packages\transformers\models\depth_anything\modeling_depth_anything.py","modeling_depth_anything.py",".py","16126","7/25/2026 1:34:59 PM","C:\Users\Ghanam\OneDrive\projects\Greeny-Life\.venv\Lib\site-packages\transformers\models\depth_anything"
"C:\Users\Ghanam\OneDrive\projects\Greeny-Life\.venv\Lib\site-packages\transformers\models\depth_pro\image_processing_depth_pro.py","image_processing_depth_pro.py",".py","5074","7/25/2026 1:34:59 PM","C:\Users\Ghanam\OneDrive\projects\Greeny-Life\.venv\Lib\site-packages\transformers\models\depth_pro"
"C:\Users\Ghanam\OneDrive\projects\Greeny-Life\.venv\Lib\site-packages\transformers\models\depth_pro\modeling_depth_pro.py","modeling_depth_pro.py",".py","42205","7/25/2026 1:34:59 PM","C:\Users\Ghanam\OneDrive\projects\Greeny-Life\.venv\Lib\site-packages\transformers\models\depth_pro"
"C:\Users\Ghanam\OneDrive\projects\Greeny-Life\.venv\Lib\site-packages\transformers\models\detr\image_processing_detr.py","image_processing_detr.py",".py","48111","7/25/2026 1:34:59 PM","C:\Users\Ghanam\OneDrive\projects\Greeny-Life\.venv\Lib\site-packages\transformers\models\detr"
"C:\Users\Ghanam\OneDrive\projects\Greeny-Life\.venv\Lib\site-packages\transformers\models\detr\image_processing_pil_detr.py","image_processing_pil_detr.py",".py","49932","7/25/2026 1:34:59 PM","C:\Users\Ghanam\OneDrive\projects\Greeny-Life\.venv\Lib\site-packages\transformers\models\detr"
"C:\Users\Ghanam\OneDrive\projects\Greeny-Life\.venv\Lib\site-packages\transformers\models\detr\modeling_detr.py","modeling_detr.py",".py","72132","7/25/2026 1:34:59 PM","C:\Users\Ghanam\OneDrive\projects\Greeny-Life\.venv\Lib\site-packages\transformers\models\detr"
"C:\Users\Ghanam\OneDrive\projects\Greeny-Life\.venv\Lib\site-packages\transformers\models\dia\generation_dia.py","generation_dia.py",".py","21520","7/25/2026 1:34:59 PM","C:\Users\Ghanam\OneDrive\projects\Greeny-Life\.venv\Lib\site-packages\transformers\models\dia"
"C:\Users\Ghanam\OneDrive\projects\Greeny-Life\.venv\Lib\site-packages\transformers\models\dia\modeling_dia.py","modeling_dia.py",".py","37711","7/25/2026 1:34:59 PM","C:\Users\Ghanam\OneDrive\projects\Greeny-Life\.venv\Lib\site-packages\transformers\models\dia"
"C:\Users\Ghanam\OneDrive\projects\Greeny-Life\.venv\Lib\site-packages\transformers\models\dia\modular_dia.py","modular_dia.py",".py","27672","7/25/2026 1:34:59 PM","C:\Users\Ghanam\OneDrive\projects\Greeny-Life\.venv\Lib\site-packages\transformers\models\dia"
"C:\Users\Ghanam\OneDrive\projects\Greeny-Life\.venv\Lib\site-packages\transformers\models\dia\processing_dia.py","processing_dia.py",".py","20779","7/25/2026 1:34:59 PM","C:\Users\Ghanam\OneDrive\projects\Greeny-Life\.venv\Lib\site-packages\transformers\models\dia"
"C:\Users\Ghanam\OneDrive\projects\Greeny-Life\.venv\Lib\site-packages\transformers\models\diffusion_gemma\generation_diffusion_gemma.py","generation_diffusion_gemma.py",".py","63545","7/25/2026 1:34:59 PM","C:\Users\Ghanam\OneDrive\projects\Greeny-Life\.venv\Lib\site-packages\transformers\models\diffusion_gemma"
"C:\Users\Ghanam\OneDrive\projects\Greeny-Life\.venv\Lib\site-packages\transformers\models\diffusion_gemma\modeling_diffusion_gemma.py","modeling_diffusion_gemma.py",".py","79361","7/25/2026 1:34:59 PM","C:\Users\Ghanam\OneDrive\projects\Greeny-Life\.venv\Lib\site-packages\transformers\models\diffusion_gemma"
"C:\Users\Ghanam\OneDrive\projects\Greeny-Life\.venv\Lib\site-packages\transformers\models\diffusion_gemma\modular_diffusion_gemma.py","modular_diffusion_gemma.py",".py","66846","7/25/2026 1:34:59 PM","C:\Users\Ghanam\OneDrive\projects\Greeny-Life\.venv\Lib\site-packages\transformers\models\diffusion_gemma"
"C:\Users\Ghanam\OneDrive\projects\Greeny-Life\.venv\Lib\site-packages\transformers\models\dinat\modeling_dinat.py","modeling_dinat.py",".py","30956","7/25/2026 1:34:59 PM","C:\Users\Ghanam\OneDrive\projects\Greeny-Life\.venv\Lib\site-packages\transformers\models\dinat"
"C:\Users\Ghanam\OneDrive\projects\Greeny-Life\.venv\Lib\site-packages\transformers\models\dinov2\modeling_dinov2.py","modeling_dinov2.py",".py","25000","7/25/2026 1:34:59 PM","C:\Users\Ghanam\OneDrive\projects\Greeny-Life\.venv\Lib\site-packages\transformers\models\dinov2"
"C:\Users\Ghanam\OneDrive\projects\Greeny-Life\.venv\Lib\site-packages\transformers\models\dinov2_with_registers\modeling_dinov2_with_registers.py","modeling_dinov2_with_registers.py",".py","27612","7/25/2026 1:34:59 PM","C:\Users\Ghanam\OneDrive\projects\Greeny-Life\.venv\Lib\site-packages\transformers\models\dinov2_with_registers"
"C:\Users\Ghanam\OneDrive\projects\Greeny-Life\.venv\Lib\site-packages\transformers\models\dinov2_with_registers\modular_dinov2_with_registers.py","modular_dinov2_with_registers.py",".py","14593","7/25/2026 1:34:59 PM","C:\Users\Ghanam\OneDrive\projects\Greeny-Life\.venv\Lib\site-packages\transformers\models\dinov2_with_registers"
"C:\Users\Ghanam\OneDrive\projects\Greeny-Life\.venv\Lib\site-packages\transformers\models\dinov3_vit\image_processing_dinov3_vit.py","image_processing_dinov3_vit.py",".py","3603","7/25/2026 1:34:59 PM","C:\Users\Ghanam\OneDrive\projects\Greeny-Life\.venv\Lib\site-packages\transformers\models\dinov3_vit"
"C:\Users\Ghanam\OneDrive\projects\Greeny-Life\.venv\Lib\site-packages\transformers\models\donut\image_processing_donut.py","image_processing_donut.py",".py","7658","7/25/2026 1:34:59 PM","C:\Users\Ghanam\OneDrive\projects\Greeny-Life\.venv\Lib\site-packages\transformers\models\donut"
"C:\Users\Ghanam\OneDrive\projects\Greeny-Life\.venv\Lib\site-packages\transformers\models\donut\image_processing_pil_donut.py","image_processing_pil_donut.py",".py","7411","7/25/2026 1:35:00 PM","C:\Users\Ghanam\OneDrive\projects\Greeny-Life\.venv\Lib\site-packages\transformers\models\donut"
"C:\Users\Ghanam\OneDrive\projects\Greeny-Life\.venv\Lib\site-packages\transformers\models\donut\processing_donut.py","processing_donut.py",".py","5287","7/25/2026 1:35:00 PM","C:\Users\Ghanam\OneDrive\projects\Greeny-Life\.venv\Lib\site-packages\transformers\models\donut"
"C:\Users\Ghanam\OneDrive\projects\Greeny-Life\.venv\Lib\site-packages\transformers\models\dpt\image_processing_dpt.py","image_processing_dpt.py",".py","18713","7/25/2026 1:35:00 PM","C:\Users\Ghanam\OneDrive\projects\Greeny-Life\.venv\Lib\site-packages\transformers\models\dpt"
"C:\Users\Ghanam\OneDrive\projects\Greeny-Life\.venv\Lib\site-packages\transformers\models\dpt\image_processing_pil_dpt.py","image_processing_pil_dpt.py",".py","14190","7/25/2026 1:35:00 PM","C:\Users\Ghanam\OneDrive\projects\Greeny-Life\.venv\Lib\site-packages\transformers\models\dpt"
"C:\Users\Ghanam\OneDrive\projects\Greeny-Life\.venv\Lib\site-packages\transformers\models\dpt\modeling_dpt.py","modeling_dpt.py",".py","48579","7/25/2026 1:35:00 PM","C:\Users\Ghanam\OneDrive\projects\Greeny-Life\.venv\Lib\site-packages\transformers\models\dpt"
"C:\Users\Ghanam\OneDrive\projects\Greeny-Life\.venv\Lib\site-packages\transformers\models\dpt\modular_dpt.py","modular_dpt.py",".py","11336","7/25/2026 1:35:00 PM","C:\Users\Ghanam\OneDrive\projects\Greeny-Life\.venv\Lib\site-packages\transformers\models\dpt"
"C:\Users\Ghanam\OneDrive\projects\Greeny-Life\.venv\Lib\site-packages\transformers\models\d_fine\modeling_d_fine.py","modeling_d_fine.py",".py","96678","7/25/2026 1:34:59 PM","C:\Users\Ghanam\OneDrive\projects\Greeny-Life\.venv\Lib\site-packages\transformers\models\d_fine"
"C:\Users\Ghanam\OneDrive\projects\Greeny-Life\.venv\Lib\site-packages\transformers\models\d_fine\modular_d_fine.py","modular_d_fine.py",".py","45965","7/25/2026 1:34:59 PM","C:\Users\Ghanam\OneDrive\projects\Greeny-Life\.venv\Lib\site-packages\transformers\models\d_fine"
"C:\Users\Ghanam\OneDrive\projects\Greeny-Life\.venv\Lib\site-packages\transformers\models\edgetam\modeling_edgetam.py","modeling_edgetam.py",".py","59191","7/25/2026 1:35:00 PM","C:\Users\Ghanam\OneDrive\projects\Greeny-Life\.venv\Lib\site-packages\transformers\models\edgetam"
"C:\Users\Ghanam\OneDrive\projects\Greeny-Life\.venv\Lib\site-packages\transformers\models\edgetam_video\modeling_edgetam_video.py","modeling_edgetam_video.py",".py","146944","7/25/2026 1:35:00 PM","C:\Users\Ghanam\OneDrive\projects\Greeny-Life\.venv\Lib\site-packages\transformers\models\edgetam_video"
"C:\Users\Ghanam\OneDrive\projects\Greeny-Life\.venv\Lib\site-packages\transformers\models\efficientloftr\image_processing_efficientloftr.py","image_processing_efficientloftr.py",".py","12694","7/25/2026 1:35:00 PM","C:\Users\Ghanam\OneDrive\projects\Greeny-Life\.venv\Lib\site-packages\transformers\models\efficientloftr"
"C:\Users\Ghanam\OneDrive\projects\Greeny-Life\.venv\Lib\site-packages\transformers\models\efficientloftr\image_processing_pil_efficientloftr.py","image_processing_pil_efficientloftr.py",".py","11656","7/25/2026 1:35:00 PM","C:\Users\Ghanam\OneDrive\projects\Greeny-Life\.venv\Lib\site-packages\transformers\models\efficientloftr"
"C:\Users\Ghanam\OneDrive\projects\Greeny-Life\.venv\Lib\site-packages\transformers\models\efficientloftr\modeling_efficientloftr.py","modeling_efficientloftr.py",".py","61297","7/25/2026 1:35:00 PM","C:\Users\Ghanam\OneDrive\projects\Greeny-Life\.venv\Lib\site-packages\transformers\models\efficientloftr"
"C:\Users\Ghanam\OneDrive\projects\Greeny-Life\.venv\Lib\site-packages\transformers\models\efficientloftr\modular_efficientloftr.py","modular_efficientloftr.py",".py","6576","7/25/2026 1:35:00 PM","C:\Users\Ghanam\OneDrive\projects\Greeny-Life\.venv\Lib\site-packages\transformers\models\efficientloftr"
"C:\Users\Ghanam\OneDrive\projects\Greeny-Life\.venv\Lib\site-packages\transformers\models\efficientnet\image_processing_efficientnet.py","image_processing_efficientnet.py",".py","6633","7/25/2026 1:35:00 PM","C:\Users\Ghanam\OneDrive\projects\Greeny-Life\.venv\Lib\site-packages\transformers\models\efficientnet"
"C:\Users\Ghanam\OneDrive\projects\Greeny-Life\.venv\Lib\site-packages\transformers\models\efficientnet\image_processing_pil_efficientnet.py","image_processing_pil_efficientnet.py",".py","4052","7/25/2026 1:35:00 PM","C:\Users\Ghanam\OneDrive\projects\Greeny-Life\.venv\Lib\site-packages\transformers\models\efficientnet"
"C:\Users\Ghanam\OneDrive\projects\Greeny-Life\.venv\Lib\site-packages\transformers\models\emu3\image_processing_emu3.py","image_processing_emu3.py",".py","27364","7/25/2026 1:35:00 PM","C:\Users\Ghanam\OneDrive\projects\Greeny-Life\.venv\Lib\site-packages\transformers\models\emu3"
"C:\Users\Ghanam\OneDrive\projects\Greeny-Life\.venv\Lib\site-packages\transformers\models\emu3\modeling_emu3.py","modeling_emu3.py",".py","65974","7/25/2026 1:35:00 PM","C:\Users\Ghanam\OneDrive\projects\Greeny-Life\.venv\Lib\site-packages\transformers\models\emu3"
"C:\Users\Ghanam\OneDrive\projects\Greeny-Life\.venv\Lib\site-packages\transformers\models\emu3\modular_emu3.py","modular_emu3.py",".py","46912","7/25/2026 1:35:00 PM","C:\Users\Ghanam\OneDrive\projects\Greeny-Life\.venv\Lib\site-packages\transformers\models\emu3"
"C:\Users\Ghanam\OneDrive\projects\Greeny-Life\.venv\Lib\site-packages\transformers\models\emu3\processing_emu3.py","processing_emu3.py",".py","11297","7/25/2026 1:35:00 PM","C:\Users\Ghanam\OneDrive\projects\Greeny-Life\.venv\Lib\site-packages\transformers\models\emu3"
"C:\Users\Ghanam\OneDrive\projects\Greeny-Life\.venv\Lib\site-packages\transformers\models\encodec\modeling_encodec.py","modeling_encodec.py",".py","34743","7/25/2026 1:35:00 PM","C:\Users\Ghanam\OneDrive\projects\Greeny-Life\.venv\Lib\site-packages\transformers\models\encodec"
"C:\Users\Ghanam\OneDrive\projects\Greeny-Life\.venv\Lib\site-packages\transformers\models\eomt\image_processing_eomt.py","image_processing_eomt.py",".py","29064","7/25/2026 1:35:00 PM","C:\Users\Ghanam\OneDrive\projects\Greeny-Life\.venv\Lib\site-packages\transformers\models\eomt"
"C:\Users\Ghanam\OneDrive\projects\Greeny-Life\.venv\Lib\site-packages\transformers\models\eomt\image_processing_pil_eomt.py","image_processing_pil_eomt.py",".py","27827","7/25/2026 1:35:00 PM","C:\Users\Ghanam\OneDrive\projects\Greeny-Life\.venv\Lib\site-packages\transformers\models\eomt"
"C:\Users\Ghanam\OneDrive\projects\Greeny-Life\.venv\Lib\site-packages\transformers\models\eomt\modeling_eomt.py","modeling_eomt.py",".py","54312","7/25/2026 1:35:00 PM","C:\Users\Ghanam\OneDrive\projects\Greeny-Life\.venv\Lib\site-packages\transformers\models\eomt"
"C:\Users\Ghanam\OneDrive\projects\Greeny-Life\.venv\Lib\site-packages\transformers\models\eomt\modular_eomt.py","modular_eomt.py",".py","22363","7/25/2026 1:35:00 PM","C:\Users\Ghanam\OneDrive\projects\Greeny-Life\.venv\Lib\site-packages\transformers\models\eomt"
"C:\Users\Ghanam\OneDrive\projects\Greeny-Life\.venv\Lib\site-packages\transformers\models\eomt_dinov3\modeling_eomt_dinov3.py","modeling_eomt_dinov3.py",".py","61097","7/25/2026 1:35:00 PM","C:\Users\Ghanam\OneDrive\projects\Greeny-Life\.venv\Lib\site-packages\transformers\models\eomt_dinov3"
"C:\Users\Ghanam\OneDrive\projects\Greeny-Life\.venv\Lib\site-packages\transformers\models\ernie4_5_vl_moe\image_processing_ernie4_5_vl_moe.py","image_processing_ernie4_5_vl_moe.py",".py","10623","7/25/2026 1:35:00 PM","C:\Users\Ghanam\OneDrive\projects\Greeny-Life\.venv\Lib\site-packages\transformers\models\ernie4_5_vl_moe"
"C:\Users\Ghanam\OneDrive\projects\Greeny-Life\.venv\Lib\site-packages\transformers\models\ernie4_5_vl_moe\image_processing_pil_ernie4_5_vl_moe.py","image_processing_pil_ernie4_5_vl_moe.py",".py","10176","7/25/2026 1:35:00 PM","C:\Users\Ghanam\OneDrive\projects\Greeny-Life\.venv\Lib\site-packages\transformers\models\ernie4_5_vl_moe"
"C:\Users\Ghanam\OneDrive\projects\Greeny-Life\.venv\Lib\site-packages\transformers\models\ernie4_5_vl_moe\modeling_ernie4_5_vl_moe.py","modeling_ernie4_5_vl_moe.py",".py","88931","7/25/2026 1:35:00 PM","C:\Users\Ghanam\OneDrive\projects\Greeny-Life\.venv\Lib\site-packages\transformers\models\ernie4_5_vl_moe"
"C:\Users\Ghanam\OneDrive\projects\Greeny-Life\.venv\Lib\site-packages\transformers\models\ernie4_5_vl_moe\modular_ernie4_5_vl_moe.py","modular_ernie4_5_vl_moe.py",".py","66932","7/25/2026 1:35:00 PM","C:\Users\Ghanam\OneDrive\projects\Greeny-Life\.venv\Lib\site-packages\transformers\models\ernie4_5_vl_moe"
"C:\Users\Ghanam\OneDrive\projects\Greeny-Life\.venv\Lib\site-packages\transformers\models\ernie4_5_vl_moe\processing_ernie4_5_vl_moe.py","processing_ernie4_5_vl_moe.py",".py","12783","7/25/2026 1:35:00 PM","C:\Users\Ghanam\OneDrive\projects\Greeny-Life\.venv\Lib\site-packages\transformers\models\ernie4_5_vl_moe"
"C:\Users\Ghanam\OneDrive\projects\Greeny-Life\.venv\Lib\site-packages\transformers\models\ernie4_5_vl_moe\video_processing_ernie4_5_vl_moe.py","video_processing_ernie4_5_vl_moe.py",".py","25990","7/25/2026 1:35:00 PM","C:\Users\Ghanam\OneDrive\projects\Greeny-Life\.venv\Lib\site-packages\transformers\models\ernie4_5_vl_moe"
"C:\Users\Ghanam\OneDrive\projects\Greeny-Life\.venv\Lib\site-packages\transformers\models\evolla\modeling_evolla.py","modeling_evolla.py",".py","65090","7/25/2026 1:35:00 PM","C:\Users\Ghanam\OneDrive\projects\Greeny-Life\.venv\Lib\site-packages\transformers\models\evolla"
"C:\Users\Ghanam\OneDrive\projects\Greeny-Life\.venv\Lib\site-packages\transformers\models\evolla\modular_evolla.py","modular_evolla.py",".py","36211","7/25/2026 1:35:00 PM","C:\Users\Ghanam\OneDrive\projects\Greeny-Life\.venv\Lib\site-packages\transformers\models\evolla"
"C:\Users\Ghanam\OneDrive\projects\Greeny-Life\.venv\Lib\site-packages\transformers\models\evolla\processing_evolla.py","processing_evolla.py",".py","8231","7/25/2026 1:35:00 PM","C:\Users\Ghanam\OneDrive\projects\Greeny-Life\.venv\Lib\site-packages\transformers\models\evolla"
"C:\Users\Ghanam\OneDrive\projects\Greeny-Life\.venv\Lib\site-packages\transformers\models\exaone4_5\modeling_exaone4_5.py","modeling_exaone4_5.py",".py","47439","7/25/2026 1:35:00 PM","C:\Users\Ghanam\OneDrive\projects\Greeny-Life\.venv\Lib\site-packages\transformers\models\exaone4_5"
"C:\Users\Ghanam\OneDrive\projects\Greeny-Life\.venv\Lib\site-packages\transformers\models\exaone4_5\modular_exaone4_5.py","modular_exaone4_5.py",".py","20461","7/25/2026 1:35:00 PM","C:\Users\Ghanam\OneDrive\projects\Greeny-Life\.venv\Lib\site-packages\transformers\models\exaone4_5"
"C:\Users\Ghanam\OneDrive\projects\Greeny-Life\.venv\Lib\site-packages\transformers\models\exaone4_5\processing_exaone4_5.py","processing_exaone4_5.py",".py","6741","7/25/2026 1:35:00 PM","C:\Users\Ghanam\OneDrive\projects\Greeny-Life\.venv\Lib\site-packages\transformers\models\exaone4_5"
"C:\Users\Ghanam\OneDrive\projects\Greeny-Life\.venv\Lib\site-packages\transformers\models\fast_vlm\modeling_fast_vlm.py","modeling_fast_vlm.py",".py","18742","7/25/2026 1:35:00 PM","C:\Users\Ghanam\OneDrive\projects\Greeny-Life\.venv\Lib\site-packages\transformers\models\fast_vlm"
"C:\Users\Ghanam\OneDrive\projects\Greeny-Life\.venv\Lib\site-packages\transformers\models\fast_vlm\modular_fast_vlm.py","modular_fast_vlm.py",".py","14367","7/25/2026 1:35:00 PM","C:\Users\Ghanam\OneDrive\projects\Greeny-Life\.venv\Lib\site-packages\transformers\models\fast_vlm"
"C:\Users\Ghanam\OneDrive\projects\Greeny-Life\.venv\Lib\site-packages\transformers\models\flava\image_processing_flava.py","image_processing_flava.py",".py","21107","7/25/2026 1:35:00 PM","C:\Users\Ghanam\OneDrive\projects\Greeny-Life\.venv\Lib\site-packages\transformers\models\flava"
"C:\Users\Ghanam\OneDrive\projects\Greeny-Life\.venv\Lib\site-packages\transformers\models\flava\image_processing_pil_flava.py","image_processing_pil_flava.py",".py","20476","7/25/2026 1:35:00 PM","C:\Users\Ghanam\OneDrive\projects\Greeny-Life\.venv\Lib\site-packages\transformers\models\flava"
"C:\Users\Ghanam\OneDrive\projects\Greeny-Life\.venv\Lib\site-packages\transformers\models\flava\modeling_flava.py","modeling_flava.py",".py","89052","7/25/2026 1:35:00 PM","C:\Users\Ghanam\OneDrive\projects\Greeny-Life\.venv\Lib\site-packages\transformers\models\flava"
"C:\Users\Ghanam\OneDrive\projects\Greeny-Life\.venv\Lib\site-packages\transformers\models\flava\processing_flava.py","processing_flava.py",".py","974","7/25/2026 1:35:00 PM","C:\Users\Ghanam\OneDrive\projects\Greeny-Life\.venv\Lib\site-packages\transformers\models\flava"
"C:\Users\Ghanam\OneDrive\projects\Greeny-Life\.venv\Lib\site-packages\transformers\models\florence2\modeling_florence2.py","modeling_florence2.py",".py","41077","7/25/2026 1:35:00 PM","C:\Users\Ghanam\OneDrive\projects\Greeny-Life\.venv\Lib\site-packages\transformers\models\florence2"
"C:\Users\Ghanam\OneDrive\projects\Greeny-Life\.venv\Lib\site-packages\transformers\models\florence2\modular_florence2.py","modular_florence2.py",".py","71089","7/25/2026 1:35:00 PM","C:\Users\Ghanam\OneDrive\projects\Greeny-Life\.venv\Lib\site-packages\transformers\models\florence2"
"C:\Users\Ghanam\OneDrive\projects\Greeny-Life\.venv\Lib\site-packages\transformers\models\florence2\processing_florence2.py","processing_florence2.py",".py","34181","7/25/2026 1:35:00 PM","C:\Users\Ghanam\OneDrive\projects\Greeny-Life\.venv\Lib\site-packages\transformers\models\florence2"
"C:\Users\Ghanam\OneDrive\projects\Greeny-Life\.venv\Lib\site-packages\transformers\models\focalnet\modeling_focalnet.py","modeling_focalnet.py",".py","36580","7/25/2026 1:35:00 PM","C:\Users\Ghanam\OneDrive\projects\Greeny-Life\.venv\Lib\site-packages\transformers\models\focalnet"
"C:\Users\Ghanam\OneDrive\projects\Greeny-Life\.venv\Lib\site-packages\transformers\models\funnel\tokenization_funnel.py","tokenization_funnel.py",".py","6792","7/25/2026 1:35:00 PM","C:\Users\Ghanam\OneDrive\projects\Greeny-Life\.venv\Lib\site-packages\transformers\models\funnel"
"C:\Users\Ghanam\OneDrive\projects\Greeny-Life\.venv\Lib\site-packages\transformers\models\fuyu\image_processing_fuyu.py","image_processing_fuyu.py",".py","18789","7/25/2026 1:35:00 PM","C:\Users\Ghanam\OneDrive\projects\Greeny-Life\.venv\Lib\site-packages\transformers\models\fuyu"
"C:\Users\Ghanam\OneDrive\projects\Greeny-Life\.venv\Lib\site-packages\transformers\models\fuyu\image_processing_pil_fuyu.py","image_processing_pil_fuyu.py",".py","21344","7/25/2026 1:35:00 PM","C:\Users\Ghanam\OneDrive\projects\Greeny-Life\.venv\Lib\site-packages\transformers\models\fuyu"
"C:\Users\Ghanam\OneDrive\projects\Greeny-Life\.venv\Lib\site-packages\transformers\models\fuyu\modeling_fuyu.py","modeling_fuyu.py",".py","15162","7/25/2026 1:35:00 PM","C:\Users\Ghanam\OneDrive\projects\Greeny-Life\.venv\Lib\site-packages\transformers\models\fuyu"
"C:\Users\Ghanam\OneDrive\projects\Greeny-Life\.venv\Lib\site-packages\transformers\models\fuyu\processing_fuyu.py","processing_fuyu.py",".py","35370","7/25/2026 1:35:00 PM","C:\Users\Ghanam\OneDrive\projects\Greeny-Life\.venv\Lib\site-packages\transformers\models\fuyu"
"C:\Users\Ghanam\OneDrive\projects\Greeny-Life\.venv\Lib\site-packages\transformers\models\gemma3\image_processing_gemma3.py","image_processing_gemma3.py",".py","10715","7/25/2026 1:35:00 PM","C:\Users\Ghanam\OneDrive\projects\Greeny-Life\.venv\Lib\site-packages\transformers\models\gemma3"
"C:\Users\Ghanam\OneDrive\projects\Greeny-Life\.venv\Lib\site-packages\transformers\models\gemma3\image_processing_pil_gemma3.py","image_processing_pil_gemma3.py",".py","8654","7/25/2026 1:35:00 PM","C:\Users\Ghanam\OneDrive\projects\Greeny-Life\.venv\Lib\site-packages\transformers\models\gemma3"
"C:\Users\Ghanam\OneDrive\projects\Greeny-Life\.venv\Lib\site-packages\transformers\models\gemma3\modeling_gemma3.py","modeling_gemma3.py",".py","51416","7/25/2026 1:35:00 PM","C:\Users\Ghanam\OneDrive\projects\Greeny-Life\.venv\Lib\site-packages\transformers\models\gemma3"
"C:\Users\Ghanam\OneDrive\projects\Greeny-Life\.venv\Lib\site-packages\transformers\models\gemma3\modular_gemma3.py","modular_gemma3.py",".py","41918","7/25/2026 1:35:00 PM","C:\Users\Ghanam\OneDrive\projects\Greeny-Life\.venv\Lib\site-packages\transformers\models\gemma3"
"C:\Users\Ghanam\OneDrive\projects\Greeny-Life\.venv\Lib\site-packages\transformers\models\gemma3\processing_gemma3.py","processing_gemma3.py",".py","7213","7/25/2026 1:35:00 PM","C:\Users\Ghanam\OneDrive\projects\Greeny-Life\.venv\Lib\site-packages\transformers\models\gemma3"
"C:\Users\Ghanam\OneDrive\projects\Greeny-Life\.venv\Lib\site-packages\transformers\models\gemma3n\modeling_gemma3n.py","modeling_gemma3n.py",".py","114210","7/25/2026 1:35:00 PM","C:\Users\Ghanam\OneDrive\projects\Greeny-Life\.venv\Lib\site-packages\transformers\models\gemma3n"
"C:\Users\Ghanam\OneDrive\projects\Greeny-Life\.venv\Lib\site-packages\transformers\models\gemma3n\modular_gemma3n.py","modular_gemma3n.py",".py","118791","7/25/2026 1:35:00 PM","C:\Users\Ghanam\OneDrive\projects\Greeny-Life\.venv\Lib\site-packages\transformers\models\gemma3n"
"C:\Users\Ghanam\OneDrive\projects\Greeny-Life\.venv\Lib\site-packages\transformers\models\gemma3n\processing_gemma3n.py","processing_gemma3n.py",".py","6287","7/25/2026 1:35:00 PM","C:\Users\Ghanam\OneDrive\projects\Greeny-Life\.venv\Lib\site-packages\transformers\models\gemma3n"
"C:\Users\Ghanam\OneDrive\projects\Greeny-Life\.venv\Lib\site-packages\transformers\models\gemma4\image_processing_gemma4.py","image_processing_gemma4.py",".py","10845","7/25/2026 1:35:00 PM","C:\Users\Ghanam\OneDrive\projects\Greeny-Life\.venv\Lib\site-packages\transformers\models\gemma4"
"C:\Users\Ghanam\OneDrive\projects\Greeny-Life\.venv\Lib\site-packages\transformers\models\gemma4\image_processing_pil_gemma4.py","image_processing_pil_gemma4.py",".py","10737","7/25/2026 1:35:00 PM","C:\Users\Ghanam\OneDrive\projects\Greeny-Life\.venv\Lib\site-packages\transformers\models\gemma4"
"C:\Users\Ghanam\OneDrive\projects\Greeny-Life\.venv\Lib\site-packages\transformers\models\gemma4\modeling_gemma4.py","modeling_gemma4.py",".py","125730","7/25/2026 1:35:00 PM","C:\Users\Ghanam\OneDrive\projects\Greeny-Life\.venv\Lib\site-packages\transformers\models\gemma4"
"C:\Users\Ghanam\OneDrive\projects\Greeny-Life\.venv\Lib\site-packages\transformers\models\gemma4\modular_gemma4.py","modular_gemma4.py",".py","109313","7/25/2026 1:35:00 PM","C:\Users\Ghanam\OneDrive\projects\Greeny-Life\.venv\Lib\site-packages\transformers\models\gemma4"
"C:\Users\Ghanam\OneDrive\projects\Greeny-Life\.venv\Lib\site-packages\transformers\models\gemma4\processing_gemma4.py","processing_gemma4.py",".py","13882","7/25/2026 1:35:00 PM","C:\Users\Ghanam\OneDrive\projects\Greeny-Life\.venv\Lib\site-packages\transformers\models\gemma4"
"C:\Users\Ghanam\OneDrive\projects\Greeny-Life\.venv\Lib\site-packages\transformers\models\gemma4\video_processing_gemma4.py","video_processing_gemma4.py",".py","10810","7/25/2026 1:35:00 PM","C:\Users\Ghanam\OneDrive\projects\Greeny-Life\.venv\Lib\site-packages\transformers\models\gemma4"
"C:\Users\Ghanam\OneDrive\projects\Greeny-Life\.venv\Lib\site-packages\transformers\models\gemma4_unified\image_processing_gemma4_unified.py","image_processing_gemma4_unified.py",".py","16090","7/25/2026 1:35:00 PM","C:\Users\Ghanam\OneDrive\projects\Greeny-Life\.venv\Lib\site-packages\transformers\models\gemma4_unified"
"C:\Users\Ghanam\OneDrive\projects\Greeny-Life\.venv\Lib\site-packages\transformers\models\gemma4_unified\modeling_gemma4_unified.py","modeling_gemma4_unified.py",".py","66087","7/25/2026 1:35:00 PM","C:\Users\Ghanam\OneDrive\projects\Greeny-Life\.venv\Lib\site-packages\transformers\models\gemma4_unified"
"C:\Users\Ghanam\OneDrive\projects\Greeny-Life\.venv\Lib\site-packages\transformers\models\gemma4_unified\modular_gemma4_unified.py","modular_gemma4_unified.py",".py","56941","7/25/2026 1:35:00 PM","C:\Users\Ghanam\OneDrive\projects\Greeny-Life\.venv\Lib\site-packages\transformers\models\gemma4_unified"
"C:\Users\Ghanam\OneDrive\projects\Greeny-Life\.venv\Lib\site-packages\transformers\models\gemma4_unified\processing_gemma4_unified.py","processing_gemma4_unified.py",".py","14498","7/25/2026 1:35:00 PM","C:\Users\Ghanam\OneDrive\projects\Greeny-Life\.venv\Lib\site-packages\transformers\models\gemma4_unified"
"C:\Users\Ghanam\OneDrive\projects\Greeny-Life\.venv\Lib\site-packages\transformers\models\gemma4_unified\video_processing_gemma4_unified.py","video_processing_gemma4_unified.py",".py","15499","7/25/2026 1:35:00 PM","C:\Users\Ghanam\OneDrive\projects\Greeny-Life\.venv\Lib\site-packages\transformers\models\gemma4_unified"
"C:\Users\Ghanam\OneDrive\projects\Greeny-Life\.venv\Lib\site-packages\transformers\models\git\modeling_git.py","modeling_git.py",".py","44586","7/25/2026 1:35:00 PM","C:\Users\Ghanam\OneDrive\projects\Greeny-Life\.venv\Lib\site-packages\transformers\models\git"
"C:\Users\Ghanam\OneDrive\projects\Greeny-Life\.venv\Lib\site-packages\transformers\models\git\processing_git.py","processing_git.py",".py","905","7/25/2026 1:35:00 PM","C:\Users\Ghanam\OneDrive\projects\Greeny-Life\.venv\Lib\site-packages\transformers\models\git"
"C:\Users\Ghanam\OneDrive\projects\Greeny-Life\.venv\Lib\site-packages\transformers\models\glm46v\image_processing_glm46v.py","image_processing_glm46v.py",".py","10651","7/25/2026 1:35:00 PM","C:\Users\Ghanam\OneDrive\projects\Greeny-Life\.venv\Lib\site-packages\transformers\models\glm46v"
"C:\Users\Ghanam\OneDrive\projects\Greeny-Life\.venv\Lib\site-packages\transformers\models\glm46v\image_processing_pil_glm46v.py","image_processing_pil_glm46v.py",".py","10713","7/25/2026 1:35:00 PM","C:\Users\Ghanam\OneDrive\projects\Greeny-Life\.venv\Lib\site-packages\transformers\models\glm46v"
"C:\Users\Ghanam\OneDrive\projects\Greeny-Life\.venv\Lib\site-packages\transformers\models\glm46v\modeling_glm46v.py","modeling_glm46v.py",".py","39028","7/25/2026 1:35:00 PM","C:\Users\Ghanam\OneDrive\projects\Greeny-Life\.venv\Lib\site-packages\transformers\models\glm46v"
"C:\Users\Ghanam\OneDrive\projects\Greeny-Life\.venv\Lib\site-packages\transformers\models\glm46v\modular_glm46v.py","modular_glm46v.py",".py","7366","7/25/2026 1:35:00 PM","C:\Users\Ghanam\OneDrive\projects\Greeny-Life\.venv\Lib\site-packages\transformers\models\glm46v"
"C:\Users\Ghanam\OneDrive\projects\Greeny-Life\.venv\Lib\site-packages\transformers\models\glm46v\processing_glm46v.py","processing_glm46v.py",".py","9552","7/25/2026 1:35:00 PM","C:\Users\Ghanam\OneDrive\projects\Greeny-Life\.venv\Lib\site-packages\transformers\models\glm46v"
"C:\Users\Ghanam\OneDrive\projects\Greeny-Life\.venv\Lib\site-packages\transformers\models\glm46v\video_processing_glm46v.py","video_processing_glm46v.py",".py","11618","7/25/2026 1:35:00 PM","C:\Users\Ghanam\OneDrive\projects\Greeny-Life\.venv\Lib\site-packages\transformers\models\glm46v"
"C:\Users\Ghanam\OneDrive\projects\Greeny-Life\.venv\Lib\site-packages\transformers\models\glm4v\image_processing_glm4v.py","image_processing_glm4v.py",".py","9970","7/25/2026 1:35:00 PM","C:\Users\Ghanam\OneDrive\projects\Greeny-Life\.venv\Lib\site-packages\transformers\models\glm4v"
"C:\Users\Ghanam\OneDrive\projects\Greeny-Life\.venv\Lib\site-packages\transformers\models\glm4v\image_processing_pil_glm4v.py","image_processing_pil_glm4v.py",".py","10034","7/25/2026 1:35:00 PM","C:\Users\Ghanam\OneDrive\projects\Greeny-Life\.venv\Lib\site-packages\transformers\models\glm4v"
"C:\Users\Ghanam\OneDrive\projects\Greeny-Life\.venv\Lib\site-packages\transformers\models\glm4v\modeling_glm4v.py","modeling_glm4v.py",".py","74466","7/25/2026 1:35:00 PM","C:\Users\Ghanam\OneDrive\projects\Greeny-Life\.venv\Lib\site-packages\transformers\models\glm4v"
"C:\Users\Ghanam\OneDrive\projects\Greeny-Life\.venv\Lib\site-packages\transformers\models\glm4v\modular_glm4v.py","modular_glm4v.py",".py","52931","7/25/2026 1:35:00 PM","C:\Users\Ghanam\OneDrive\projects\Greeny-Life\.venv\Lib\site-packages\transformers\models\glm4v"
"C:\Users\Ghanam\OneDrive\projects\Greeny-Life\.venv\Lib\site-packages\transformers\models\glm4v\processing_glm4v.py","processing_glm4v.py",".py","9560","7/25/2026 1:35:00 PM","C:\Users\Ghanam\OneDrive\projects\Greeny-Life\.venv\Lib\site-packages\transformers\models\glm4v"
"C:\Users\Ghanam\OneDrive\projects\Greeny-Life\.venv\Lib\site-packages\transformers\models\glm4v\video_processing_glm4v.py","video_processing_glm4v.py",".py","9886","7/25/2026 1:35:00 PM","C:\Users\Ghanam\OneDrive\projects\Greeny-Life\.venv\Lib\site-packages\transformers\models\glm4v"
"C:\Users\Ghanam\OneDrive\projects\Greeny-Life\.venv\Lib\site-packages\transformers\models\glm4v_moe\modeling_glm4v_moe.py","modeling_glm4v_moe.py",".py","85189","7/25/2026 1:35:00 PM","C:\Users\Ghanam\OneDrive\projects\Greeny-Life\.venv\Lib\site-packages\transformers\models\glm4v_moe"
"C:\Users\Ghanam\OneDrive\projects\Greeny-Life\.venv\Lib\site-packages\transformers\models\glmasr\modeling_glmasr.py","modeling_glmasr.py",".py","26887","7/25/2026 1:35:00 PM","C:\Users\Ghanam\OneDrive\projects\Greeny-Life\.venv\Lib\site-packages\transformers\models\glmasr"
"C:\Users\Ghanam\OneDrive\projects\Greeny-Life\.venv\Lib\site-packages\transformers\models\glmasr\modular_glmasr.py","modular_glmasr.py",".py","18329","7/25/2026 1:35:00 PM","C:\Users\Ghanam\OneDrive\projects\Greeny-Life\.venv\Lib\site-packages\transformers\models\glmasr"
"C:\Users\Ghanam\OneDrive\projects\Greeny-Life\.venv\Lib\site-packages\transformers\models\glmasr\processing_glmasr.py","processing_glmasr.py",".py","13159","7/25/2026 1:35:00 PM","C:\Users\Ghanam\OneDrive\projects\Greeny-Life\.venv\Lib\site-packages\transformers\models\glmasr"
"C:\Users\Ghanam\OneDrive\projects\Greeny-Life\.venv\Lib\site-packages\transformers\models\glmga\image_processing_glmga.py","image_processing_glmga.py",".py","10884","7/25/2026 1:35:00 PM","C:\Users\Ghanam\OneDrive\projects\Greeny-Life\.venv\Lib\site-packages\transformers\models\glmga"
"C:\Users\Ghanam\OneDrive\projects\Greeny-Life\.venv\Lib\site-packages\transformers\models\glmga\image_processing_pil_glmga.py","image_processing_pil_glmga.py",".py","10873","7/25/2026 1:35:00 PM","C:\Users\Ghanam\OneDrive\projects\Greeny-Life\.venv\Lib\site-packages\transformers\models\glmga"
"C:\Users\Ghanam\OneDrive\projects\Greeny-Life\.venv\Lib\site-packages\transformers\models\glmga\modular_glmga.py","modular_glmga.py",".py","19238","7/25/2026 1:35:00 PM","C:\Users\Ghanam\OneDrive\projects\Greeny-Life\.venv\Lib\site-packages\transformers\models\glmga"
"C:\Users\Ghanam\OneDrive\projects\Greeny-Life\.venv\Lib\site-packages\transformers\models\glmga\video_processing_glmga.py","video_processing_glmga.py",".py","11318","7/25/2026 1:35:00 PM","C:\Users\Ghanam\OneDrive\projects\Greeny-Life\.venv\Lib\site-packages\transformers\models\glmga"
"C:\Users\Ghanam\OneDrive\projects\Greeny-Life\.venv\Lib\site-packages\transformers\models\glm_image\image_processing_glm_image.py","image_processing_glm_image.py",".py","11307","7/25/2026 1:35:00 PM","C:\Users\Ghanam\OneDrive\projects\Greeny-Life\.venv\Lib\site-packages\transformers\models\glm_image"
"C:\Users\Ghanam\OneDrive\projects\Greeny-Life\.venv\Lib\site-packages\transformers\models\glm_image\image_processing_pil_glm_image.py","image_processing_pil_glm_image.py",".py","10583","7/25/2026 1:35:00 PM","C:\Users\Ghanam\OneDrive\projects\Greeny-Life\.venv\Lib\site-packages\transformers\models\glm_image"
"C:\Users\Ghanam\OneDrive\projects\Greeny-Life\.venv\Lib\site-packages\transformers\models\glm_image\modeling_glm_image.py","modeling_glm_image.py",".py","74812","7/25/2026 1:35:00 PM","C:\Users\Ghanam\OneDrive\projects\Greeny-Life\.venv\Lib\site-packages\transformers\models\glm_image"
"C:\Users\Ghanam\OneDrive\projects\Greeny-Life\.venv\Lib\site-packages\transformers\models\glm_image\modular_glm_image.py","modular_glm_image.py",".py","62026","7/25/2026 1:35:00 PM","C:\Users\Ghanam\OneDrive\projects\Greeny-Life\.venv\Lib\site-packages\transformers\models\glm_image"
"C:\Users\Ghanam\OneDrive\projects\Greeny-Life\.venv\Lib\site-packages\transformers\models\glm_image\processing_glm_image.py","processing_glm_image.py",".py","11931","7/25/2026 1:35:00 PM","C:\Users\Ghanam\OneDrive\projects\Greeny-Life\.venv\Lib\site-packages\transformers\models\glm_image"
"C:\Users\Ghanam\OneDrive\projects\Greeny-Life\.venv\Lib\site-packages\transformers\models\glm_ocr\modeling_glm_ocr.py","modeling_glm_ocr.py",".py","71140","7/25/2026 1:35:00 PM","C:\Users\Ghanam\OneDrive\projects\Greeny-Life\.venv\Lib\site-packages\transformers\models\glm_ocr"
"C:\Users\Ghanam\OneDrive\projects\Greeny-Life\.venv\Lib\site-packages\transformers\models\glpn\image_processing_glpn.py","image_processing_glpn.py",".py","5729","7/25/2026 1:35:00 PM","C:\Users\Ghanam\OneDrive\projects\Greeny-Life\.venv\Lib\site-packages\transformers\models\glpn"
"C:\Users\Ghanam\OneDrive\projects\Greeny-Life\.venv\Lib\site-packages\transformers\models\glpn\image_processing_pil_glpn.py","image_processing_pil_glpn.py",".py","5241","7/25/2026 1:35:00 PM","C:\Users\Ghanam\OneDrive\projects\Greeny-Life\.venv\Lib\site-packages\transformers\models\glpn"
"C:\Users\Ghanam\OneDrive\projects\Greeny-Life\.venv\Lib\site-packages\transformers\models\glpn\modeling_glpn.py","modeling_glpn.py",".py","26480","7/25/2026 1:35:00 PM","C:\Users\Ghanam\OneDrive\projects\Greeny-Life\.venv\Lib\site-packages\transformers\models\glpn"
"C:\Users\Ghanam\OneDrive\projects\Greeny-Life\.venv\Lib\site-packages\transformers\models\got_ocr2\image_processing_got_ocr2.py","image_processing_got_ocr2.py",".py","13222","7/25/2026 1:35:00 PM","C:\Users\Ghanam\OneDrive\projects\Greeny-Life\.venv\Lib\site-packages\transformers\models\got_ocr2"
"C:\Users\Ghanam\OneDrive\projects\Greeny-Life\.venv\Lib\site-packages\transformers\models\got_ocr2\image_processing_pil_got_ocr2.py","image_processing_pil_got_ocr2.py",".py","12838","7/25/2026 1:35:00 PM","C:\Users\Ghanam\OneDrive\projects\Greeny-Life\.venv\Lib\site-packages\transformers\models\got_ocr2"
"C:\Users\Ghanam\OneDrive\projects\Greeny-Life\.venv\Lib\site-packages\transformers\models\got_ocr2\modeling_got_ocr2.py","modeling_got_ocr2.py",".py","33840","7/25/2026 1:35:00 PM","C:\Users\Ghanam\OneDrive\projects\Greeny-Life\.venv\Lib\site-packages\transformers\models\got_ocr2"
"C:\Users\Ghanam\OneDrive\projects\Greeny-Life\.venv\Lib\site-packages\transformers\models\got_ocr2\modular_got_ocr2.py","modular_got_ocr2.py",".py","14550","7/25/2026 1:35:00 PM","C:\Users\Ghanam\OneDrive\projects\Greeny-Life\.venv\Lib\site-packages\transformers\models\got_ocr2"
"C:\Users\Ghanam\OneDrive\projects\Greeny-Life\.venv\Lib\site-packages\transformers\models\got_ocr2\processing_got_ocr2.py","processing_got_ocr2.py",".py","10450","7/25/2026 1:35:00 PM","C:\Users\Ghanam\OneDrive\projects\Greeny-Life\.venv\Lib\site-packages\transformers\models\got_ocr2"
"C:\Users\Ghanam\OneDrive\projects\Greeny-Life\.venv\Lib\site-packages\transformers\models\gpt_sw3\tokenization_gpt_sw3.py","tokenization_gpt_sw3.py",".py","10021","7/25/2026 1:35:00 PM","C:\Users\Ghanam\OneDrive\projects\Greeny-Life\.venv\Lib\site-packages\transformers\models\gpt_sw3"
"C:\Users\Ghanam\OneDrive\projects\Greeny-Life\.venv\Lib\site-packages\transformers\models\granite4_vision\modeling_granite4_vision.py","modeling_granite4_vision.py",".py","55773","7/25/2026 1:35:00 PM","C:\Users\Ghanam\OneDrive\projects\Greeny-Life\.venv\Lib\site-packages\transformers\models\granite4_vision"
"C:\Users\Ghanam\OneDrive\projects\Greeny-Life\.venv\Lib\site-packages\transformers\models\granite4_vision\modular_granite4_vision.py","modular_granite4_vision.py",".py","34911","7/25/2026 1:35:00 PM","C:\Users\Ghanam\OneDrive\projects\Greeny-Life\.venv\Lib\site-packages\transformers\models\granite4_vision"
"C:\Users\Ghanam\OneDrive\projects\Greeny-Life\.venv\Lib\site-packages\transformers\models\granite4_vision\processing_granite4_vision.py","processing_granite4_vision.py",".py","11825","7/25/2026 1:35:00 PM","C:\Users\Ghanam\OneDrive\projects\Greeny-Life\.venv\Lib\site-packages\transformers\models\granite4_vision"
"C:\Users\Ghanam\OneDrive\projects\Greeny-Life\.venv\Lib\site-packages\transformers\models\granite_speech\feature_extraction_granite_speech.py","feature_extraction_granite_speech.py",".py","7887","7/25/2026 1:35:00 PM","C:\Users\Ghanam\OneDrive\projects\Greeny-Life\.venv\Lib\site-packages\transformers\models\granite_speech"
"C:\Users\Ghanam\OneDrive\projects\Greeny-Life\.venv\Lib\site-packages\transformers\models\granite_speech\processing_granite_speech.py","processing_granite_speech.py",".py","4180","7/25/2026 1:35:00 PM","C:\Users\Ghanam\OneDrive\projects\Greeny-Life\.venv\Lib\site-packages\transformers\models\granite_speech"
"C:\Users\Ghanam\OneDrive\projects\Greeny-Life\.venv\Lib\site-packages\transformers\models\grounding_dino\image_processing_grounding_dino.py","image_processing_grounding_dino.py",".py","31918","7/25/2026 1:35:00 PM","C:\Users\Ghanam\OneDrive\projects\Greeny-Life\.venv\Lib\site-packages\transformers\models\grounding_dino"
"C:\Users\Ghanam\OneDrive\projects\Greeny-Life\.venv\Lib\site-packages\transformers\models\grounding_dino\image_processing_pil_grounding_dino.py","image_processing_pil_grounding_dino.py",".py","32612","7/25/2026 1:35:00 PM","C:\Users\Ghanam\OneDrive\projects\Greeny-Life\.venv\Lib\site-packages\transformers\models\grounding_dino"
"C:\Users\Ghanam\OneDrive\projects\Greeny-Life\.venv\Lib\site-packages\transformers\models\grounding_dino\modeling_grounding_dino.py","modeling_grounding_dino.py",".py","128456","7/25/2026 1:35:00 PM","C:\Users\Ghanam\OneDrive\projects\Greeny-Life\.venv\Lib\site-packages\transformers\models\grounding_dino"
"C:\Users\Ghanam\OneDrive\projects\Greeny-Life\.venv\Lib\site-packages\transformers\models\grounding_dino\modular_grounding_dino.py","modular_grounding_dino.py",".py","8885","7/25/2026 1:35:00 PM","C:\Users\Ghanam\OneDrive\projects\Greeny-Life\.venv\Lib\site-packages\transformers\models\grounding_dino"
"C:\Users\Ghanam\OneDrive\projects\Greeny-Life\.venv\Lib\site-packages\transformers\models\grounding_dino\processing_grounding_dino.py","processing_grounding_dino.py",".py","9659","7/25/2026 1:35:00 PM","C:\Users\Ghanam\OneDrive\projects\Greeny-Life\.venv\Lib\site-packages\transformers\models\grounding_dino"
"C:\Users\Ghanam\OneDrive\projects\Greeny-Life\.venv\Lib\site-packages\transformers\models\groupvit\modeling_groupvit.py","modeling_groupvit.py",".py","54021","7/25/2026 1:35:00 PM","C:\Users\Ghanam\OneDrive\projects\Greeny-Life\.venv\Lib\site-packages\transformers\models\groupvit"
"C:\Users\Ghanam\OneDrive\projects\Greeny-Life\.venv\Lib\site-packages\transformers\models\herbert\tokenization_herbert.py","tokenization_herbert.py",".py","3917","7/25/2026 1:35:00 PM","C:\Users\Ghanam\OneDrive\projects\Greeny-Life\.venv\Lib\site-packages\transformers\models\herbert"
"C:\Users\Ghanam\OneDrive\projects\Greeny-Life\.venv\Lib\site-packages\transformers\models\hgnet_v2\modeling_hgnet_v2.py","modeling_hgnet_v2.py",".py","18706","7/25/2026 1:35:00 PM","C:\Users\Ghanam\OneDrive\projects\Greeny-Life\.venv\Lib\site-packages\transformers\models\hgnet_v2"
"C:\Users\Ghanam\OneDrive\projects\Greeny-Life\.venv\Lib\site-packages\transformers\models\hgnet_v2\modular_hgnet_v2.py","modular_hgnet_v2.py",".py","22990","7/25/2026 1:35:00 PM","C:\Users\Ghanam\OneDrive\projects\Greeny-Life\.venv\Lib\site-packages\transformers\models\hgnet_v2"
"C:\Users\Ghanam\OneDrive\projects\Greeny-Life\.venv\Lib\site-packages\transformers\models\hiera\modeling_hiera.py","modeling_hiera.py",".py","58325","7/25/2026 1:35:00 PM","C:\Users\Ghanam\OneDrive\projects\Greeny-Life\.venv\Lib\site-packages\transformers\models\hiera"
"C:\Users\Ghanam\OneDrive\projects\Greeny-Life\.venv\Lib\site-packages\transformers\models\higgs_audio_v2\generation_higgs_audio_v2.py","generation_higgs_audio_v2.py",".py","22356","7/25/2026 1:35:00 PM","C:\Users\Ghanam\OneDrive\projects\Greeny-Life\.venv\Lib\site-packages\transformers\models\higgs_audio_v2"
"C:\Users\Ghanam\OneDrive\projects\Greeny-Life\.venv\Lib\site-packages\transformers\models\higgs_audio_v2\modeling_higgs_audio_v2.py","modeling_higgs_audio_v2.py",".py","35491","7/25/2026 1:35:00 PM","C:\Users\Ghanam\OneDrive\projects\Greeny-Life\.venv\Lib\site-packages\transformers\models\higgs_audio_v2"
"C:\Users\Ghanam\OneDrive\projects\Greeny-Life\.venv\Lib\site-packages\transformers\models\higgs_audio_v2\modular_higgs_audio_v2.py","modular_higgs_audio_v2.py",".py","24259","7/25/2026 1:35:00 PM","C:\Users\Ghanam\OneDrive\projects\Greeny-Life\.venv\Lib\site-packages\transformers\models\higgs_audio_v2"
"C:\Users\Ghanam\OneDrive\projects\Greeny-Life\.venv\Lib\site-packages\transformers\models\higgs_audio_v2\processing_higgs_audio_v2.py","processing_higgs_audio_v2.py",".py","16147","7/25/2026 1:35:00 PM","C:\Users\Ghanam\OneDrive\projects\Greeny-Life\.venv\Lib\site-packages\transformers\models\higgs_audio_v2"
"C:\Users\Ghanam\OneDrive\projects\Greeny-Life\.venv\Lib\site-packages\transformers\models\hubert\modeling_hubert.py","modeling_hubert.py",".py","50609","7/25/2026 1:35:00 PM","C:\Users\Ghanam\OneDrive\projects\Greeny-Life\.venv\Lib\site-packages\transformers\models\hubert"
"C:\Users\Ghanam\OneDrive\projects\Greeny-Life\.venv\Lib\site-packages\transformers\models\hubert\modular_hubert.py","modular_hubert.py",".py","11455","7/25/2026 1:35:00 PM","C:\Users\Ghanam\OneDrive\projects\Greeny-Life\.venv\Lib\site-packages\transformers\models\hubert"
"C:\Users\Ghanam\OneDrive\projects\Greeny-Life\.venv\Lib\site-packages\transformers\models\hunyuan_vl\image_processing_hunyuan_vl.py","image_processing_hunyuan_vl.py",".py","10968","7/25/2026 1:35:00 PM","C:\Users\Ghanam\OneDrive\projects\Greeny-Life\.venv\Lib\site-packages\transformers\models\hunyuan_vl"
"C:\Users\Ghanam\OneDrive\projects\Greeny-Life\.venv\Lib\site-packages\transformers\models\hunyuan_vl\image_processing_pil_hunyuan_vl.py","image_processing_pil_hunyuan_vl.py",".py","10944","7/25/2026 1:35:00 PM","C:\Users\Ghanam\OneDrive\projects\Greeny-Life\.venv\Lib\site-packages\transformers\models\hunyuan_vl"
"C:\Users\Ghanam\OneDrive\projects\Greeny-Life\.venv\Lib\site-packages\transformers\models\hunyuan_vl\modeling_hunyuan_vl.py","modeling_hunyuan_vl.py",".py","59212","7/25/2026 1:35:00 PM","C:\Users\Ghanam\OneDrive\projects\Greeny-Life\.venv\Lib\site-packages\transformers\models\hunyuan_vl"
"C:\Users\Ghanam\OneDrive\projects\Greeny-Life\.venv\Lib\site-packages\transformers\models\hunyuan_vl\modular_hunyuan_vl.py","modular_hunyuan_vl.py",".py","63069","7/25/2026 1:35:00 PM","C:\Users\Ghanam\OneDrive\projects\Greeny-Life\.venv\Lib\site-packages\transformers\models\hunyuan_vl"
"C:\Users\Ghanam\OneDrive\projects\Greeny-Life\.venv\Lib\site-packages\transformers\models\hunyuan_vl\processing_hunyuan_vl.py","processing_hunyuan_vl.py",".py","7798","7/25/2026 1:35:00 PM","C:\Users\Ghanam\OneDrive\projects\Greeny-Life\.venv\Lib\site-packages\transformers\models\hunyuan_vl"
"C:\Users\Ghanam\OneDrive\projects\Greeny-Life\.venv\Lib\site-packages\transformers\models\idefics\image_processing_idefics.py","image_processing_idefics.py",".py","3444","7/25/2026 1:35:00 PM","C:\Users\Ghanam\OneDrive\projects\Greeny-Life\.venv\Lib\site-packages\transformers\models\idefics"
"C:\Users\Ghanam\OneDrive\projects\Greeny-Life\.venv\Lib\site-packages\transformers\models\idefics\image_processing_pil_idefics.py","image_processing_pil_idefics.py",".py","3846","7/25/2026 1:35:00 PM","C:\Users\Ghanam\OneDrive\projects\Greeny-Life\.venv\Lib\site-packages\transformers\models\idefics"
"C:\Users\Ghanam\OneDrive\projects\Greeny-Life\.venv\Lib\site-packages\transformers\models\idefics\modeling_idefics.py","modeling_idefics.py",".py","55380","7/25/2026 1:35:00 PM","C:\Users\Ghanam\OneDrive\projects\Greeny-Life\.venv\Lib\site-packages\transformers\models\idefics"
"C:\Users\Ghanam\OneDrive\projects\Greeny-Life\.venv\Lib\site-packages\transformers\models\idefics\processing_idefics.py","processing_idefics.py",".py","16965","7/25/2026 1:35:00 PM","C:\Users\Ghanam\OneDrive\projects\Greeny-Life\.venv\Lib\site-packages\transformers\models\idefics"
"C:\Users\Ghanam\OneDrive\projects\Greeny-Life\.venv\Lib\site-packages\transformers\models\idefics2\image_processing_idefics2.py","image_processing_idefics2.py",".py","11359","7/25/2026 1:35:00 PM","C:\Users\Ghanam\OneDrive\projects\Greeny-Life\.venv\Lib\site-packages\transformers\models\idefics2"
"C:\Users\Ghanam\OneDrive\projects\Greeny-Life\.venv\Lib\site-packages\transformers\models\idefics2\image_processing_pil_idefics2.py","image_processing_pil_idefics2.py",".py","10319","7/25/2026 1:35:00 PM","C:\Users\Ghanam\OneDrive\projects\Greeny-Life\.venv\Lib\site-packages\transformers\models\idefics2"
"C:\Users\Ghanam\OneDrive\projects\Greeny-Life\.venv\Lib\site-packages\transformers\models\idefics2\modeling_idefics2.py","modeling_idefics2.py",".py","49157","7/25/2026 1:35:00 PM","C:\Users\Ghanam\OneDrive\projects\Greeny-Life\.venv\Lib\site-packages\transformers\models\idefics2"
"C:\Users\Ghanam\OneDrive\projects\Greeny-Life\.venv\Lib\site-packages\transformers\models\idefics2\processing_idefics2.py","processing_idefics2.py",".py","8093","7/25/2026 1:35:00 PM","C:\Users\Ghanam\OneDrive\projects\Greeny-Life\.venv\Lib\site-packages\transformers\models\idefics2"
"C:\Users\Ghanam\OneDrive\projects\Greeny-Life\.venv\Lib\site-packages\transformers\models\idefics3\image_processing_idefics3.py","image_processing_idefics3.py",".py","23540","7/25/2026 1:35:00 PM","C:\Users\Ghanam\OneDrive\projects\Greeny-Life\.venv\Lib\site-packages\transformers\models\idefics3"
"C:\Users\Ghanam\OneDrive\projects\Greeny-Life\.venv\Lib\site-packages\transformers\models\idefics3\image_processing_pil_idefics3.py","image_processing_pil_idefics3.py",".py","18876","7/25/2026 1:35:00 PM","C:\Users\Ghanam\OneDrive\projects\Greeny-Life\.venv\Lib\site-packages\transformers\models\idefics3"
"C:\Users\Ghanam\OneDrive\projects\Greeny-Life\.venv\Lib\site-packages\transformers\models\idefics3\modeling_idefics3.py","modeling_idefics3.py",".py","39577","7/25/2026 1:35:00 PM","C:\Users\Ghanam\OneDrive\projects\Greeny-Life\.venv\Lib\site-packages\transformers\models\idefics3"
"C:\Users\Ghanam\OneDrive\projects\Greeny-Life\.venv\Lib\site-packages\transformers\models\idefics3\processing_idefics3.py","processing_idefics3.py",".py","14394","7/25/2026 1:35:00 PM","C:\Users\Ghanam\OneDrive\projects\Greeny-Life\.venv\Lib\site-packages\transformers\models\idefics3"
"C:\Users\Ghanam\OneDrive\projects\Greeny-Life\.venv\Lib\site-packages\transformers\models\imagegpt\image_processing_imagegpt.py","image_processing_imagegpt.py",".py","7942","7/25/2026 1:35:00 PM","C:\Users\Ghanam\OneDrive\projects\Greeny-Life\.venv\Lib\site-packages\transformers\models\imagegpt"
"C:\Users\Ghanam\OneDrive\projects\Greeny-Life\.venv\Lib\site-packages\transformers\models\imagegpt\image_processing_pil_imagegpt.py","image_processing_pil_imagegpt.py",".py","5751","7/25/2026 1:35:00 PM","C:\Users\Ghanam\OneDrive\projects\Greeny-Life\.venv\Lib\site-packages\transformers\models\imagegpt"
"C:\Users\Ghanam\OneDrive\projects\Greeny-Life\.venv\Lib\site-packages\transformers\models\imagegpt\modeling_imagegpt.py","modeling_imagegpt.py",".py","35889","7/25/2026 1:35:00 PM","C:\Users\Ghanam\OneDrive\projects\Greeny-Life\.venv\Lib\site-packages\transformers\models\imagegpt"
"C:\Users\Ghanam\OneDrive\projects\Greeny-Life\.venv\Lib\site-packages\transformers\models\inkling\feature_extraction_inkling.py","feature_extraction_inkling.py",".py","11810","7/25/2026 1:35:00 PM","C:\Users\Ghanam\OneDrive\projects\Greeny-Life\.venv\Lib\site-packages\transformers\models\inkling"
"C:\Users\Ghanam\OneDrive\projects\Greeny-Life\.venv\Lib\site-packages\transformers\models\inkling\image_processing_inkling.py","image_processing_inkling.py",".py","6709","7/25/2026 1:35:00 PM","C:\Users\Ghanam\OneDrive\projects\Greeny-Life\.venv\Lib\site-packages\transformers\models\inkling"
"C:\Users\Ghanam\OneDrive\projects\Greeny-Life\.venv\Lib\site-packages\transformers\models\inkling\modeling_inkling.py","modeling_inkling.py",".py","59861","7/25/2026 1:35:00 PM","C:\Users\Ghanam\OneDrive\projects\Greeny-Life\.venv\Lib\site-packages\transformers\models\inkling"
"C:\Users\Ghanam\OneDrive\projects\Greeny-Life\.venv\Lib\site-packages\transformers\models\inkling\modular_inkling.py","modular_inkling.py",".py","59825","7/25/2026 1:35:00 PM","C:\Users\Ghanam\OneDrive\projects\Greeny-Life\.venv\Lib\site-packages\transformers\models\inkling"
"C:\Users\Ghanam\OneDrive\projects\Greeny-Life\.venv\Lib\site-packages\transformers\models\inkling\processing_inkling.py","processing_inkling.py",".py","5742","7/25/2026 1:35:00 PM","C:\Users\Ghanam\OneDrive\projects\Greeny-Life\.venv\Lib\site-packages\transformers\models\inkling"
"C:\Users\Ghanam\OneDrive\projects\Greeny-Life\.venv\Lib\site-packages\transformers\models\instructblip\modeling_instructblip.py","modeling_instructblip.py",".py","59349","7/25/2026 1:35:00 PM","C:\Users\Ghanam\OneDrive\projects\Greeny-Life\.venv\Lib\site-packages\transformers\models\instructblip"
"C:\Users\Ghanam\OneDrive\projects\Greeny-Life\.venv\Lib\site-packages\transformers\models\instructblip\processing_instructblip.py","processing_instructblip.py",".py","5403","7/25/2026 1:35:00 PM","C:\Users\Ghanam\OneDrive\projects\Greeny-Life\.venv\Lib\site-packages\transformers\models\instructblip"
"C:\Users\Ghanam\OneDrive\projects\Greeny-Life\.venv\Lib\site-packages\transformers\models\instructblipvideo\modeling_instructblipvideo.py","modeling_instructblipvideo.py",".py","60169","7/25/2026 1:35:00 PM","C:\Users\Ghanam\OneDrive\projects\Greeny-Life\.venv\Lib\site-packages\transformers\models\instructblipvideo"
"C:\Users\Ghanam\OneDrive\projects\Greeny-Life\.venv\Lib\site-packages\transformers\models\instructblipvideo\modular_instructblipvideo.py","modular_instructblipvideo.py",".py","24555","7/25/2026 1:35:00 PM","C:\Users\Ghanam\OneDrive\projects\Greeny-Life\.venv\Lib\site-packages\transformers\models\instructblipvideo"
"C:\Users\Ghanam\OneDrive\projects\Greeny-Life\.venv\Lib\site-packages\transformers\models\instructblipvideo\processing_instructblipvideo.py","processing_instructblipvideo.py",".py","6953","7/25/2026 1:35:00 PM","C:\Users\Ghanam\OneDrive\projects\Greeny-Life\.venv\Lib\site-packages\transformers\models\instructblipvideo"
"C:\Users\Ghanam\OneDrive\projects\Greeny-Life\.venv\Lib\site-packages\transformers\models\instructblipvideo\video_processing_instructblipvideo.py","video_processing_instructblipvideo.py",".py","3591","7/25/2026 1:35:00 PM","C:\Users\Ghanam\OneDrive\projects\Greeny-Life\.venv\Lib\site-packages\transformers\models\instructblipvideo"
"C:\Users\Ghanam\OneDrive\projects\Greeny-Life\.venv\Lib\site-packages\transformers\models\internvl\modeling_internvl.py","modeling_internvl.py",".py","37163","7/25/2026 1:35:00 PM","C:\Users\Ghanam\OneDrive\projects\Greeny-Life\.venv\Lib\site-packages\transformers\models\internvl"
"C:\Users\Ghanam\OneDrive\projects\Greeny-Life\.venv\Lib\site-packages\transformers\models\internvl\modular_internvl.py","modular_internvl.py",".py","25263","7/25/2026 1:35:00 PM","C:\Users\Ghanam\OneDrive\projects\Greeny-Life\.venv\Lib\site-packages\transformers\models\internvl"
"C:\Users\Ghanam\OneDrive\projects\Greeny-Life\.venv\Lib\site-packages\transformers\models\internvl\processing_internvl.py","processing_internvl.py",".py","12653","7/25/2026 1:35:00 PM","C:\Users\Ghanam\OneDrive\projects\Greeny-Life\.venv\Lib\site-packages\transformers\models\internvl"
"C:\Users\Ghanam\OneDrive\projects\Greeny-Life\.venv\Lib\site-packages\transformers\models\internvl\video_processing_internvl.py","video_processing_internvl.py",".py","6365","7/25/2026 1:35:00 PM","C:\Users\Ghanam\OneDrive\projects\Greeny-Life\.venv\Lib\site-packages\transformers\models\internvl"
"C:\Users\Ghanam\OneDrive\projects\Greeny-Life\.venv\Lib\site-packages\transformers\models\janus\image_processing_janus.py","image_processing_janus.py",".py","8892","7/25/2026 1:35:00 PM","C:\Users\Ghanam\OneDrive\projects\Greeny-Life\.venv\Lib\site-packages\transformers\models\janus"
"C:\Users\Ghanam\OneDrive\projects\Greeny-Life\.venv\Lib\site-packages\transformers\models\janus\image_processing_pil_janus.py","image_processing_pil_janus.py",".py","10488","7/25/2026 1:35:00 PM","C:\Users\Ghanam\OneDrive\projects\Greeny-Life\.venv\Lib\site-packages\transformers\models\janus"
"C:\Users\Ghanam\OneDrive\projects\Greeny-Life\.venv\Lib\site-packages\transformers\models\janus\modeling_janus.py","modeling_janus.py",".py","58520","7/25/2026 1:35:00 PM","C:\Users\Ghanam\OneDrive\projects\Greeny-Life\.venv\Lib\site-packages\transformers\models\janus"
"C:\Users\Ghanam\OneDrive\projects\Greeny-Life\.venv\Lib\site-packages\transformers\models\janus\modular_janus.py","modular_janus.py",".py","46904","7/25/2026 1:35:00 PM","C:\Users\Ghanam\OneDrive\projects\Greeny-Life\.venv\Lib\site-packages\transformers\models\janus"
"C:\Users\Ghanam\OneDrive\projects\Greeny-Life\.venv\Lib\site-packages\transformers\models\janus\processing_janus.py","processing_janus.py",".py","6794","7/25/2026 1:35:00 PM","C:\Users\Ghanam\OneDrive\projects\Greeny-Life\.venv\Lib\site-packages\transformers\models\janus"
"C:\Users\Ghanam\OneDrive\projects\Greeny-Life\.venv\Lib\site-packages\transformers\models\kimi_k25\image_processing_kimi_k25.py","image_processing_kimi_k25.py",".py","8997","7/25/2026 1:35:00 PM","C:\Users\Ghanam\OneDrive\projects\Greeny-Life\.venv\Lib\site-packages\transformers\models\kimi_k25"
"C:\Users\Ghanam\OneDrive\projects\Greeny-Life\.venv\Lib\site-packages\transformers\models\kimi_k25\modeling_kimi_k25.py","modeling_kimi_k25.py",".py","39692","7/25/2026 1:35:00 PM","C:\Users\Ghanam\OneDrive\projects\Greeny-Life\.venv\Lib\site-packages\transformers\models\kimi_k25"
"C:\Users\Ghanam\OneDrive\projects\Greeny-Life\.venv\Lib\site-packages\transformers\models\kimi_k25\modular_kimi_k25.py","modular_kimi_k25.py",".py","34435","7/25/2026 1:35:00 PM","C:\Users\Ghanam\OneDrive\projects\Greeny-Life\.venv\Lib\site-packages\transformers\models\kimi_k25"
"C:\Users\Ghanam\OneDrive\projects\Greeny-Life\.venv\Lib\site-packages\transformers\models\kimi_k25\processing_kimi_k25.py","processing_kimi_k25.py",".py","8810","7/25/2026 1:35:00 PM","C:\Users\Ghanam\OneDrive\projects\Greeny-Life\.venv\Lib\site-packages\transformers\models\kimi_k25"
"C:\Users\Ghanam\OneDrive\projects\Greeny-Life\.venv\Lib\site-packages\transformers\models\kimi_k25\video_processing_kimi_k25.py","video_processing_kimi_k25.py",".py","8567","7/25/2026 1:35:00 PM","C:\Users\Ghanam\OneDrive\projects\Greeny-Life\.venv\Lib\site-packages\transformers\models\kimi_k25"
"C:\Users\Ghanam\OneDrive\projects\Greeny-Life\.venv\Lib\site-packages\transformers\models\kosmos2\modeling_kosmos2.py","modeling_kosmos2.py",".py","71159","7/25/2026 1:35:00 PM","C:\Users\Ghanam\OneDrive\projects\Greeny-Life\.venv\Lib\site-packages\transformers\models\kosmos2"
"C:\Users\Ghanam\OneDrive\projects\Greeny-Life\.venv\Lib\site-packages\transformers\models\kosmos2\processing_kosmos2.py","processing_kosmos2.py",".py","29686","7/25/2026 1:35:00 PM","C:\Users\Ghanam\OneDrive\projects\Greeny-Life\.venv\Lib\site-packages\transformers\models\kosmos2"
"C:\Users\Ghanam\OneDrive\projects\Greeny-Life\.venv\Lib\site-packages\transformers\models\kosmos2_5\image_processing_kosmos2_5.py","image_processing_kosmos2_5.py",".py","11673","7/25/2026 1:35:00 PM","C:\Users\Ghanam\OneDrive\projects\Greeny-Life\.venv\Lib\site-packages\transformers\models\kosmos2_5"
"C:\Users\Ghanam\OneDrive\projects\Greeny-Life\.venv\Lib\site-packages\transformers\models\kosmos2_5\image_processing_pil_kosmos2_5.py","image_processing_pil_kosmos2_5.py",".py","9978","7/25/2026 1:35:00 PM","C:\Users\Ghanam\OneDrive\projects\Greeny-Life\.venv\Lib\site-packages\transformers\models\kosmos2_5"
"C:\Users\Ghanam\OneDrive\projects\Greeny-Life\.venv\Lib\site-packages\transformers\models\kosmos2_5\modeling_kosmos2_5.py","modeling_kosmos2_5.py",".py","69621","7/25/2026 1:35:00 PM","C:\Users\Ghanam\OneDrive\projects\Greeny-Life\.venv\Lib\site-packages\transformers\models\kosmos2_5"
"C:\Users\Ghanam\OneDrive\projects\Greeny-Life\.venv\Lib\site-packages\transformers\models\kosmos2_5\processing_kosmos2_5.py","processing_kosmos2_5.py",".py","5022","7/25/2026 1:35:00 PM","C:\Users\Ghanam\OneDrive\projects\Greeny-Life\.venv\Lib\site-packages\transformers\models\kosmos2_5"
"C:\Users\Ghanam\OneDrive\projects\Greeny-Life\.venv\Lib\site-packages\transformers\models\kyutai_speech_to_text\modeling_kyutai_speech_to_text.py","modeling_kyutai_speech_to_text.py",".py","43829","7/25/2026 1:35:00 PM","C:\Users\Ghanam\OneDrive\projects\Greeny-Life\.venv\Lib\site-packages\transformers\models\kyutai_speech_to_text"
"C:\Users\Ghanam\OneDrive\projects\Greeny-Life\.venv\Lib\site-packages\transformers\models\kyutai_speech_to_text\modular_kyutai_speech_to_text.py","modular_kyutai_speech_to_text.py",".py","24092","7/25/2026 1:35:00 PM","C:\Users\Ghanam\OneDrive\projects\Greeny-Life\.venv\Lib\site-packages\transformers\models\kyutai_speech_to_text"
"C:\Users\Ghanam\OneDrive\projects\Greeny-Life\.venv\Lib\site-packages\transformers\models\kyutai_speech_to_text\processing_kyutai_speech_to_text.py","processing_kyutai_speech_to_text.py",".py","1222","7/25/2026 1:35:00 PM","C:\Users\Ghanam\OneDrive\projects\Greeny-Life\.venv\Lib\site-packages\transformers\models\kyutai_speech_to_text"
"C:\Users\Ghanam\OneDrive\projects\Greeny-Life\.venv\Lib\site-packages\transformers\models\lasr\modeling_lasr.py","modeling_lasr.py",".py","32301","7/25/2026 1:35:00 PM","C:\Users\Ghanam\OneDrive\projects\Greeny-Life\.venv\Lib\site-packages\transformers\models\lasr"
"C:\Users\Ghanam\OneDrive\projects\Greeny-Life\.venv\Lib\site-packages\transformers\models\lasr\modular_lasr.py","modular_lasr.py",".py","23571","7/25/2026 1:35:00 PM","C:\Users\Ghanam\OneDrive\projects\Greeny-Life\.venv\Lib\site-packages\transformers\models\lasr"
"C:\Users\Ghanam\OneDrive\projects\Greeny-Life\.venv\Lib\site-packages\transformers\models\lasr\processing_lasr.py","processing_lasr.py",".py","4495","7/25/2026 1:35:00 PM","C:\Users\Ghanam\OneDrive\projects\Greeny-Life\.venv\Lib\site-packages\transformers\models\lasr"
"C:\Users\Ghanam\OneDrive\projects\Greeny-Life\.venv\Lib\site-packages\transformers\models\lasr\tokenization_lasr.py","tokenization_lasr.py",".py","8081","7/25/2026 1:35:00 PM","C:\Users\Ghanam\OneDrive\projects\Greeny-Life\.venv\Lib\site-packages\transformers\models\lasr"
"C:\Users\Ghanam\OneDrive\projects\Greeny-Life\.venv\Lib\site-packages\transformers\models\layoutlmv2\image_processing_layoutlmv2.py","image_processing_layoutlmv2.py",".py","7727","7/25/2026 1:35:00 PM","C:\Users\Ghanam\OneDrive\projects\Greeny-Life\.venv\Lib\site-packages\transformers\models\layoutlmv2"
"C:\Users\Ghanam\OneDrive\projects\Greeny-Life\.venv\Lib\site-packages\transformers\models\layoutlmv2\image_processing_pil_layoutlmv2.py","image_processing_pil_layoutlmv2.py",".py","6797","7/25/2026 1:35:00 PM","C:\Users\Ghanam\OneDrive\projects\Greeny-Life\.venv\Lib\site-packages\transformers\models\layoutlmv2"
"C:\Users\Ghanam\OneDrive\projects\Greeny-Life\.venv\Lib\site-packages\transformers\models\layoutlmv2\modeling_layoutlmv2.py","modeling_layoutlmv2.py",".py","57887","7/25/2026 1:35:00 PM","C:\Users\Ghanam\OneDrive\projects\Greeny-Life\.venv\Lib\site-packages\transformers\models\layoutlmv2"
"C:\Users\Ghanam\OneDrive\projects\Greeny-Life\.venv\Lib\site-packages\transformers\models\layoutlmv2\processing_layoutlmv2.py","processing_layoutlmv2.py",".py","5316","7/25/2026 1:35:00 PM","C:\Users\Ghanam\OneDrive\projects\Greeny-Life\.venv\Lib\site-packages\transformers\models\layoutlmv2"
"C:\Users\Ghanam\OneDrive\projects\Greeny-Life\.venv\Lib\site-packages\transformers\models\layoutlmv2\tokenization_layoutlmv2.py","tokenization_layoutlmv2.py",".py","42661","7/25/2026 1:35:00 PM","C:\Users\Ghanam\OneDrive\projects\Greeny-Life\.venv\Lib\site-packages\transformers\models\layoutlmv2"
"C:\Users\Ghanam\OneDrive\projects\Greeny-Life\.venv\Lib\site-packages\transformers\models\layoutlmv3\image_processing_layoutlmv3.py","image_processing_layoutlmv3.py",".py","8311","7/25/2026 1:35:00 PM","C:\Users\Ghanam\OneDrive\projects\Greeny-Life\.venv\Lib\site-packages\transformers\models\layoutlmv3"
"C:\Users\Ghanam\OneDrive\projects\Greeny-Life\.venv\Lib\site-packages\transformers\models\layoutlmv3\image_processing_pil_layoutlmv3.py","image_processing_pil_layoutlmv3.py",".py","7332","7/25/2026 1:35:00 PM","C:\Users\Ghanam\OneDrive\projects\Greeny-Life\.venv\Lib\site-packages\transformers\models\layoutlmv3"
"C:\Users\Ghanam\OneDrive\projects\Greeny-Life\.venv\Lib\site-packages\transformers\models\layoutlmv3\modeling_layoutlmv3.py","modeling_layoutlmv3.py",".py","49328","7/25/2026 1:35:00 PM","C:\Users\Ghanam\OneDrive\projects\Greeny-Life\.venv\Lib\site-packages\transformers\models\layoutlmv3"
"C:\Users\Ghanam\OneDrive\projects\Greeny-Life\.venv\Lib\site-packages\transformers\models\layoutlmv3\processing_layoutlmv3.py","processing_layoutlmv3.py",".py","5097","7/25/2026 1:35:00 PM","C:\Users\Ghanam\OneDrive\projects\Greeny-Life\.venv\Lib\site-packages\transformers\models\layoutlmv3"
"C:\Users\Ghanam\OneDrive\projects\Greeny-Life\.venv\Lib\site-packages\transformers\models\layoutlmv3\tokenization_layoutlmv3.py","tokenization_layoutlmv3.py",".py","42660","7/25/2026 1:35:00 PM","C:\Users\Ghanam\OneDrive\projects\Greeny-Life\.venv\Lib\site-packages\transformers\models\layoutlmv3"
"C:\Users\Ghanam\OneDrive\projects\Greeny-Life\.venv\Lib\site-packages\transformers\models\layoutxlm\processing_layoutxlm.py","processing_layoutxlm.py",".py","5294","7/25/2026 1:35:00 PM","C:\Users\Ghanam\OneDrive\projects\Greeny-Life\.venv\Lib\site-packages\transformers\models\layoutxlm"
"C:\Users\Ghanam\OneDrive\projects\Greeny-Life\.venv\Lib\site-packages\transformers\models\layoutxlm\tokenization_layoutxlm.py","tokenization_layoutxlm.py",".py","46151","7/25/2026 1:35:00 PM","C:\Users\Ghanam\OneDrive\projects\Greeny-Life\.venv\Lib\site-packages\transformers\models\layoutxlm"
"C:\Users\Ghanam\OneDrive\projects\Greeny-Life\.venv\Lib\site-packages\transformers\models\levit\image_processing_levit.py","image_processing_levit.py",".py","2647","7/25/2026 1:35:00 PM","C:\Users\Ghanam\OneDrive\projects\Greeny-Life\.venv\Lib\site-packages\transformers\models\levit"
"C:\Users\Ghanam\OneDrive\projects\Greeny-Life\.venv\Lib\site-packages\transformers\models\levit\image_processing_pil_levit.py","image_processing_pil_levit.py",".py","2600","7/25/2026 1:35:00 PM","C:\Users\Ghanam\OneDrive\projects\Greeny-Life\.venv\Lib\site-packages\transformers\models\levit"
"C:\Users\Ghanam\OneDrive\projects\Greeny-Life\.venv\Lib\site-packages\transformers\models\lfm2_vl\image_processing_lfm2_vl.py","image_processing_lfm2_vl.py",".py","23843","7/25/2026 1:35:00 PM","C:\Users\Ghanam\OneDrive\projects\Greeny-Life\.venv\Lib\site-packages\transformers\models\lfm2_vl"
"C:\Users\Ghanam\OneDrive\projects\Greeny-Life\.venv\Lib\site-packages\transformers\models\lfm2_vl\modeling_lfm2_vl.py","modeling_lfm2_vl.py",".py","20309","7/25/2026 1:35:00 PM","C:\Users\Ghanam\OneDrive\projects\Greeny-Life\.venv\Lib\site-packages\transformers\models\lfm2_vl"
"C:\Users\Ghanam\OneDrive\projects\Greeny-Life\.venv\Lib\site-packages\transformers\models\lfm2_vl\modular_lfm2_vl.py","modular_lfm2_vl.py",".py","14662","7/25/2026 1:35:00 PM","C:\Users\Ghanam\OneDrive\projects\Greeny-Life\.venv\Lib\site-packages\transformers\models\lfm2_vl"
"C:\Users\Ghanam\OneDrive\projects\Greeny-Life\.venv\Lib\site-packages\transformers\models\lfm2_vl\processing_lfm2_vl.py","processing_lfm2_vl.py",".py","11061","7/25/2026 1:35:00 PM","C:\Users\Ghanam\OneDrive\projects\Greeny-Life\.venv\Lib\site-packages\transformers\models\lfm2_vl"
"C:\Users\Ghanam\OneDrive\projects\Greeny-Life\.venv\Lib\site-packages\transformers\models\lightglue\image_processing_lightglue.py","image_processing_lightglue.py",".py","13536","7/25/2026 1:35:00 PM","C:\Users\Ghanam\OneDrive\projects\Greeny-Life\.venv\Lib\site-packages\transformers\models\lightglue"
"C:\Users\Ghanam\OneDrive\projects\Greeny-Life\.venv\Lib\site-packages\transformers\models\lightglue\image_processing_pil_lightglue.py","image_processing_pil_lightglue.py",".py","12549","7/25/2026 1:35:00 PM","C:\Users\Ghanam\OneDrive\projects\Greeny-Life\.venv\Lib\site-packages\transformers\models\lightglue"
"C:\Users\Ghanam\OneDrive\projects\Greeny-Life\.venv\Lib\site-packages\transformers\models\lightglue\modular_lightglue.py","modular_lightglue.py",".py","42881","7/25/2026 1:35:00 PM","C:\Users\Ghanam\OneDrive\projects\Greeny-Life\.venv\Lib\site-packages\transformers\models\lightglue"
"C:\Users\Ghanam\OneDrive\projects\Greeny-Life\.venv\Lib\site-packages\transformers\models\lighton_ocr\modeling_lighton_ocr.py","modeling_lighton_ocr.py",".py","18360","7/25/2026 1:35:00 PM","C:\Users\Ghanam\OneDrive\projects\Greeny-Life\.venv\Lib\site-packages\transformers\models\lighton_ocr"
"C:\Users\Ghanam\OneDrive\projects\Greeny-Life\.venv\Lib\site-packages\transformers\models\lighton_ocr\modular_lighton_ocr.py","modular_lighton_ocr.py",".py","14559","7/25/2026 1:35:00 PM","C:\Users\Ghanam\OneDrive\projects\Greeny-Life\.venv\Lib\site-packages\transformers\models\lighton_ocr"
"C:\Users\Ghanam\OneDrive\projects\Greeny-Life\.venv\Lib\site-packages\transformers\models\lighton_ocr\processing_lighton_ocr.py","processing_lighton_ocr.py",".py","10389","7/25/2026 1:35:00 PM","C:\Users\Ghanam\OneDrive\projects\Greeny-Life\.venv\Lib\site-packages\transformers\models\lighton_ocr"
"C:\Users\Ghanam\OneDrive\projects\Greeny-Life\.venv\Lib\site-packages\transformers\models\llama\tokenization_llama.py","tokenization_llama.py",".py","6346","7/25/2026 1:35:00 PM","C:\Users\Ghanam\OneDrive\projects\Greeny-Life\.venv\Lib\site-packages\transformers\models\llama"
"C:\Users\Ghanam\OneDrive\projects\Greeny-Life\.venv\Lib\site-packages\transformers\models\llama4\image_processing_llama4.py","image_processing_llama4.py",".py","17348","7/25/2026 1:35:00 PM","C:\Users\Ghanam\OneDrive\projects\Greeny-Life\.venv\Lib\site-packages\transformers\models\llama4"
"C:\Users\Ghanam\OneDrive\projects\Greeny-Life\.venv\Lib\site-packages\transformers\models\llama4\modeling_llama4.py","modeling_llama4.py",".py","59386","7/25/2026 1:35:00 PM","C:\Users\Ghanam\OneDrive\projects\Greeny-Life\.venv\Lib\site-packages\transformers\models\llama4"
"C:\Users\Ghanam\OneDrive\projects\Greeny-Life\.venv\Lib\site-packages\transformers\models\llama4\processing_llama4.py","processing_llama4.py",".py","14177","7/25/2026 1:35:00 PM","C:\Users\Ghanam\OneDrive\projects\Greeny-Life\.venv\Lib\site-packages\transformers\models\llama4"
"C:\Users\Ghanam\OneDrive\projects\Greeny-Life\.venv\Lib\site-packages\transformers\models\llava\image_processing_llava.py","image_processing_llava.py",".py","6277","7/25/2026 1:35:00 PM","C:\Users\Ghanam\OneDrive\projects\Greeny-Life\.venv\Lib\site-packages\transformers\models\llava"
"C:\Users\Ghanam\OneDrive\projects\Greeny-Life\.venv\Lib\site-packages\transformers\models\llava\image_processing_pil_llava.py","image_processing_pil_llava.py",".py","4557","7/25/2026 1:35:00 PM","C:\Users\Ghanam\OneDrive\projects\Greeny-Life\.venv\Lib\site-packages\transformers\models\llava"
"C:\Users\Ghanam\OneDrive\projects\Greeny-Life\.venv\Lib\site-packages\transformers\models\llava\modeling_llava.py","modeling_llava.py",".py","17800","7/25/2026 1:35:00 PM","C:\Users\Ghanam\OneDrive\projects\Greeny-Life\.venv\Lib\site-packages\transformers\models\llava"
"C:\Users\Ghanam\OneDrive\projects\Greeny-Life\.venv\Lib\site-packages\transformers\models\llava\processing_llava.py","processing_llava.py",".py","4672","7/25/2026 1:35:00 PM","C:\Users\Ghanam\OneDrive\projects\Greeny-Life\.venv\Lib\site-packages\transformers\models\llava"
"C:\Users\Ghanam\OneDrive\projects\Greeny-Life\.venv\Lib\site-packages\transformers\models\llava_next\image_processing_llava_next.py","image_processing_llava_next.py",".py","9752","7/25/2026 1:35:00 PM","C:\Users\Ghanam\OneDrive\projects\Greeny-Life\.venv\Lib\site-packages\transformers\models\llava_next"
"C:\Users\Ghanam\OneDrive\projects\Greeny-Life\.venv\Lib\site-packages\transformers\models\llava_next\image_processing_pil_llava_next.py","image_processing_pil_llava_next.py",".py","9062","7/25/2026 1:35:00 PM","C:\Users\Ghanam\OneDrive\projects\Greeny-Life\.venv\Lib\site-packages\transformers\models\llava_next"
"C:\Users\Ghanam\OneDrive\projects\Greeny-Life\.venv\Lib\site-packages\transformers\models\llava_next\modeling_llava_next.py","modeling_llava_next.py",".py","30446","7/25/2026 1:35:00 PM","C:\Users\Ghanam\OneDrive\projects\Greeny-Life\.venv\Lib\site-packages\transformers\models\llava_next"
"C:\Users\Ghanam\OneDrive\projects\Greeny-Life\.venv\Lib\site-packages\transformers\models\llava_next\processing_llava_next.py","processing_llava_next.py",".py","10757","7/25/2026 1:35:00 PM","C:\Users\Ghanam\OneDrive\projects\Greeny-Life\.venv\Lib\site-packages\transformers\models\llava_next"
"C:\Users\Ghanam\OneDrive\projects\Greeny-Life\.venv\Lib\site-packages\transformers\models\llava_next_video\modeling_llava_next_video.py","modeling_llava_next_video.py",".py","41496","7/25/2026 1:35:00 PM","C:\Users\Ghanam\OneDrive\projects\Greeny-Life\.venv\Lib\site-packages\transformers\models\llava_next_video"
"C:\Users\Ghanam\OneDrive\projects\Greeny-Life\.venv\Lib\site-packages\transformers\models\llava_next_video\modular_llava_next_video.py","modular_llava_next_video.py",".py","30737","7/25/2026 1:35:00 PM","C:\Users\Ghanam\OneDrive\projects\Greeny-Life\.venv\Lib\site-packages\transformers\models\llava_next_video"
"C:\Users\Ghanam\OneDrive\projects\Greeny-Life\.venv\Lib\site-packages\transformers\models\llava_next_video\processing_llava_next_video.py","processing_llava_next_video.py",".py","9434","7/25/2026 1:35:00 PM","C:\Users\Ghanam\OneDrive\projects\Greeny-Life\.venv\Lib\site-packages\transformers\models\llava_next_video"
"C:\Users\Ghanam\OneDrive\projects\Greeny-Life\.venv\Lib\site-packages\transformers\models\llava_next_video\video_processing_llava_next_video.py","video_processing_llava_next_video.py",".py","1333","7/25/2026 1:35:00 PM","C:\Users\Ghanam\OneDrive\projects\Greeny-Life\.venv\Lib\site-packages\transformers\models\llava_next_video"
"C:\Users\Ghanam\OneDrive\projects\Greeny-Life\.venv\Lib\site-packages\transformers\models\llava_onevision\image_processing_llava_onevision.py","image_processing_llava_onevision.py",".py","13317","7/25/2026 1:35:01 PM","C:\Users\Ghanam\OneDrive\projects\Greeny-Life\.venv\Lib\site-packages\transformers\models\llava_onevision"
"C:\Users\Ghanam\OneDrive\projects\Greeny-Life\.venv\Lib\site-packages\transformers\models\llava_onevision\image_processing_pil_llava_onevision.py","image_processing_pil_llava_onevision.py",".py","12967","7/25/2026 1:35:01 PM","C:\Users\Ghanam\OneDrive\projects\Greeny-Life\.venv\Lib\site-packages\transformers\models\llava_onevision"
"C:\Users\Ghanam\OneDrive\projects\Greeny-Life\.venv\Lib\site-packages\transformers\models\llava_onevision\modeling_llava_onevision.py","modeling_llava_onevision.py",".py","40097","7/25/2026 1:35:01 PM","C:\Users\Ghanam\OneDrive\projects\Greeny-Life\.venv\Lib\site-packages\transformers\models\llava_onevision"
"C:\Users\Ghanam\OneDrive\projects\Greeny-Life\.venv\Lib\site-packages\transformers\models\llava_onevision\modular_llava_onevision.py","modular_llava_onevision.py",".py","39275","7/25/2026 1:35:01 PM","C:\Users\Ghanam\OneDrive\projects\Greeny-Life\.venv\Lib\site-packages\transformers\models\llava_onevision"
"C:\Users\Ghanam\OneDrive\projects\Greeny-Life\.venv\Lib\site-packages\transformers\models\llava_onevision\processing_llava_onevision.py","processing_llava_onevision.py",".py","13975","7/25/2026 1:35:01 PM","C:\Users\Ghanam\OneDrive\projects\Greeny-Life\.venv\Lib\site-packages\transformers\models\llava_onevision"
"C:\Users\Ghanam\OneDrive\projects\Greeny-Life\.venv\Lib\site-packages\transformers\models\llava_onevision\video_processing_llava_onevision.py","video_processing_llava_onevision.py",".py","1343","7/25/2026 1:35:01 PM","C:\Users\Ghanam\OneDrive\projects\Greeny-Life\.venv\Lib\site-packages\transformers\models\llava_onevision"
"C:\Users\Ghanam\OneDrive\projects\Greeny-Life\.venv\Lib\site-packages\transformers\models\lw_detr\modeling_lw_detr.py","modeling_lw_detr.py",".py","73512","7/25/2026 1:35:01 PM","C:\Users\Ghanam\OneDrive\projects\Greeny-Life\.venv\Lib\site-packages\transformers\models\lw_detr"
"C:\Users\Ghanam\OneDrive\projects\Greeny-Life\.venv\Lib\site-packages\transformers\models\lw_detr\modular_lw_detr.py","modular_lw_detr.py",".py","60744","7/25/2026 1:35:01 PM","C:\Users\Ghanam\OneDrive\projects\Greeny-Life\.venv\Lib\site-packages\transformers\models\lw_detr"
"C:\Users\Ghanam\OneDrive\projects\Greeny-Life\.venv\Lib\site-packages\transformers\models\m2m_100\tokenization_m2m_100.py","tokenization_m2m_100.py",".py","16373","7/25/2026 1:35:01 PM","C:\Users\Ghanam\OneDrive\projects\Greeny-Life\.venv\Lib\site-packages\transformers\models\m2m_100"
"C:\Users\Ghanam\OneDrive\projects\Greeny-Life\.venv\Lib\site-packages\transformers\models\marian\tokenization_marian.py","tokenization_marian.py",".py","18086","7/25/2026 1:35:01 PM","C:\Users\Ghanam\OneDrive\projects\Greeny-Life\.venv\Lib\site-packages\transformers\models\marian"
"C:\Users\Ghanam\OneDrive\projects\Greeny-Life\.venv\Lib\site-packages\transformers\models\markuplm\modeling_markuplm.py","modeling_markuplm.py",".py","36754","7/25/2026 1:35:01 PM","C:\Users\Ghanam\OneDrive\projects\Greeny-Life\.venv\Lib\site-packages\transformers\models\markuplm"
"C:\Users\Ghanam\OneDrive\projects\Greeny-Life\.venv\Lib\site-packages\transformers\models\markuplm\processing_markuplm.py","processing_markuplm.py",".py","5710","7/25/2026 1:35:01 PM","C:\Users\Ghanam\OneDrive\projects\Greeny-Life\.venv\Lib\site-packages\transformers\models\markuplm"
"C:\Users\Ghanam\OneDrive\projects\Greeny-Life\.venv\Lib\site-packages\transformers\models\markuplm\tokenization_markuplm.py","tokenization_markuplm.py",".py","48683","7/25/2026 1:35:01 PM","C:\Users\Ghanam\OneDrive\projects\Greeny-Life\.venv\Lib\site-packages\transformers\models\markuplm"
"C:\Users\Ghanam\OneDrive\projects\Greeny-Life\.venv\Lib\site-packages\transformers\models\mask2former\image_processing_mask2former.py","image_processing_mask2former.py",".py","39457","7/25/2026 1:35:01 PM","C:\Users\Ghanam\OneDrive\projects\Greeny-Life\.venv\Lib\site-packages\transformers\models\mask2former"
"C:\Users\Ghanam\OneDrive\projects\Greeny-Life\.venv\Lib\site-packages\transformers\models\mask2former\image_processing_pil_mask2former.py","image_processing_pil_mask2former.py",".py","40277","7/25/2026 1:35:01 PM","C:\Users\Ghanam\OneDrive\projects\Greeny-Life\.venv\Lib\site-packages\transformers\models\mask2former"
"C:\Users\Ghanam\OneDrive\projects\Greeny-Life\.venv\Lib\site-packages\transformers\models\mask2former\modeling_mask2former.py","modeling_mask2former.py",".py","118265","7/25/2026 1:35:01 PM","C:\Users\Ghanam\OneDrive\projects\Greeny-Life\.venv\Lib\site-packages\transformers\models\mask2former"
"C:\Users\Ghanam\OneDrive\projects\Greeny-Life\.venv\Lib\site-packages\transformers\models\mask2former\modular_mask2former.py","modular_mask2former.py",".py","33054","7/25/2026 1:35:01 PM","C:\Users\Ghanam\OneDrive\projects\Greeny-Life\.venv\Lib\site-packages\transformers\models\mask2former"
"C:\Users\Ghanam\OneDrive\projects\Greeny-Life\.venv\Lib\site-packages\transformers\models\maskformer\image_processing_maskformer.py","image_processing_maskformer.py",".py","38244","7/25/2026 1:35:01 PM","C:\Users\Ghanam\OneDrive\projects\Greeny-Life\.venv\Lib\site-packages\transformers\models\maskformer"
"C:\Users\Ghanam\OneDrive\projects\Greeny-Life\.venv\Lib\site-packages\transformers\models\maskformer\image_processing_pil_maskformer.py","image_processing_pil_maskformer.py",".py","38822","7/25/2026 1:35:01 PM","C:\Users\Ghanam\OneDrive\projects\Greeny-Life\.venv\Lib\site-packages\transformers\models\maskformer"
"C:\Users\Ghanam\OneDrive\projects\Greeny-Life\.venv\Lib\site-packages\transformers\models\maskformer\modeling_maskformer.py","modeling_maskformer.py",".py","94880","7/25/2026 1:35:01 PM","C:\Users\Ghanam\OneDrive\projects\Greeny-Life\.venv\Lib\site-packages\transformers\models\maskformer"
"C:\Users\Ghanam\OneDrive\projects\Greeny-Life\.venv\Lib\site-packages\transformers\models\maskformer\modular_maskformer.py","modular_maskformer.py",".py","68256","7/25/2026 1:35:01 PM","C:\Users\Ghanam\OneDrive\projects\Greeny-Life\.venv\Lib\site-packages\transformers\models\maskformer"
"C:\Users\Ghanam\OneDrive\projects\Greeny-Life\.venv\Lib\site-packages\transformers\models\mbart\tokenization_mbart.py","tokenization_mbart.py",".py","8473","7/25/2026 1:35:01 PM","C:\Users\Ghanam\OneDrive\projects\Greeny-Life\.venv\Lib\site-packages\transformers\models\mbart"
"C:\Users\Ghanam\OneDrive\projects\Greeny-Life\.venv\Lib\site-packages\transformers\models\mbart50\tokenization_mbart50.py","tokenization_mbart50.py",".py","14366","7/25/2026 1:35:01 PM","C:\Users\Ghanam\OneDrive\projects\Greeny-Life\.venv\Lib\site-packages\transformers\models\mbart50"
"C:\Users\Ghanam\OneDrive\projects\Greeny-Life\.venv\Lib\site-packages\transformers\models\metaclip_2\modeling_metaclip_2.py","modeling_metaclip_2.py",".py","48095","7/25/2026 1:35:01 PM","C:\Users\Ghanam\OneDrive\projects\Greeny-Life\.venv\Lib\site-packages\transformers\models\metaclip_2"
"C:\Users\Ghanam\OneDrive\projects\Greeny-Life\.venv\Lib\site-packages\transformers\models\metaclip_2\modular_metaclip_2.py","modular_metaclip_2.py",".py","24066","7/25/2026 1:35:01 PM","C:\Users\Ghanam\OneDrive\projects\Greeny-Life\.venv\Lib\site-packages\transformers\models\metaclip_2"
"C:\Users\Ghanam\OneDrive\projects\Greeny-Life\.venv\Lib\site-packages\transformers\models\mgp_str\modeling_mgp_str.py","modeling_mgp_str.py",".py","18101","7/25/2026 1:35:01 PM","C:\Users\Ghanam\OneDrive\projects\Greeny-Life\.venv\Lib\site-packages\transformers\models\mgp_str"
"C:\Users\Ghanam\OneDrive\projects\Greeny-Life\.venv\Lib\site-packages\transformers\models\mgp_str\processing_mgp_str.py","processing_mgp_str.py",".py","7804","7/25/2026 1:35:01 PM","C:\Users\Ghanam\OneDrive\projects\Greeny-Life\.venv\Lib\site-packages\transformers\models\mgp_str"
"C:\Users\Ghanam\OneDrive\projects\Greeny-Life\.venv\Lib\site-packages\transformers\models\minicpmv4_6\image_processing_minicpmv4_6.py","image_processing_minicpmv4_6.py",".py","10711","7/25/2026 1:35:01 PM","C:\Users\Ghanam\OneDrive\projects\Greeny-Life\.venv\Lib\site-packages\transformers\models\minicpmv4_6"
"C:\Users\Ghanam\OneDrive\projects\Greeny-Life\.venv\Lib\site-packages\transformers\models\minicpmv4_6\image_processing_pil_minicpmv4_6.py","image_processing_pil_minicpmv4_6.py",".py","10481","7/25/2026 1:35:01 PM","C:\Users\Ghanam\OneDrive\projects\Greeny-Life\.venv\Lib\site-packages\transformers\models\minicpmv4_6"
"C:\Users\Ghanam\OneDrive\projects\Greeny-Life\.venv\Lib\site-packages\transformers\models\minicpmv4_6\modeling_minicpmv4_6.py","modeling_minicpmv4_6.py",".py","38521","7/25/2026 1:35:01 PM","C:\Users\Ghanam\OneDrive\projects\Greeny-Life\.venv\Lib\site-packages\transformers\models\minicpmv4_6"
"C:\Users\Ghanam\OneDrive\projects\Greeny-Life\.venv\Lib\site-packages\transformers\models\minicpmv4_6\modular_minicpmv4_6.py","modular_minicpmv4_6.py",".py","35847","7/25/2026 1:35:01 PM","C:\Users\Ghanam\OneDrive\projects\Greeny-Life\.venv\Lib\site-packages\transformers\models\minicpmv4_6"
"C:\Users\Ghanam\OneDrive\projects\Greeny-Life\.venv\Lib\site-packages\transformers\models\minicpmv4_6\processing_minicpmv4_6.py","processing_minicpmv4_6.py",".py","9891","7/25/2026 1:35:01 PM","C:\Users\Ghanam\OneDrive\projects\Greeny-Life\.venv\Lib\site-packages\transformers\models\minicpmv4_6"
"C:\Users\Ghanam\OneDrive\projects\Greeny-Life\.venv\Lib\site-packages\transformers\models\minicpmv4_6\video_processing_minicpmv4_6.py","video_processing_minicpmv4_6.py",".py","24237","7/25/2026 1:35:01 PM","C:\Users\Ghanam\OneDrive\projects\Greeny-Life\.venv\Lib\site-packages\transformers\models\minicpmv4_6"
"C:\Users\Ghanam\OneDrive\projects\Greeny-Life\.venv\Lib\site-packages\transformers\models\minimax_m3_vl\image_processing_minimax_m3_vl.py","image_processing_minimax_m3_vl.py",".py","7916","7/25/2026 1:35:01 PM","C:\Users\Ghanam\OneDrive\projects\Greeny-Life\.venv\Lib\site-packages\transformers\models\minimax_m3_vl"
"C:\Users\Ghanam\OneDrive\projects\Greeny-Life\.venv\Lib\site-packages\transformers\models\minimax_m3_vl\modular_minimax_m3_vl.py","modular_minimax_m3_vl.py",".py","60906","7/25/2026 1:35:01 PM","C:\Users\Ghanam\OneDrive\projects\Greeny-Life\.venv\Lib\site-packages\transformers\models\minimax_m3_vl"
"C:\Users\Ghanam\OneDrive\projects\Greeny-Life\.venv\Lib\site-packages\transformers\models\minimax_m3_vl\processing_minimax_m3_vl.py","processing_minimax_m3_vl.py",".py","8020","7/25/2026 1:35:01 PM","C:\Users\Ghanam\OneDrive\projects\Greeny-Life\.venv\Lib\site-packages\transformers\models\minimax_m3_vl"
"C:\Users\Ghanam\OneDrive\projects\Greeny-Life\.venv\Lib\site-packages\transformers\models\minimax_m3_vl\video_processing_minimax_m3_vl.py","video_processing_minimax_m3_vl.py",".py","5063","7/25/2026 1:35:01 PM","C:\Users\Ghanam\OneDrive\projects\Greeny-Life\.venv\Lib\site-packages\transformers\models\minimax_m3_vl"
"C:\Users\Ghanam\OneDrive\projects\Greeny-Life\.venv\Lib\site-packages\transformers\models\mistral3\modeling_mistral3.py","modeling_mistral3.py",".py","20082","7/25/2026 1:35:01 PM","C:\Users\Ghanam\OneDrive\projects\Greeny-Life\.venv\Lib\site-packages\transformers\models\mistral3"
"C:\Users\Ghanam\OneDrive\projects\Greeny-Life\.venv\Lib\site-packages\transformers\models\mistral3\modular_mistral3.py","modular_mistral3.py",".py","12206","7/25/2026 1:35:01 PM","C:\Users\Ghanam\OneDrive\projects\Greeny-Life\.venv\Lib\site-packages\transformers\models\mistral3"
"C:\Users\Ghanam\OneDrive\projects\Greeny-Life\.venv\Lib\site-packages\transformers\models\mlcd\modeling_mlcd.py","modeling_mlcd.py",".py","22379","7/25/2026 1:35:01 PM","C:\Users\Ghanam\OneDrive\projects\Greeny-Life\.venv\Lib\site-packages\transformers\models\mlcd"
"C:\Users\Ghanam\OneDrive\projects\Greeny-Life\.venv\Lib\site-packages\transformers\models\mlcd\modular_mlcd.py","modular_mlcd.py",".py","15679","7/25/2026 1:35:01 PM","C:\Users\Ghanam\OneDrive\projects\Greeny-Life\.venv\Lib\site-packages\transformers\models\mlcd"
"C:\Users\Ghanam\OneDrive\projects\Greeny-Life\.venv\Lib\site-packages\transformers\models\mllama\image_processing_mllama.py","image_processing_mllama.py",".py","21508","7/25/2026 1:35:01 PM","C:\Users\Ghanam\OneDrive\projects\Greeny-Life\.venv\Lib\site-packages\transformers\models\mllama"
"C:\Users\Ghanam\OneDrive\projects\Greeny-Life\.venv\Lib\site-packages\transformers\models\mllama\image_processing_pil_mllama.py","image_processing_pil_mllama.py",".py","21770","7/25/2026 1:35:01 PM","C:\Users\Ghanam\OneDrive\projects\Greeny-Life\.venv\Lib\site-packages\transformers\models\mllama"
"C:\Users\Ghanam\OneDrive\projects\Greeny-Life\.venv\Lib\site-packages\transformers\models\mllama\modeling_mllama.py","modeling_mllama.py",".py","71406","7/25/2026 1:35:01 PM","C:\Users\Ghanam\OneDrive\projects\Greeny-Life\.venv\Lib\site-packages\transformers\models\mllama"
"C:\Users\Ghanam\OneDrive\projects\Greeny-Life\.venv\Lib\site-packages\transformers\models\mllama\processing_mllama.py","processing_mllama.py",".py","14444","7/25/2026 1:35:01 PM","C:\Users\Ghanam\OneDrive\projects\Greeny-Life\.venv\Lib\site-packages\transformers\models\mllama"
"C:\Users\Ghanam\OneDrive\projects\Greeny-Life\.venv\Lib\site-packages\transformers\models\mluke\tokenization_mluke.py","tokenization_mluke.py",".py","88069","7/25/2026 1:35:01 PM","C:\Users\Ghanam\OneDrive\projects\Greeny-Life\.venv\Lib\site-packages\transformers\models\mluke"
"C:\Users\Ghanam\OneDrive\projects\Greeny-Life\.venv\Lib\site-packages\transformers\models\mm_grounding_dino\modeling_mm_grounding_dino.py","modeling_mm_grounding_dino.py",".py","127649","7/25/2026 1:35:01 PM","C:\Users\Ghanam\OneDrive\projects\Greeny-Life\.venv\Lib\site-packages\transformers\models\mm_grounding_dino"
"C:\Users\Ghanam\OneDrive\projects\Greeny-Life\.venv\Lib\site-packages\transformers\models\mobilenet_v1\image_processing_mobilenet_v1.py","image_processing_mobilenet_v1.py",".py","1384","7/25/2026 1:35:01 PM","C:\Users\Ghanam\OneDrive\projects\Greeny-Life\.venv\Lib\site-packages\transformers\models\mobilenet_v1"
"C:\Users\Ghanam\OneDrive\projects\Greeny-Life\.venv\Lib\site-packages\transformers\models\mobilenet_v1\image_processing_pil_mobilenet_v1.py","image_processing_pil_mobilenet_v1.py",".py","1374","7/25/2026 1:35:01 PM","C:\Users\Ghanam\OneDrive\projects\Greeny-Life\.venv\Lib\site-packages\transformers\models\mobilenet_v1"
"C:\Users\Ghanam\OneDrive\projects\Greeny-Life\.venv\Lib\site-packages\transformers\models\mobilenet_v2\image_processing_mobilenet_v2.py","image_processing_mobilenet_v2.py",".py","10615","7/25/2026 1:35:01 PM","C:\Users\Ghanam\OneDrive\projects\Greeny-Life\.venv\Lib\site-packages\transformers\models\mobilenet_v2"
"C:\Users\Ghanam\OneDrive\projects\Greeny-Life\.venv\Lib\site-packages\transformers\models\mobilenet_v2\image_processing_pil_mobilenet_v2.py","image_processing_pil_mobilenet_v2.py",".py","9637","7/25/2026 1:35:01 PM","C:\Users\Ghanam\OneDrive\projects\Greeny-Life\.venv\Lib\site-packages\transformers\models\mobilenet_v2"
"C:\Users\Ghanam\OneDrive\projects\Greeny-Life\.venv\Lib\site-packages\transformers\models\mobilenet_v2\modeling_mobilenet_v2.py","modeling_mobilenet_v2.py",".py","21175","7/25/2026 1:35:01 PM","C:\Users\Ghanam\OneDrive\projects\Greeny-Life\.venv\Lib\site-packages\transformers\models\mobilenet_v2"
"C:\Users\Ghanam\OneDrive\projects\Greeny-Life\.venv\Lib\site-packages\transformers\models\mobilevit\image_processing_mobilevit.py","image_processing_mobilevit.py",".py","11276","7/25/2026 1:35:01 PM","C:\Users\Ghanam\OneDrive\projects\Greeny-Life\.venv\Lib\site-packages\transformers\models\mobilevit"
"C:\Users\Ghanam\OneDrive\projects\Greeny-Life\.venv\Lib\site-packages\transformers\models\mobilevit\image_processing_pil_mobilevit.py","image_processing_pil_mobilevit.py",".py","10086","7/25/2026 1:35:01 PM","C:\Users\Ghanam\OneDrive\projects\Greeny-Life\.venv\Lib\site-packages\transformers\models\mobilevit"
"C:\Users\Ghanam\OneDrive\projects\Greeny-Life\.venv\Lib\site-packages\transformers\models\mobilevit\modeling_mobilevit.py","modeling_mobilevit.py",".py","34773","7/25/2026 1:35:01 PM","C:\Users\Ghanam\OneDrive\projects\Greeny-Life\.venv\Lib\site-packages\transformers\models\mobilevit"
"C:\Users\Ghanam\OneDrive\projects\Greeny-Life\.venv\Lib\site-packages\transformers\models\mobilevitv2\modeling_mobilevitv2.py","modeling_mobilevitv2.py",".py","33819","7/25/2026 1:35:01 PM","C:\Users\Ghanam\OneDrive\projects\Greeny-Life\.venv\Lib\site-packages\transformers\models\mobilevitv2"
"C:\Users\Ghanam\OneDrive\projects\Greeny-Life\.venv\Lib\site-packages\transformers\models\moonshine\modeling_moonshine.py","modeling_moonshine.py",".py","42023","7/25/2026 1:35:01 PM","C:\Users\Ghanam\OneDrive\projects\Greeny-Life\.venv\Lib\site-packages\transformers\models\moonshine"
"C:\Users\Ghanam\OneDrive\projects\Greeny-Life\.venv\Lib\site-packages\transformers\models\moonshine\modular_moonshine.py","modular_moonshine.py",".py","34950","7/25/2026 1:35:01 PM","C:\Users\Ghanam\OneDrive\projects\Greeny-Life\.venv\Lib\site-packages\transformers\models\moonshine"
"C:\Users\Ghanam\OneDrive\projects\Greeny-Life\.venv\Lib\site-packages\transformers\models\moonshine_streaming\modeling_moonshine_streaming.py","modeling_moonshine_streaming.py",".py","49540","7/25/2026 1:35:01 PM","C:\Users\Ghanam\OneDrive\projects\Greeny-Life\.venv\Lib\site-packages\transformers\models\moonshine_streaming"
"C:\Users\Ghanam\OneDrive\projects\Greeny-Life\.venv\Lib\site-packages\transformers\models\moonshine_streaming\modular_moonshine_streaming.py","modular_moonshine_streaming.py",".py","17001","7/25/2026 1:35:01 PM","C:\Users\Ghanam\OneDrive\projects\Greeny-Life\.venv\Lib\site-packages\transformers\models\moonshine_streaming"
"C:\Users\Ghanam\OneDrive\projects\Greeny-Life\.venv\Lib\site-packages\transformers\models\moonshine_streaming\processing_moonshine_streaming.py","processing_moonshine_streaming.py",".py","5173","7/25/2026 1:35:01 PM","C:\Users\Ghanam\OneDrive\projects\Greeny-Life\.venv\Lib\site-packages\transformers\models\moonshine_streaming"
"C:\Users\Ghanam\OneDrive\projects\Greeny-Life\.venv\Lib\site-packages\transformers\models\mpnet\tokenization_mpnet.py","tokenization_mpnet.py",".py","8592","7/25/2026 1:35:01 PM","C:\Users\Ghanam\OneDrive\projects\Greeny-Life\.venv\Lib\site-packages\transformers\models\mpnet"
"C:\Users\Ghanam\OneDrive\projects\Greeny-Life\.venv\Lib\site-packages\transformers\models\musicflamingo\modeling_musicflamingo.py","modeling_musicflamingo.py",".py","22475","7/25/2026 1:35:01 PM","C:\Users\Ghanam\OneDrive\projects\Greeny-Life\.venv\Lib\site-packages\transformers\models\musicflamingo"
"C:\Users\Ghanam\OneDrive\projects\Greeny-Life\.venv\Lib\site-packages\transformers\models\musicflamingo\modular_musicflamingo.py","modular_musicflamingo.py",".py","17558","7/25/2026 1:35:01 PM","C:\Users\Ghanam\OneDrive\projects\Greeny-Life\.venv\Lib\site-packages\transformers\models\musicflamingo"
"C:\Users\Ghanam\OneDrive\projects\Greeny-Life\.venv\Lib\site-packages\transformers\models\musicflamingo\processing_musicflamingo.py","processing_musicflamingo.py",".py","8933","7/25/2026 1:35:01 PM","C:\Users\Ghanam\OneDrive\projects\Greeny-Life\.venv\Lib\site-packages\transformers\models\musicflamingo"
"C:\Users\Ghanam\OneDrive\projects\Greeny-Life\.venv\Lib\site-packages\transformers\models\musicgen\modeling_musicgen.py","modeling_musicgen.py",".py","103552","7/25/2026 1:35:01 PM","C:\Users\Ghanam\OneDrive\projects\Greeny-Life\.venv\Lib\site-packages\transformers\models\musicgen"
"C:\Users\Ghanam\OneDrive\projects\Greeny-Life\.venv\Lib\site-packages\transformers\models\musicgen\processing_musicgen.py","processing_musicgen.py",".py","3360","7/25/2026 1:35:01 PM","C:\Users\Ghanam\OneDrive\projects\Greeny-Life\.venv\Lib\site-packages\transformers\models\musicgen"
"C:\Users\Ghanam\OneDrive\projects\Greeny-Life\.venv\Lib\site-packages\transformers\models\musicgen_melody\modeling_musicgen_melody.py","modeling_musicgen_melody.py",".py","101576","7/25/2026 1:35:01 PM","C:\Users\Ghanam\OneDrive\projects\Greeny-Life\.venv\Lib\site-packages\transformers\models\musicgen_melody"
"C:\Users\Ghanam\OneDrive\projects\Greeny-Life\.venv\Lib\site-packages\transformers\models\musicgen_melody\processing_musicgen_melody.py","processing_musicgen_melody.py",".py","5024","7/25/2026 1:35:01 PM","C:\Users\Ghanam\OneDrive\projects\Greeny-Life\.venv\Lib\site-packages\transformers\models\musicgen_melody"
"C:\Users\Ghanam\OneDrive\projects\Greeny-Life\.venv\Lib\site-packages\transformers\models\myt5\tokenization_myt5.py","tokenization_myt5.py",".py","15453","7/25/2026 1:35:01 PM","C:\Users\Ghanam\OneDrive\projects\Greeny-Life\.venv\Lib\site-packages\transformers\models\myt5"
"C:\Users\Ghanam\OneDrive\projects\Greeny-Life\.venv\Lib\site-packages\transformers\models\nemotron3_5_asr\modeling_nemotron3_5_asr.py","modeling_nemotron3_5_asr.py",".py","15100","7/25/2026 1:35:01 PM","C:\Users\Ghanam\OneDrive\projects\Greeny-Life\.venv\Lib\site-packages\transformers\models\nemotron3_5_asr"
"C:\Users\Ghanam\OneDrive\projects\Greeny-Life\.venv\Lib\site-packages\transformers\models\nemotron3_5_asr\modular_nemotron3_5_asr.py","modular_nemotron3_5_asr.py",".py","18665","7/25/2026 1:35:01 PM","C:\Users\Ghanam\OneDrive\projects\Greeny-Life\.venv\Lib\site-packages\transformers\models\nemotron3_5_asr"
"C:\Users\Ghanam\OneDrive\projects\Greeny-Life\.venv\Lib\site-packages\transformers\models\nemotron3_5_asr\processing_nemotron3_5_asr.py","processing_nemotron3_5_asr.py",".py","19617","7/25/2026 1:35:01 PM","C:\Users\Ghanam\OneDrive\projects\Greeny-Life\.venv\Lib\site-packages\transformers\models\nemotron3_5_asr"
"C:\Users\Ghanam\OneDrive\projects\Greeny-Life\.venv\Lib\site-packages\transformers\models\nemotron_asr_streaming\configuration_nemotron_asr_streaming.py","configuration_nemotron_asr_streaming.py",".py","8359","7/25/2026 1:35:01 PM","C:\Users\Ghanam\OneDrive\projects\Greeny-Life\.venv\Lib\site-packages\transformers\models\nemotron_asr_streaming"
"C:\Users\Ghanam\OneDrive\projects\Greeny-Life\.venv\Lib\site-packages\transformers\models\nemotron_asr_streaming\generation_nemotron_asr_streaming.py","generation_nemotron_asr_streaming.py",".py","11973","7/25/2026 1:35:01 PM","C:\Users\Ghanam\OneDrive\projects\Greeny-Life\.venv\Lib\site-packages\transformers\models\nemotron_asr_streaming"
"C:\Users\Ghanam\OneDrive\projects\Greeny-Life\.venv\Lib\site-packages\transformers\models\nemotron_asr_streaming\modeling_nemotron_asr_streaming.py","modeling_nemotron_asr_streaming.py",".py","54753","7/25/2026 1:35:01 PM","C:\Users\Ghanam\OneDrive\projects\Greeny-Life\.venv\Lib\site-packages\transformers\models\nemotron_asr_streaming"
"C:\Users\Ghanam\OneDrive\projects\Greeny-Life\.venv\Lib\site-packages\transformers\models\nemotron_asr_streaming\modular_nemotron_asr_streaming.py","modular_nemotron_asr_streaming.py",".py","48102","7/25/2026 1:35:01 PM","C:\Users\Ghanam\OneDrive\projects\Greeny-Life\.venv\Lib\site-packages\transformers\models\nemotron_asr_streaming"
"C:\Users\Ghanam\OneDrive\projects\Greeny-Life\.venv\Lib\site-packages\transformers\models\nemotron_asr_streaming\processing_nemotron_asr_streaming.py","processing_nemotron_asr_streaming.py",".py","15276","7/25/2026 1:35:01 PM","C:\Users\Ghanam\OneDrive\projects\Greeny-Life\.venv\Lib\site-packages\transformers\models\nemotron_asr_streaming"
"C:\Users\Ghanam\OneDrive\projects\Greeny-Life\.venv\Lib\site-packages\transformers\models\nllb\tokenization_nllb.py","tokenization_nllb.py",".py","14688","7/25/2026 1:35:01 PM","C:\Users\Ghanam\OneDrive\projects\Greeny-Life\.venv\Lib\site-packages\transformers\models\nllb"
"C:\Users\Ghanam\OneDrive\projects\Greeny-Life\.venv\Lib\site-packages\transformers\models\nougat\image_processing_nougat.py","image_processing_nougat.py",".py","10813","7/25/2026 1:35:01 PM","C:\Users\Ghanam\OneDrive\projects\Greeny-Life\.venv\Lib\site-packages\transformers\models\nougat"
"C:\Users\Ghanam\OneDrive\projects\Greeny-Life\.venv\Lib\site-packages\transformers\models\nougat\image_processing_pil_nougat.py","image_processing_pil_nougat.py",".py","10369","7/25/2026 1:35:01 PM","C:\Users\Ghanam\OneDrive\projects\Greeny-Life\.venv\Lib\site-packages\transformers\models\nougat"
"C:\Users\Ghanam\OneDrive\projects\Greeny-Life\.venv\Lib\site-packages\transformers\models\nougat\processing_nougat.py","processing_nougat.py",".py","6221","7/25/2026 1:35:01 PM","C:\Users\Ghanam\OneDrive\projects\Greeny-Life\.venv\Lib\site-packages\transformers\models\nougat"
"C:\Users\Ghanam\OneDrive\projects\Greeny-Life\.venv\Lib\site-packages\transformers\models\nougat\tokenization_nougat.py","tokenization_nougat.py",".py","26091","7/25/2026 1:35:01 PM","C:\Users\Ghanam\OneDrive\projects\Greeny-Life\.venv\Lib\site-packages\transformers\models\nougat"
"C:\Users\Ghanam\OneDrive\projects\Greeny-Life\.venv\Lib\site-packages\transformers\models\omdet_turbo\modeling_omdet_turbo.py","modeling_omdet_turbo.py",".py","73810","7/25/2026 1:35:01 PM","C:\Users\Ghanam\OneDrive\projects\Greeny-Life\.venv\Lib\site-packages\transformers\models\omdet_turbo"
"C:\Users\Ghanam\OneDrive\projects\Greeny-Life\.venv\Lib\site-packages\transformers\models\omdet_turbo\processing_omdet_turbo.py","processing_omdet_turbo.py",".py","14342","7/25/2026 1:35:01 PM","C:\Users\Ghanam\OneDrive\projects\Greeny-Life\.venv\Lib\site-packages\transformers\models\omdet_turbo"
"C:\Users\Ghanam\OneDrive\projects\Greeny-Life\.venv\Lib\site-packages\transformers\models\oneformer\image_processing_oneformer.py","image_processing_oneformer.py",".py","42065","7/25/2026 1:35:01 PM","C:\Users\Ghanam\OneDrive\projects\Greeny-Life\.venv\Lib\site-packages\transformers\models\oneformer"
"C:\Users\Ghanam\OneDrive\projects\Greeny-Life\.venv\Lib\site-packages\transformers\models\oneformer\image_processing_pil_oneformer.py","image_processing_pil_oneformer.py",".py","45559","7/25/2026 1:35:01 PM","C:\Users\Ghanam\OneDrive\projects\Greeny-Life\.venv\Lib\site-packages\transformers\models\oneformer"
"C:\Users\Ghanam\OneDrive\projects\Greeny-Life\.venv\Lib\site-packages\transformers\models\oneformer\modeling_oneformer.py","modeling_oneformer.py",".py","139209","7/25/2026 1:35:01 PM","C:\Users\Ghanam\OneDrive\projects\Greeny-Life\.venv\Lib\site-packages\transformers\models\oneformer"
"C:\Users\Ghanam\OneDrive\projects\Greeny-Life\.venv\Lib\site-packages\transformers\models\oneformer\processing_oneformer.py","processing_oneformer.py",".py","8231","7/25/2026 1:35:01 PM","C:\Users\Ghanam\OneDrive\projects\Greeny-Life\.venv\Lib\site-packages\transformers\models\oneformer"
"C:\Users\Ghanam\OneDrive\projects\Greeny-Life\.venv\Lib\site-packages\transformers\models\ovis2\image_processing_ovis2.py","image_processing_ovis2.py",".py","14080","7/25/2026 1:35:01 PM","C:\Users\Ghanam\OneDrive\projects\Greeny-Life\.venv\Lib\site-packages\transformers\models\ovis2"
"C:\Users\Ghanam\OneDrive\projects\Greeny-Life\.venv\Lib\site-packages\transformers\models\ovis2\image_processing_pil_ovis2.py","image_processing_pil_ovis2.py",".py","11949","7/25/2026 1:35:01 PM","C:\Users\Ghanam\OneDrive\projects\Greeny-Life\.venv\Lib\site-packages\transformers\models\ovis2"
"C:\Users\Ghanam\OneDrive\projects\Greeny-Life\.venv\Lib\site-packages\transformers\models\ovis2\modeling_ovis2.py","modeling_ovis2.py",".py","30466","7/25/2026 1:35:01 PM","C:\Users\Ghanam\OneDrive\projects\Greeny-Life\.venv\Lib\site-packages\transformers\models\ovis2"
"C:\Users\Ghanam\OneDrive\projects\Greeny-Life\.venv\Lib\site-packages\transformers\models\ovis2\modular_ovis2.py","modular_ovis2.py",".py","17709","7/25/2026 1:35:01 PM","C:\Users\Ghanam\OneDrive\projects\Greeny-Life\.venv\Lib\site-packages\transformers\models\ovis2"
"C:\Users\Ghanam\OneDrive\projects\Greeny-Life\.venv\Lib\site-packages\transformers\models\ovis2\processing_ovis2.py","processing_ovis2.py",".py","5847","7/25/2026 1:35:01 PM","C:\Users\Ghanam\OneDrive\projects\Greeny-Life\.venv\Lib\site-packages\transformers\models\ovis2"
"C:\Users\Ghanam\OneDrive\projects\Greeny-Life\.venv\Lib\site-packages\transformers\models\owlv2\image_processing_owlv2.py","image_processing_owlv2.py",".py","18165","7/25/2026 1:35:01 PM","C:\Users\Ghanam\OneDrive\projects\Greeny-Life\.venv\Lib\site-packages\transformers\models\owlv2"
"C:\Users\Ghanam\OneDrive\projects\Greeny-Life\.venv\Lib\site-packages\transformers\models\owlv2\image_processing_pil_owlv2.py","image_processing_pil_owlv2.py",".py","18629","7/25/2026 1:35:01 PM","C:\Users\Ghanam\OneDrive\projects\Greeny-Life\.venv\Lib\site-packages\transformers\models\owlv2"
"C:\Users\Ghanam\OneDrive\projects\Greeny-Life\.venv\Lib\site-packages\transformers\models\owlv2\modeling_owlv2.py","modeling_owlv2.py",".py","67222","7/25/2026 1:35:01 PM","C:\Users\Ghanam\OneDrive\projects\Greeny-Life\.venv\Lib\site-packages\transformers\models\owlv2"
"C:\Users\Ghanam\OneDrive\projects\Greeny-Life\.venv\Lib\site-packages\transformers\models\owlv2\modular_owlv2.py","modular_owlv2.py",".py","16086","7/25/2026 1:35:01 PM","C:\Users\Ghanam\OneDrive\projects\Greeny-Life\.venv\Lib\site-packages\transformers\models\owlv2"
"C:\Users\Ghanam\OneDrive\projects\Greeny-Life\.venv\Lib\site-packages\transformers\models\owlv2\processing_owlv2.py","processing_owlv2.py",".py","10439","7/25/2026 1:35:01 PM","C:\Users\Ghanam\OneDrive\projects\Greeny-Life\.venv\Lib\site-packages\transformers\models\owlv2"
"C:\Users\Ghanam\OneDrive\projects\Greeny-Life\.venv\Lib\site-packages\transformers\models\owlvit\image_processing_owlvit.py","image_processing_owlvit.py",".py","10905","7/25/2026 1:35:01 PM","C:\Users\Ghanam\OneDrive\projects\Greeny-Life\.venv\Lib\site-packages\transformers\models\owlvit"
"C:\Users\Ghanam\OneDrive\projects\Greeny-Life\.venv\Lib\site-packages\transformers\models\owlvit\image_processing_pil_owlvit.py","image_processing_pil_owlvit.py",".py","11244","7/25/2026 1:35:01 PM","C:\Users\Ghanam\OneDrive\projects\Greeny-Life\.venv\Lib\site-packages\transformers\models\owlvit"
"C:\Users\Ghanam\OneDrive\projects\Greeny-Life\.venv\Lib\site-packages\transformers\models\owlvit\modeling_owlvit.py","modeling_owlvit.py",".py","62793","7/25/2026 1:35:01 PM","C:\Users\Ghanam\OneDrive\projects\Greeny-Life\.venv\Lib\site-packages\transformers\models\owlvit"
"C:\Users\Ghanam\OneDrive\projects\Greeny-Life\.venv\Lib\site-packages\transformers\models\owlvit\processing_owlvit.py","processing_owlvit.py",".py","10389","7/25/2026 1:35:01 PM","C:\Users\Ghanam\OneDrive\projects\Greeny-Life\.venv\Lib\site-packages\transformers\models\owlvit"
"C:\Users\Ghanam\OneDrive\projects\Greeny-Life\.venv\Lib\site-packages\transformers\models\paddleocr_vl\image_processing_paddleocr_vl.py","image_processing_paddleocr_vl.py",".py","10834","7/25/2026 1:35:01 PM","C:\Users\Ghanam\OneDrive\projects\Greeny-Life\.venv\Lib\site-packages\transformers\models\paddleocr_vl"
"C:\Users\Ghanam\OneDrive\projects\Greeny-Life\.venv\Lib\site-packages\transformers\models\paddleocr_vl\image_processing_pil_paddleocr_vl.py","image_processing_pil_paddleocr_vl.py",".py","10169","7/25/2026 1:35:01 PM","C:\Users\Ghanam\OneDrive\projects\Greeny-Life\.venv\Lib\site-packages\transformers\models\paddleocr_vl"
"C:\Users\Ghanam\OneDrive\projects\Greeny-Life\.venv\Lib\site-packages\transformers\models\paddleocr_vl\modeling_paddleocr_vl.py","modeling_paddleocr_vl.py",".py","75025","7/25/2026 1:35:01 PM","C:\Users\Ghanam\OneDrive\projects\Greeny-Life\.venv\Lib\site-packages\transformers\models\paddleocr_vl"
"C:\Users\Ghanam\OneDrive\projects\Greeny-Life\.venv\Lib\site-packages\transformers\models\paddleocr_vl\modular_paddleocr_vl.py","modular_paddleocr_vl.py",".py","46390","7/25/2026 1:35:01 PM","C:\Users\Ghanam\OneDrive\projects\Greeny-Life\.venv\Lib\site-packages\transformers\models\paddleocr_vl"
"C:\Users\Ghanam\OneDrive\projects\Greeny-Life\.venv\Lib\site-packages\transformers\models\paddleocr_vl\processing_paddleocr_vl.py","processing_paddleocr_vl.py",".py","7115","7/25/2026 1:35:01 PM","C:\Users\Ghanam\OneDrive\projects\Greeny-Life\.venv\Lib\site-packages\transformers\models\paddleocr_vl"
"C:\Users\Ghanam\OneDrive\projects\Greeny-Life\.venv\Lib\site-packages\transformers\models\paligemma\modeling_paligemma.py","modeling_paligemma.py",".py","19608","7/25/2026 1:35:01 PM","C:\Users\Ghanam\OneDrive\projects\Greeny-Life\.venv\Lib\site-packages\transformers\models\paligemma"
"C:\Users\Ghanam\OneDrive\projects\Greeny-Life\.venv\Lib\site-packages\transformers\models\paligemma\processing_paligemma.py","processing_paligemma.py",".py","11486","7/25/2026 1:35:01 PM","C:\Users\Ghanam\OneDrive\projects\Greeny-Life\.venv\Lib\site-packages\transformers\models\paligemma"
"C:\Users\Ghanam\OneDrive\projects\Greeny-Life\.venv\Lib\site-packages\transformers\models\parakeet\modeling_parakeet.py","modeling_parakeet.py",".py","49330","7/25/2026 1:35:01 PM","C:\Users\Ghanam\OneDrive\projects\Greeny-Life\.venv\Lib\site-packages\transformers\models\parakeet"
"C:\Users\Ghanam\OneDrive\projects\Greeny-Life\.venv\Lib\site-packages\transformers\models\parakeet\modular_parakeet.py","modular_parakeet.py",".py","41785","7/25/2026 1:35:01 PM","C:\Users\Ghanam\OneDrive\projects\Greeny-Life\.venv\Lib\site-packages\transformers\models\parakeet"
"C:\Users\Ghanam\OneDrive\projects\Greeny-Life\.venv\Lib\site-packages\transformers\models\parakeet\processing_parakeet.py","processing_parakeet.py",".py","9356","7/25/2026 1:35:01 PM","C:\Users\Ghanam\OneDrive\projects\Greeny-Life\.venv\Lib\site-packages\transformers\models\parakeet"
"C:\Users\Ghanam\OneDrive\projects\Greeny-Life\.venv\Lib\site-packages\transformers\models\pegasus\tokenization_pegasus.py","tokenization_pegasus.py",".py","6532","7/25/2026 1:35:01 PM","C:\Users\Ghanam\OneDrive\projects\Greeny-Life\.venv\Lib\site-packages\transformers\models\pegasus"
"C:\Users\Ghanam\OneDrive\projects\Greeny-Life\.venv\Lib\site-packages\transformers\models\perceiver\image_processing_perceiver.py","image_processing_perceiver.py",".py","5269","7/25/2026 1:35:01 PM","C:\Users\Ghanam\OneDrive\projects\Greeny-Life\.venv\Lib\site-packages\transformers\models\perceiver"
"C:\Users\Ghanam\OneDrive\projects\Greeny-Life\.venv\Lib\site-packages\transformers\models\perceiver\image_processing_pil_perceiver.py","image_processing_pil_perceiver.py",".py","4045","7/25/2026 1:35:01 PM","C:\Users\Ghanam\OneDrive\projects\Greeny-Life\.venv\Lib\site-packages\transformers\models\perceiver"
"C:\Users\Ghanam\OneDrive\projects\Greeny-Life\.venv\Lib\site-packages\transformers\models\perceiver\modeling_perceiver.py","modeling_perceiver.py",".py","133881","7/25/2026 1:35:01 PM","C:\Users\Ghanam\OneDrive\projects\Greeny-Life\.venv\Lib\site-packages\transformers\models\perceiver"
"C:\Users\Ghanam\OneDrive\projects\Greeny-Life\.venv\Lib\site-packages\transformers\models\perception_lm\image_processing_perception_lm.py","image_processing_perception_lm.py",".py","13906","7/25/2026 1:35:01 PM","C:\Users\Ghanam\OneDrive\projects\Greeny-Life\.venv\Lib\site-packages\transformers\models\perception_lm"
"C:\Users\Ghanam\OneDrive\projects\Greeny-Life\.venv\Lib\site-packages\transformers\models\perception_lm\modeling_perception_lm.py","modeling_perception_lm.py",".py","19824","7/25/2026 1:35:01 PM","C:\Users\Ghanam\OneDrive\projects\Greeny-Life\.venv\Lib\site-packages\transformers\models\perception_lm"
"C:\Users\Ghanam\OneDrive\projects\Greeny-Life\.venv\Lib\site-packages\transformers\models\perception_lm\modular_perception_lm.py","modular_perception_lm.py",".py","17782","7/25/2026 1:35:01 PM","C:\Users\Ghanam\OneDrive\projects\Greeny-Life\.venv\Lib\site-packages\transformers\models\perception_lm"
"C:\Users\Ghanam\OneDrive\projects\Greeny-Life\.venv\Lib\site-packages\transformers\models\perception_lm\processing_perception_lm.py","processing_perception_lm.py",".py","8637","7/25/2026 1:35:01 PM","C:\Users\Ghanam\OneDrive\projects\Greeny-Life\.venv\Lib\site-packages\transformers\models\perception_lm"
"C:\Users\Ghanam\OneDrive\projects\Greeny-Life\.venv\Lib\site-packages\transformers\models\perception_lm\video_processing_perception_lm.py","video_processing_perception_lm.py",".py","1211","7/25/2026 1:35:01 PM","C:\Users\Ghanam\OneDrive\projects\Greeny-Life\.venv\Lib\site-packages\transformers\models\perception_lm"
"C:\Users\Ghanam\OneDrive\projects\Greeny-Life\.venv\Lib\site-packages\transformers\models\pe_audio\processing_pe_audio.py","processing_pe_audio.py",".py","879","7/25/2026 1:35:01 PM","C:\Users\Ghanam\OneDrive\projects\Greeny-Life\.venv\Lib\site-packages\transformers\models\pe_audio"
"C:\Users\Ghanam\OneDrive\projects\Greeny-Life\.venv\Lib\site-packages\transformers\models\pe_audio_video\processing_pe_audio_video.py","processing_pe_audio_video.py",".py","921","7/25/2026 1:35:01 PM","C:\Users\Ghanam\OneDrive\projects\Greeny-Life\.venv\Lib\site-packages\transformers\models\pe_audio_video"
"C:\Users\Ghanam\OneDrive\projects\Greeny-Life\.venv\Lib\site-packages\transformers\models\pe_video\processing_pe_video.py","processing_pe_video.py",".py","262","7/25/2026 1:35:01 PM","C:\Users\Ghanam\OneDrive\projects\Greeny-Life\.venv\Lib\site-packages\transformers\models\pe_video"
"C:\Users\Ghanam\OneDrive\projects\Greeny-Life\.venv\Lib\site-packages\transformers\models\pe_video\video_processing_pe_video.py","video_processing_pe_video.py",".py","2663","7/25/2026 1:35:01 PM","C:\Users\Ghanam\OneDrive\projects\Greeny-Life\.venv\Lib\site-packages\transformers\models\pe_video"
"C:\Users\Ghanam\OneDrive\projects\Greeny-Life\.venv\Lib\site-packages\transformers\models\phi4_multimodal\feature_extraction_phi4_multimodal.py","feature_extraction_phi4_multimodal.py",".py","13283","7/25/2026 1:35:01 PM","C:\Users\Ghanam\OneDrive\projects\Greeny-Life\.venv\Lib\site-packages\transformers\models\phi4_multimodal"
"C:\Users\Ghanam\OneDrive\projects\Greeny-Life\.venv\Lib\site-packages\transformers\models\phi4_multimodal\image_processing_phi4_multimodal.py","image_processing_phi4_multimodal.py",".py","10474","7/25/2026 1:35:01 PM","C:\Users\Ghanam\OneDrive\projects\Greeny-Life\.venv\Lib\site-packages\transformers\models\phi4_multimodal"
"C:\Users\Ghanam\OneDrive\projects\Greeny-Life\.venv\Lib\site-packages\transformers\models\phi4_multimodal\modeling_phi4_multimodal.py","modeling_phi4_multimodal.py",".py","75959","7/25/2026 1:35:01 PM","C:\Users\Ghanam\OneDrive\projects\Greeny-Life\.venv\Lib\site-packages\transformers\models\phi4_multimodal"
"C:\Users\Ghanam\OneDrive\projects\Greeny-Life\.venv\Lib\site-packages\transformers\models\phi4_multimodal\modular_phi4_multimodal.py","modular_phi4_multimodal.py",".py","64427","7/25/2026 1:35:01 PM","C:\Users\Ghanam\OneDrive\projects\Greeny-Life\.venv\Lib\site-packages\transformers\models\phi4_multimodal"
"C:\Users\Ghanam\OneDrive\projects\Greeny-Life\.venv\Lib\site-packages\transformers\models\phi4_multimodal\processing_phi4_multimodal.py","processing_phi4_multimodal.py",".py","5525","7/25/2026 1:35:01 PM","C:\Users\Ghanam\OneDrive\projects\Greeny-Life\.venv\Lib\site-packages\transformers\models\phi4_multimodal"
"C:\Users\Ghanam\OneDrive\projects\Greeny-Life\.venv\Lib\site-packages\transformers\models\pi0\image_processing_pi0.py","image_processing_pi0.py",".py","2086","7/25/2026 1:35:01 PM","C:\Users\Ghanam\OneDrive\projects\Greeny-Life\.venv\Lib\site-packages\transformers\models\pi0"
"C:\Users\Ghanam\OneDrive\projects\Greeny-Life\.venv\Lib\site-packages\transformers\models\pi0\modular_pi0.py","modular_pi0.py",".py","28370","7/25/2026 1:35:02 PM","C:\Users\Ghanam\OneDrive\projects\Greeny-Life\.venv\Lib\site-packages\transformers\models\pi0"
"C:\Users\Ghanam\OneDrive\projects\Greeny-Life\.venv\Lib\site-packages\transformers\models\pi0\processing_pi0.py","processing_pi0.py",".py","10040","7/25/2026 1:35:02 PM","C:\Users\Ghanam\OneDrive\projects\Greeny-Life\.venv\Lib\site-packages\transformers\models\pi0"
"C:\Users\Ghanam\OneDrive\projects\Greeny-Life\.venv\Lib\site-packages\transformers\models\pix2struct\image_processing_pil_pix2struct.py","image_processing_pil_pix2struct.py",".py","16103","7/25/2026 1:35:02 PM","C:\Users\Ghanam\OneDrive\projects\Greeny-Life\.venv\Lib\site-packages\transformers\models\pix2struct"
"C:\Users\Ghanam\OneDrive\projects\Greeny-Life\.venv\Lib\site-packages\transformers\models\pix2struct\image_processing_pix2struct.py","image_processing_pix2struct.py",".py","16982","7/25/2026 1:35:02 PM","C:\Users\Ghanam\OneDrive\projects\Greeny-Life\.venv\Lib\site-packages\transformers\models\pix2struct"
"C:\Users\Ghanam\OneDrive\projects\Greeny-Life\.venv\Lib\site-packages\transformers\models\pix2struct\modeling_pix2struct.py","modeling_pix2struct.py",".py","58084","7/25/2026 1:35:02 PM","C:\Users\Ghanam\OneDrive\projects\Greeny-Life\.venv\Lib\site-packages\transformers\models\pix2struct"
"C:\Users\Ghanam\OneDrive\projects\Greeny-Life\.venv\Lib\site-packages\transformers\models\pix2struct\processing_pix2struct.py","processing_pix2struct.py",".py","4167","7/25/2026 1:35:02 PM","C:\Users\Ghanam\OneDrive\projects\Greeny-Life\.venv\Lib\site-packages\transformers\models\pix2struct"
"C:\Users\Ghanam\OneDrive\projects\Greeny-Life\.venv\Lib\site-packages\transformers\models\pixio\modeling_pixio.py","modeling_pixio.py",".py","18481","7/25/2026 1:35:02 PM","C:\Users\Ghanam\OneDrive\projects\Greeny-Life\.venv\Lib\site-packages\transformers\models\pixio"
"C:\Users\Ghanam\OneDrive\projects\Greeny-Life\.venv\Lib\site-packages\transformers\models\pixio\modular_pixio.py","modular_pixio.py",".py","11784","7/25/2026 1:35:02 PM","C:\Users\Ghanam\OneDrive\projects\Greeny-Life\.venv\Lib\site-packages\transformers\models\pixio"
"C:\Users\Ghanam\OneDrive\projects\Greeny-Life\.venv\Lib\site-packages\transformers\models\pixtral\image_processing_pil_pixtral.py","image_processing_pil_pixtral.py",".py","8808","7/25/2026 1:35:02 PM","C:\Users\Ghanam\OneDrive\projects\Greeny-Life\.venv\Lib\site-packages\transformers\models\pixtral"
"C:\Users\Ghanam\OneDrive\projects\Greeny-Life\.venv\Lib\site-packages\transformers\models\pixtral\image_processing_pixtral.py","image_processing_pixtral.py",".py","9859","7/25/2026 1:35:02 PM","C:\Users\Ghanam\OneDrive\projects\Greeny-Life\.venv\Lib\site-packages\transformers\models\pixtral"
"C:\Users\Ghanam\OneDrive\projects\Greeny-Life\.venv\Lib\site-packages\transformers\models\pixtral\processing_pixtral.py","processing_pixtral.py",".py","9473","7/25/2026 1:35:02 PM","C:\Users\Ghanam\OneDrive\projects\Greeny-Life\.venv\Lib\site-packages\transformers\models\pixtral"
"C:\Users\Ghanam\OneDrive\projects\Greeny-Life\.venv\Lib\site-packages\transformers\models\plbart\tokenization_plbart.py","tokenization_plbart.py",".py","15698","7/25/2026 1:35:02 PM","C:\Users\Ghanam\OneDrive\projects\Greeny-Life\.venv\Lib\site-packages\transformers\models\plbart"
"C:\Users\Ghanam\OneDrive\projects\Greeny-Life\.venv\Lib\site-packages\transformers\models\poolformer\image_processing_pil_poolformer.py","image_processing_pil_poolformer.py",".py","4668","7/25/2026 1:35:02 PM","C:\Users\Ghanam\OneDrive\projects\Greeny-Life\.venv\Lib\site-packages\transformers\models\poolformer"
"C:\Users\Ghanam\OneDrive\projects\Greeny-Life\.venv\Lib\site-packages\transformers\models\poolformer\image_processing_poolformer.py","image_processing_poolformer.py",".py","5388","7/25/2026 1:35:02 PM","C:\Users\Ghanam\OneDrive\projects\Greeny-Life\.venv\Lib\site-packages\transformers\models\poolformer"
"C:\Users\Ghanam\OneDrive\projects\Greeny-Life\.venv\Lib\site-packages\transformers\models\pop2piano\processing_pop2piano.py","processing_pop2piano.py",".py","5235","7/25/2026 1:35:02 PM","C:\Users\Ghanam\OneDrive\projects\Greeny-Life\.venv\Lib\site-packages\transformers\models\pop2piano"
"C:\Users\Ghanam\OneDrive\projects\Greeny-Life\.venv\Lib\site-packages\transformers\models\pp_chart2table\image_processing_pil_pp_chart2table.py","image_processing_pil_pp_chart2table.py",".py","1915","7/25/2026 1:35:02 PM","C:\Users\Ghanam\OneDrive\projects\Greeny-Life\.venv\Lib\site-packages\transformers\models\pp_chart2table"
"C:\Users\Ghanam\OneDrive\projects\Greeny-Life\.venv\Lib\site-packages\transformers\models\pp_chart2table\image_processing_pp_chart2table.py","image_processing_pp_chart2table.py",".py","1925","7/25/2026 1:35:02 PM","C:\Users\Ghanam\OneDrive\projects\Greeny-Life\.venv\Lib\site-packages\transformers\models\pp_chart2table"
"C:\Users\Ghanam\OneDrive\projects\Greeny-Life\.venv\Lib\site-packages\transformers\models\pp_chart2table\modular_pp_chart2table.py","modular_pp_chart2table.py",".py","3225","7/25/2026 1:35:02 PM","C:\Users\Ghanam\OneDrive\projects\Greeny-Life\.venv\Lib\site-packages\transformers\models\pp_chart2table"
"C:\Users\Ghanam\OneDrive\projects\Greeny-Life\.venv\Lib\site-packages\transformers\models\pp_chart2table\processing_pp_chart2table.py","processing_pp_chart2table.py",".py","2441","7/25/2026 1:35:02 PM","C:\Users\Ghanam\OneDrive\projects\Greeny-Life\.venv\Lib\site-packages\transformers\models\pp_chart2table"
"C:\Users\Ghanam\OneDrive\projects\Greeny-Life\.venv\Lib\site-packages\transformers\models\pp_doclayout_v2\image_processing_pp_doclayout_v2.py","image_processing_pp_doclayout_v2.py",".py","8801","7/25/2026 1:35:02 PM","C:\Users\Ghanam\OneDrive\projects\Greeny-Life\.venv\Lib\site-packages\transformers\models\pp_doclayout_v2"
"C:\Users\Ghanam\OneDrive\projects\Greeny-Life\.venv\Lib\site-packages\transformers\models\pp_doclayout_v2\modeling_pp_doclayout_v2.py","modeling_pp_doclayout_v2.py",".py","115901","7/25/2026 1:35:02 PM","C:\Users\Ghanam\OneDrive\projects\Greeny-Life\.venv\Lib\site-packages\transformers\models\pp_doclayout_v2"
"C:\Users\Ghanam\OneDrive\projects\Greeny-Life\.venv\Lib\site-packages\transformers\models\pp_doclayout_v2\modular_pp_doclayout_v2.py","modular_pp_doclayout_v2.py",".py","46535","7/25/2026 1:35:02 PM","C:\Users\Ghanam\OneDrive\projects\Greeny-Life\.venv\Lib\site-packages\transformers\models\pp_doclayout_v2"
"C:\Users\Ghanam\OneDrive\projects\Greeny-Life\.venv\Lib\site-packages\transformers\models\pp_doclayout_v3\image_processing_pp_doclayout_v3.py","image_processing_pp_doclayout_v3.py",".py","13517","7/25/2026 1:35:02 PM","C:\Users\Ghanam\OneDrive\projects\Greeny-Life\.venv\Lib\site-packages\transformers\models\pp_doclayout_v3"
"C:\Users\Ghanam\OneDrive\projects\Greeny-Life\.venv\Lib\site-packages\transformers\models\pp_doclayout_v3\modeling_pp_doclayout_v3.py","modeling_pp_doclayout_v3.py",".py","96422","7/25/2026 1:35:02 PM","C:\Users\Ghanam\OneDrive\projects\Greeny-Life\.venv\Lib\site-packages\transformers\models\pp_doclayout_v3"
"C:\Users\Ghanam\OneDrive\projects\Greeny-Life\.venv\Lib\site-packages\transformers\models\pp_doclayout_v3\modular_pp_doclayout_v3.py","modular_pp_doclayout_v3.py",".py","67999","7/25/2026 1:35:02 PM","C:\Users\Ghanam\OneDrive\projects\Greeny-Life\.venv\Lib\site-packages\transformers\models\pp_doclayout_v3"
"C:\Users\Ghanam\OneDrive\projects\Greeny-Life\.venv\Lib\site-packages\transformers\models\pp_formulanet\image_processing_pp_formulanet.py","image_processing_pp_formulanet.py",".py","11651","7/25/2026 1:35:02 PM","C:\Users\Ghanam\OneDrive\projects\Greeny-Life\.venv\Lib\site-packages\transformers\models\pp_formulanet"
"C:\Users\Ghanam\OneDrive\projects\Greeny-Life\.venv\Lib\site-packages\transformers\models\pp_formulanet\modeling_pp_formulanet.py","modeling_pp_formulanet.py",".py","50989","7/25/2026 1:35:02 PM","C:\Users\Ghanam\OneDrive\projects\Greeny-Life\.venv\Lib\site-packages\transformers\models\pp_formulanet"
"C:\Users\Ghanam\OneDrive\projects\Greeny-Life\.venv\Lib\site-packages\transformers\models\pp_formulanet\modular_pp_formulanet.py","modular_pp_formulanet.py",".py","21475","7/25/2026 1:35:02 PM","C:\Users\Ghanam\OneDrive\projects\Greeny-Life\.venv\Lib\site-packages\transformers\models\pp_formulanet"
"C:\Users\Ghanam\OneDrive\projects\Greeny-Life\.venv\Lib\site-packages\transformers\models\pp_formulanet\processing_pp_formulanet.py","processing_pp_formulanet.py",".py","6901","7/25/2026 1:35:02 PM","C:\Users\Ghanam\OneDrive\projects\Greeny-Life\.venv\Lib\site-packages\transformers\models\pp_formulanet"
"C:\Users\Ghanam\OneDrive\projects\Greeny-Life\.venv\Lib\site-packages\transformers\models\pp_lcnet\image_processing_pp_lcnet.py","image_processing_pp_lcnet.py",".py","6006","7/25/2026 1:35:02 PM","C:\Users\Ghanam\OneDrive\projects\Greeny-Life\.venv\Lib\site-packages\transformers\models\pp_lcnet"
"C:\Users\Ghanam\OneDrive\projects\Greeny-Life\.venv\Lib\site-packages\transformers\models\pp_lcnet\modeling_pp_lcnet.py","modeling_pp_lcnet.py",".py","13528","7/25/2026 1:35:02 PM","C:\Users\Ghanam\OneDrive\projects\Greeny-Life\.venv\Lib\site-packages\transformers\models\pp_lcnet"
"C:\Users\Ghanam\OneDrive\projects\Greeny-Life\.venv\Lib\site-packages\transformers\models\pp_lcnet\modular_pp_lcnet.py","modular_pp_lcnet.py",".py","20292","7/25/2026 1:35:02 PM","C:\Users\Ghanam\OneDrive\projects\Greeny-Life\.venv\Lib\site-packages\transformers\models\pp_lcnet"
"C:\Users\Ghanam\OneDrive\projects\Greeny-Life\.venv\Lib\site-packages\transformers\models\pp_ocrv5_server_det\image_processing_pp_ocrv5_server_det.py","image_processing_pp_ocrv5_server_det.py",".py","17673","7/25/2026 1:35:02 PM","C:\Users\Ghanam\OneDrive\projects\Greeny-Life\.venv\Lib\site-packages\transformers\models\pp_ocrv5_server_det"
"C:\Users\Ghanam\OneDrive\projects\Greeny-Life\.venv\Lib\site-packages\transformers\models\pp_ocrv5_server_det\modular_pp_ocrv5_server_det.py","modular_pp_ocrv5_server_det.py",".py","36520","7/25/2026 1:35:02 PM","C:\Users\Ghanam\OneDrive\projects\Greeny-Life\.venv\Lib\site-packages\transformers\models\pp_ocrv5_server_det"
"C:\Users\Ghanam\OneDrive\projects\Greeny-Life\.venv\Lib\site-packages\transformers\models\pp_ocrv5_server_rec\image_processing_pp_ocrv5_server_rec.py","image_processing_pp_ocrv5_server_rec.py",".py","8030","7/25/2026 1:35:02 PM","C:\Users\Ghanam\OneDrive\projects\Greeny-Life\.venv\Lib\site-packages\transformers\models\pp_ocrv5_server_rec"
"C:\Users\Ghanam\OneDrive\projects\Greeny-Life\.venv\Lib\site-packages\transformers\models\pp_ocrv5_server_rec\modular_pp_ocrv5_server_rec.py","modular_pp_ocrv5_server_rec.py",".py","17471","7/25/2026 1:35:02 PM","C:\Users\Ghanam\OneDrive\projects\Greeny-Life\.venv\Lib\site-packages\transformers\models\pp_ocrv5_server_rec"
"C:\Users\Ghanam\OneDrive\projects\Greeny-Life\.venv\Lib\site-packages\transformers\models\pp_ocrv6_small_rec\image_processing_pp_ocrv6_small_rec.py","image_processing_pp_ocrv6_small_rec.py",".py","8259","7/25/2026 1:35:02 PM","C:\Users\Ghanam\OneDrive\projects\Greeny-Life\.venv\Lib\site-packages\transformers\models\pp_ocrv6_small_rec"
"C:\Users\Ghanam\OneDrive\projects\Greeny-Life\.venv\Lib\site-packages\transformers\models\pp_ocrv6_small_rec\modular_pp_ocrv6_small_rec.py","modular_pp_ocrv6_small_rec.py",".py","8364","7/25/2026 1:35:02 PM","C:\Users\Ghanam\OneDrive\projects\Greeny-Life\.venv\Lib\site-packages\transformers\models\pp_ocrv6_small_rec"
"C:\Users\Ghanam\OneDrive\projects\Greeny-Life\.venv\Lib\site-packages\transformers\models\prompt_depth_anything\image_processing_pil_prompt_depth_anything.py","image_processing_pil_prompt_depth_anything.py",".py","12656","7/25/2026 1:35:02 PM","C:\Users\Ghanam\OneDrive\projects\Greeny-Life\.venv\Lib\site-packages\transformers\models\prompt_depth_anything"
"C:\Users\Ghanam\OneDrive\projects\Greeny-Life\.venv\Lib\site-packages\transformers\models\prompt_depth_anything\image_processing_prompt_depth_anything.py","image_processing_prompt_depth_anything.py",".py","13551","7/25/2026 1:35:02 PM","C:\Users\Ghanam\OneDrive\projects\Greeny-Life\.venv\Lib\site-packages\transformers\models\prompt_depth_anything"
"C:\Users\Ghanam\OneDrive\projects\Greeny-Life\.venv\Lib\site-packages\transformers\models\prompt_depth_anything\modeling_prompt_depth_anything.py","modeling_prompt_depth_anything.py",".py","19697","7/25/2026 1:35:02 PM","C:\Users\Ghanam\OneDrive\projects\Greeny-Life\.venv\Lib\site-packages\transformers\models\prompt_depth_anything"
"C:\Users\Ghanam\OneDrive\projects\Greeny-Life\.venv\Lib\site-packages\transformers\models\prompt_depth_anything\modular_prompt_depth_anything.py","modular_prompt_depth_anything.py",".py","13003","7/25/2026 1:35:02 PM","C:\Users\Ghanam\OneDrive\projects\Greeny-Life\.venv\Lib\site-packages\transformers\models\prompt_depth_anything"
"C:\Users\Ghanam\OneDrive\projects\Greeny-Life\.venv\Lib\site-packages\transformers\models\prompt_depth_anything\__init__.py","__init__.py",".py","1331","7/25/2026 1:35:02 PM","C:\Users\Ghanam\OneDrive\projects\Greeny-Life\.venv\Lib\site-packages\transformers\models\prompt_depth_anything"
"C:\Users\Ghanam\OneDrive\projects\Greeny-Life\.venv\Lib\site-packages\transformers\models\pvt\image_processing_pil_pvt.py","image_processing_pil_pvt.py",".py","1178","7/25/2026 1:35:02 PM","C:\Users\Ghanam\OneDrive\projects\Greeny-Life\.venv\Lib\site-packages\transformers\models\pvt"
"C:\Users\Ghanam\OneDrive\projects\Greeny-Life\.venv\Lib\site-packages\transformers\models\pvt\image_processing_pvt.py","image_processing_pvt.py",".py","1188","7/25/2026 1:35:02 PM","C:\Users\Ghanam\OneDrive\projects\Greeny-Life\.venv\Lib\site-packages\transformers\models\pvt"
"C:\Users\Ghanam\OneDrive\projects\Greeny-Life\.venv\Lib\site-packages\transformers\models\pvt_v2\modeling_pvt_v2.py","modeling_pvt_v2.py",".py","23361","7/25/2026 1:35:02 PM","C:\Users\Ghanam\OneDrive\projects\Greeny-Life\.venv\Lib\site-packages\transformers\models\pvt_v2"
"C:\Users\Ghanam\OneDrive\projects\Greeny-Life\.venv\Lib\site-packages\transformers\models\qianfan_ocr\modeling_qianfan_ocr.py","modeling_qianfan_ocr.py",".py","36816","7/25/2026 1:35:02 PM","C:\Users\Ghanam\OneDrive\projects\Greeny-Life\.venv\Lib\site-packages\transformers\models\qianfan_ocr"
"C:\Users\Ghanam\OneDrive\projects\Greeny-Life\.venv\Lib\site-packages\transformers\models\qianfan_ocr\modular_qianfan_ocr.py","modular_qianfan_ocr.py",".py","14144","7/25/2026 1:35:02 PM","C:\Users\Ghanam\OneDrive\projects\Greeny-Life\.venv\Lib\site-packages\transformers\models\qianfan_ocr"
"C:\Users\Ghanam\OneDrive\projects\Greeny-Life\.venv\Lib\site-packages\transformers\models\qianfan_ocr\processing_qianfan_ocr.py","processing_qianfan_ocr.py",".py","11509","7/25/2026 1:35:02 PM","C:\Users\Ghanam\OneDrive\projects\Greeny-Life\.venv\Lib\site-packages\transformers\models\qianfan_ocr"
"C:\Users\Ghanam\OneDrive\projects\Greeny-Life\.venv\Lib\site-packages\transformers\models\qwen2_5_omni\modeling_qwen2_5_omni.py","modeling_qwen2_5_omni.py",".py","176131","7/25/2026 1:35:02 PM","C:\Users\Ghanam\OneDrive\projects\Greeny-Life\.venv\Lib\site-packages\transformers\models\qwen2_5_omni"
"C:\Users\Ghanam\OneDrive\projects\Greeny-Life\.venv\Lib\site-packages\transformers\models\qwen2_5_omni\modular_qwen2_5_omni.py","modular_qwen2_5_omni.py",".py","165435","7/25/2026 1:35:02 PM","C:\Users\Ghanam\OneDrive\projects\Greeny-Life\.venv\Lib\site-packages\transformers\models\qwen2_5_omni"
"C:\Users\Ghanam\OneDrive\projects\Greeny-Life\.venv\Lib\site-packages\transformers\models\qwen2_5_omni\processing_qwen2_5_omni.py","processing_qwen2_5_omni.py",".py","17852","7/25/2026 1:35:02 PM","C:\Users\Ghanam\OneDrive\projects\Greeny-Life\.venv\Lib\site-packages\transformers\models\qwen2_5_omni"
"C:\Users\Ghanam\OneDrive\projects\Greeny-Life\.venv\Lib\site-packages\transformers\models\qwen2_5_vl\modeling_qwen2_5_vl.py","modeling_qwen2_5_vl.py",".py","76730","7/25/2026 1:35:02 PM","C:\Users\Ghanam\OneDrive\projects\Greeny-Life\.venv\Lib\site-packages\transformers\models\qwen2_5_vl"
"C:\Users\Ghanam\OneDrive\projects\Greeny-Life\.venv\Lib\site-packages\transformers\models\qwen2_5_vl\modular_qwen2_5_vl.py","modular_qwen2_5_vl.py",".py","32388","7/25/2026 1:35:02 PM","C:\Users\Ghanam\OneDrive\projects\Greeny-Life\.venv\Lib\site-packages\transformers\models\qwen2_5_vl"
"C:\Users\Ghanam\OneDrive\projects\Greeny-Life\.venv\Lib\site-packages\transformers\models\qwen2_5_vl\processing_qwen2_5_vl.py","processing_qwen2_5_vl.py",".py","8130","7/25/2026 1:35:02 PM","C:\Users\Ghanam\OneDrive\projects\Greeny-Life\.venv\Lib\site-packages\transformers\models\qwen2_5_vl"
"C:\Users\Ghanam\OneDrive\projects\Greeny-Life\.venv\Lib\site-packages\transformers\models\qwen2_audio\modeling_qwen2_audio.py","modeling_qwen2_audio.py",".py","40531","7/25/2026 1:35:02 PM","C:\Users\Ghanam\OneDrive\projects\Greeny-Life\.venv\Lib\site-packages\transformers\models\qwen2_audio"
"C:\Users\Ghanam\OneDrive\projects\Greeny-Life\.venv\Lib\site-packages\transformers\models\qwen2_audio\processing_qwen2_audio.py","processing_qwen2_audio.py",".py","9302","7/25/2026 1:35:02 PM","C:\Users\Ghanam\OneDrive\projects\Greeny-Life\.venv\Lib\site-packages\transformers\models\qwen2_audio"
"C:\Users\Ghanam\OneDrive\projects\Greeny-Life\.venv\Lib\site-packages\transformers\models\qwen2_vl\image_processing_pil_qwen2_vl.py","image_processing_pil_qwen2_vl.py",".py","9903","7/25/2026 1:35:02 PM","C:\Users\Ghanam\OneDrive\projects\Greeny-Life\.venv\Lib\site-packages\transformers\models\qwen2_vl"
"C:\Users\Ghanam\OneDrive\projects\Greeny-Life\.venv\Lib\site-packages\transformers\models\qwen2_vl\image_processing_qwen2_vl.py","image_processing_qwen2_vl.py",".py","10732","7/25/2026 1:35:02 PM","C:\Users\Ghanam\OneDrive\projects\Greeny-Life\.venv\Lib\site-packages\transformers\models\qwen2_vl"
"C:\Users\Ghanam\OneDrive\projects\Greeny-Life\.venv\Lib\site-packages\transformers\models\qwen2_vl\modeling_qwen2_vl.py","modeling_qwen2_vl.py",".py","72468","7/25/2026 1:35:02 PM","C:\Users\Ghanam\OneDrive\projects\Greeny-Life\.venv\Lib\site-packages\transformers\models\qwen2_vl"
"C:\Users\Ghanam\OneDrive\projects\Greeny-Life\.venv\Lib\site-packages\transformers\models\qwen2_vl\processing_qwen2_vl.py","processing_qwen2_vl.py",".py","6258","7/25/2026 1:35:02 PM","C:\Users\Ghanam\OneDrive\projects\Greeny-Life\.venv\Lib\site-packages\transformers\models\qwen2_vl"
"C:\Users\Ghanam\OneDrive\projects\Greeny-Life\.venv\Lib\site-packages\transformers\models\qwen2_vl\video_processing_qwen2_vl.py","video_processing_qwen2_vl.py",".py","14292","7/25/2026 1:35:02 PM","C:\Users\Ghanam\OneDrive\projects\Greeny-Life\.venv\Lib\site-packages\transformers\models\qwen2_vl"
"C:\Users\Ghanam\OneDrive\projects\Greeny-Life\.venv\Lib\site-packages\transformers\models\qwen3_5\modeling_qwen3_5.py","modeling_qwen3_5.py",".py","93139","7/25/2026 1:35:02 PM","C:\Users\Ghanam\OneDrive\projects\Greeny-Life\.venv\Lib\site-packages\transformers\models\qwen3_5"
"C:\Users\Ghanam\OneDrive\projects\Greeny-Life\.venv\Lib\site-packages\transformers\models\qwen3_5_moe\modeling_qwen3_5_moe.py","modeling_qwen3_5_moe.py",".py","101992","7/25/2026 1:35:02 PM","C:\Users\Ghanam\OneDrive\projects\Greeny-Life\.venv\Lib\site-packages\transformers\models\qwen3_5_moe"
"C:\Users\Ghanam\OneDrive\projects\Greeny-Life\.venv\Lib\site-packages\transformers\models\qwen3_5_moe\modular_qwen3_5_moe.py","modular_qwen3_5_moe.py",".py","12091","7/25/2026 1:35:02 PM","C:\Users\Ghanam\OneDrive\projects\Greeny-Life\.venv\Lib\site-packages\transformers\models\qwen3_5_moe"
"C:\Users\Ghanam\OneDrive\projects\Greeny-Life\.venv\Lib\site-packages\transformers\models\qwen3_asr\modeling_qwen3_asr.py","modeling_qwen3_asr.py",".py","29695","7/25/2026 1:35:02 PM","C:\Users\Ghanam\OneDrive\projects\Greeny-Life\.venv\Lib\site-packages\transformers\models\qwen3_asr"
"C:\Users\Ghanam\OneDrive\projects\Greeny-Life\.venv\Lib\site-packages\transformers\models\qwen3_asr\modular_qwen3_asr.py","modular_qwen3_asr.py",".py","12891","7/25/2026 1:35:02 PM","C:\Users\Ghanam\OneDrive\projects\Greeny-Life\.venv\Lib\site-packages\transformers\models\qwen3_asr"
"C:\Users\Ghanam\OneDrive\projects\Greeny-Life\.venv\Lib\site-packages\transformers\models\qwen3_asr\processing_qwen3_asr.py","processing_qwen3_asr.py",".py","31234","7/25/2026 1:35:02 PM","C:\Users\Ghanam\OneDrive\projects\Greeny-Life\.venv\Lib\site-packages\transformers\models\qwen3_asr"
"C:\Users\Ghanam\OneDrive\projects\Greeny-Life\.venv\Lib\site-packages\transformers\models\qwen3_omni_moe\modeling_qwen3_omni_moe.py","modeling_qwen3_omni_moe.py",".py","179469","7/25/2026 1:35:02 PM","C:\Users\Ghanam\OneDrive\projects\Greeny-Life\.venv\Lib\site-packages\transformers\models\qwen3_omni_moe"
"C:\Users\Ghanam\OneDrive\projects\Greeny-Life\.venv\Lib\site-packages\transformers\models\qwen3_omni_moe\modular_qwen3_omni_moe.py","modular_qwen3_omni_moe.py",".py","117432","7/25/2026 1:35:02 PM","C:\Users\Ghanam\OneDrive\projects\Greeny-Life\.venv\Lib\site-packages\transformers\models\qwen3_omni_moe"
"C:\Users\Ghanam\OneDrive\projects\Greeny-Life\.venv\Lib\site-packages\transformers\models\qwen3_omni_moe\processing_qwen3_omni_moe.py","processing_qwen3_omni_moe.py",".py","19353","7/25/2026 1:35:02 PM","C:\Users\Ghanam\OneDrive\projects\Greeny-Life\.venv\Lib\site-packages\transformers\models\qwen3_omni_moe"
"C:\Users\Ghanam\OneDrive\projects\Greeny-Life\.venv\Lib\site-packages\transformers\models\qwen3_vl\modeling_qwen3_vl.py","modeling_qwen3_vl.py",".py","74354","7/25/2026 1:35:02 PM","C:\Users\Ghanam\OneDrive\projects\Greeny-Life\.venv\Lib\site-packages\transformers\models\qwen3_vl"
"C:\Users\Ghanam\OneDrive\projects\Greeny-Life\.venv\Lib\site-packages\transformers\models\qwen3_vl\modular_qwen3_vl.py","modular_qwen3_vl.py",".py","49512","7/25/2026 1:35:02 PM","C:\Users\Ghanam\OneDrive\projects\Greeny-Life\.venv\Lib\site-packages\transformers\models\qwen3_vl"
"C:\Users\Ghanam\OneDrive\projects\Greeny-Life\.venv\Lib\site-packages\transformers\models\qwen3_vl\processing_qwen3_vl.py","processing_qwen3_vl.py",".py","9474","7/25/2026 1:35:02 PM","C:\Users\Ghanam\OneDrive\projects\Greeny-Life\.venv\Lib\site-packages\transformers\models\qwen3_vl"
"C:\Users\Ghanam\OneDrive\projects\Greeny-Life\.venv\Lib\site-packages\transformers\models\qwen3_vl\video_processing_qwen3_vl.py","video_processing_qwen3_vl.py",".py","11241","7/25/2026 1:35:02 PM","C:\Users\Ghanam\OneDrive\projects\Greeny-Life\.venv\Lib\site-packages\transformers\models\qwen3_vl"
"C:\Users\Ghanam\OneDrive\projects\Greeny-Life\.venv\Lib\site-packages\transformers\models\qwen3_vl_moe\modeling_qwen3_vl_moe.py","modeling_qwen3_vl_moe.py",".py","84112","7/25/2026 1:35:02 PM","C:\Users\Ghanam\OneDrive\projects\Greeny-Life\.venv\Lib\site-packages\transformers\models\qwen3_vl_moe"
"C:\Users\Ghanam\OneDrive\projects\Greeny-Life\.venv\Lib\site-packages\transformers\models\qwen3_vl_moe\modular_qwen3_vl_moe.py","modular_qwen3_vl_moe.py",".py","18161","7/25/2026 1:35:02 PM","C:\Users\Ghanam\OneDrive\projects\Greeny-Life\.venv\Lib\site-packages\transformers\models\qwen3_vl_moe"
"C:\Users\Ghanam\OneDrive\projects\Greeny-Life\.venv\Lib\site-packages\transformers\models\radio\modeling_radio.py","modeling_radio.py",".py","19902","7/25/2026 1:35:02 PM","C:\Users\Ghanam\OneDrive\projects\Greeny-Life\.venv\Lib\site-packages\transformers\models\radio"
"C:\Users\Ghanam\OneDrive\projects\Greeny-Life\.venv\Lib\site-packages\transformers\models\radio\modular_radio.py","modular_radio.py",".py","10369","7/25/2026 1:35:02 PM","C:\Users\Ghanam\OneDrive\projects\Greeny-Life\.venv\Lib\site-packages\transformers\models\radio"
"C:\Users\Ghanam\OneDrive\projects\Greeny-Life\.venv\Lib\site-packages\transformers\models\rag\modeling_rag.py","modeling_rag.py",".py","88583","7/25/2026 1:35:02 PM","C:\Users\Ghanam\OneDrive\projects\Greeny-Life\.venv\Lib\site-packages\transformers\models\rag"
"C:\Users\Ghanam\OneDrive\projects\Greeny-Life\.venv\Lib\site-packages\transformers\models\reformer\modeling_reformer.py","modeling_reformer.py",".py","113940","7/25/2026 1:35:02 PM","C:\Users\Ghanam\OneDrive\projects\Greeny-Life\.venv\Lib\site-packages\transformers\models\reformer"
"C:\Users\Ghanam\OneDrive\projects\Greeny-Life\.venv\Lib\site-packages\transformers\models\rembert\tokenization_rembert.py","tokenization_rembert.py",".py","7666","7/25/2026 1:35:02 PM","C:\Users\Ghanam\OneDrive\projects\Greeny-Life\.venv\Lib\site-packages\transformers\models\rembert"
"C:\Users\Ghanam\OneDrive\projects\Greeny-Life\.venv\Lib\site-packages\transformers\models\resnet\modeling_resnet.py","modeling_resnet.py",".py","17059","7/25/2026 1:35:02 PM","C:\Users\Ghanam\OneDrive\projects\Greeny-Life\.venv\Lib\site-packages\transformers\models\resnet"
"C:\Users\Ghanam\OneDrive\projects\Greeny-Life\.venv\Lib\site-packages\transformers\models\rf_detr\image_processing_rf_detr.py","image_processing_rf_detr.py",".py","33433","7/25/2026 1:35:02 PM","C:\Users\Ghanam\OneDrive\projects\Greeny-Life\.venv\Lib\site-packages\transformers\models\rf_detr"
"C:\Users\Ghanam\OneDrive\projects\Greeny-Life\.venv\Lib\site-packages\transformers\models\rf_detr\modeling_rf_detr.py","modeling_rf_detr.py",".py","99680","7/25/2026 1:35:02 PM","C:\Users\Ghanam\OneDrive\projects\Greeny-Life\.venv\Lib\site-packages\transformers\models\rf_detr"
"C:\Users\Ghanam\OneDrive\projects\Greeny-Life\.venv\Lib\site-packages\transformers\models\rf_detr\modular_rf_detr.py","modular_rf_detr.py",".py","72823","7/25/2026 1:35:02 PM","C:\Users\Ghanam\OneDrive\projects\Greeny-Life\.venv\Lib\site-packages\transformers\models\rf_detr"
"C:\Users\Ghanam\OneDrive\projects\Greeny-Life\.venv\Lib\site-packages\transformers\models\roberta\tokenization_roberta.py","tokenization_roberta.py",".py","7378","7/25/2026 1:35:02 PM","C:\Users\Ghanam\OneDrive\projects\Greeny-Life\.venv\Lib\site-packages\transformers\models\roberta"
"C:\Users\Ghanam\OneDrive\projects\Greeny-Life\.venv\Lib\site-packages\transformers\models\roberta\tokenization_roberta_old.py","tokenization_roberta_old.py",".py","10935","7/25/2026 1:35:02 PM","C:\Users\Ghanam\OneDrive\projects\Greeny-Life\.venv\Lib\site-packages\transformers\models\roberta"
"C:\Users\Ghanam\OneDrive\projects\Greeny-Life\.venv\Lib\site-packages\transformers\models\roformer\tokenization_roformer.py","tokenization_roformer.py",".py","6246","7/25/2026 1:35:02 PM","C:\Users\Ghanam\OneDrive\projects\Greeny-Life\.venv\Lib\site-packages\transformers\models\roformer"
"C:\Users\Ghanam\OneDrive\projects\Greeny-Life\.venv\Lib\site-packages\transformers\models\rt_detr\image_processing_pil_rt_detr.py","image_processing_pil_rt_detr.py",".py","25073","7/25/2026 1:35:02 PM","C:\Users\Ghanam\OneDrive\projects\Greeny-Life\.venv\Lib\site-packages\transformers\models\rt_detr"
"C:\Users\Ghanam\OneDrive\projects\Greeny-Life\.venv\Lib\site-packages\transformers\models\rt_detr\image_processing_rt_detr.py","image_processing_rt_detr.py",".py","24476","7/25/2026 1:35:02 PM","C:\Users\Ghanam\OneDrive\projects\Greeny-Life\.venv\Lib\site-packages\transformers\models\rt_detr"
"C:\Users\Ghanam\OneDrive\projects\Greeny-Life\.venv\Lib\site-packages\transformers\models\rt_detr\modeling_rt_detr.py","modeling_rt_detr.py",".py","86590","7/25/2026 1:35:02 PM","C:\Users\Ghanam\OneDrive\projects\Greeny-Life\.venv\Lib\site-packages\transformers\models\rt_detr"
"C:\Users\Ghanam\OneDrive\projects\Greeny-Life\.venv\Lib\site-packages\transformers\models\rt_detr\modular_rt_detr.py","modular_rt_detr.py",".py","97685","7/25/2026 1:35:02 PM","C:\Users\Ghanam\OneDrive\projects\Greeny-Life\.venv\Lib\site-packages\transformers\models\rt_detr"
"C:\Users\Ghanam\OneDrive\projects\Greeny-Life\.venv\Lib\site-packages\transformers\models\rt_detr_v2\modeling_rt_detr_v2.py","modeling_rt_detr_v2.py",".py","88649","7/25/2026 1:35:02 PM","C:\Users\Ghanam\OneDrive\projects\Greeny-Life\.venv\Lib\site-packages\transformers\models\rt_detr_v2"
"C:\Users\Ghanam\OneDrive\projects\Greeny-Life\.venv\Lib\site-packages\transformers\models\sam\image_processing_pil_sam.py","image_processing_pil_sam.py",".py","31697","7/25/2026 1:35:02 PM","C:\Users\Ghanam\OneDrive\projects\Greeny-Life\.venv\Lib\site-packages\transformers\models\sam"
"C:\Users\Ghanam\OneDrive\projects\Greeny-Life\.venv\Lib\site-packages\transformers\models\sam\image_processing_sam.py","image_processing_sam.py",".py","31623","7/25/2026 1:35:02 PM","C:\Users\Ghanam\OneDrive\projects\Greeny-Life\.venv\Lib\site-packages\transformers\models\sam"
"C:\Users\Ghanam\OneDrive\projects\Greeny-Life\.venv\Lib\site-packages\transformers\models\sam\modeling_sam.py","modeling_sam.py",".py","61318","7/25/2026 1:35:02 PM","C:\Users\Ghanam\OneDrive\projects\Greeny-Life\.venv\Lib\site-packages\transformers\models\sam"
"C:\Users\Ghanam\OneDrive\projects\Greeny-Life\.venv\Lib\site-packages\transformers\models\sam\processing_sam.py","processing_sam.py",".py","12559","7/25/2026 1:35:02 PM","C:\Users\Ghanam\OneDrive\projects\Greeny-Life\.venv\Lib\site-packages\transformers\models\sam"
"C:\Users\Ghanam\OneDrive\projects\Greeny-Life\.venv\Lib\site-packages\transformers\models\sam2\image_processing_sam2.py","image_processing_sam2.py",".py","28492","7/25/2026 1:35:02 PM","C:\Users\Ghanam\OneDrive\projects\Greeny-Life\.venv\Lib\site-packages\transformers\models\sam2"
"C:\Users\Ghanam\OneDrive\projects\Greeny-Life\.venv\Lib\site-packages\transformers\models\sam2\modeling_sam2.py","modeling_sam2.py",".py","72650","7/25/2026 1:35:02 PM","C:\Users\Ghanam\OneDrive\projects\Greeny-Life\.venv\Lib\site-packages\transformers\models\sam2"
"C:\Users\Ghanam\OneDrive\projects\Greeny-Life\.venv\Lib\site-packages\transformers\models\sam2\modular_sam2.py","modular_sam2.py",".py","62301","7/25/2026 1:35:02 PM","C:\Users\Ghanam\OneDrive\projects\Greeny-Life\.venv\Lib\site-packages\transformers\models\sam2"
"C:\Users\Ghanam\OneDrive\projects\Greeny-Life\.venv\Lib\site-packages\transformers\models\sam2\processing_sam2.py","processing_sam2.py",".py","22411","7/25/2026 1:35:02 PM","C:\Users\Ghanam\OneDrive\projects\Greeny-Life\.venv\Lib\site-packages\transformers\models\sam2"
"C:\Users\Ghanam\OneDrive\projects\Greeny-Life\.venv\Lib\site-packages\transformers\models\sam2_video\modeling_sam2_video.py","modeling_sam2_video.py",".py","133600","7/25/2026 1:35:02 PM","C:\Users\Ghanam\OneDrive\projects\Greeny-Life\.venv\Lib\site-packages\transformers\models\sam2_video"
"C:\Users\Ghanam\OneDrive\projects\Greeny-Life\.venv\Lib\site-packages\transformers\models\sam2_video\modular_sam2_video.py","modular_sam2_video.py",".py","120861","7/25/2026 1:35:02 PM","C:\Users\Ghanam\OneDrive\projects\Greeny-Life\.venv\Lib\site-packages\transformers\models\sam2_video"
"C:\Users\Ghanam\OneDrive\projects\Greeny-Life\.venv\Lib\site-packages\transformers\models\sam2_video\processing_sam2_video.py","processing_sam2_video.py",".py","37447","7/25/2026 1:35:02 PM","C:\Users\Ghanam\OneDrive\projects\Greeny-Life\.venv\Lib\site-packages\transformers\models\sam2_video"
"C:\Users\Ghanam\OneDrive\projects\Greeny-Life\.venv\Lib\site-packages\transformers\models\sam2_video\video_processing_sam2_video.py","video_processing_sam2_video.py",".py","4868","7/25/2026 1:35:02 PM","C:\Users\Ghanam\OneDrive\projects\Greeny-Life\.venv\Lib\site-packages\transformers\models\sam2_video"
"C:\Users\Ghanam\OneDrive\projects\Greeny-Life\.venv\Lib\site-packages\transformers\models\sam3\image_processing_sam3.py","image_processing_sam3.py",".py","40263","7/25/2026 1:35:02 PM","C:\Users\Ghanam\OneDrive\projects\Greeny-Life\.venv\Lib\site-packages\transformers\models\sam3"
"C:\Users\Ghanam\OneDrive\projects\Greeny-Life\.venv\Lib\site-packages\transformers\models\sam3\modeling_sam3.py","modeling_sam3.py",".py","102993","7/25/2026 1:35:02 PM","C:\Users\Ghanam\OneDrive\projects\Greeny-Life\.venv\Lib\site-packages\transformers\models\sam3"
"C:\Users\Ghanam\OneDrive\projects\Greeny-Life\.venv\Lib\site-packages\transformers\models\sam3\modular_sam3.py","modular_sam3.py",".py","12807","7/25/2026 1:35:02 PM","C:\Users\Ghanam\OneDrive\projects\Greeny-Life\.venv\Lib\site-packages\transformers\models\sam3"
"C:\Users\Ghanam\OneDrive\projects\Greeny-Life\.venv\Lib\site-packages\transformers\models\sam3\processing_sam3.py","processing_sam3.py",".py","28781","7/25/2026 1:35:02 PM","C:\Users\Ghanam\OneDrive\projects\Greeny-Life\.venv\Lib\site-packages\transformers\models\sam3"
"C:\Users\Ghanam\OneDrive\projects\Greeny-Life\.venv\Lib\site-packages\transformers\models\sam3_lite_text\modeling_sam3_lite_text.py","modeling_sam3_lite_text.py",".py","95244","7/25/2026 1:35:02 PM","C:\Users\Ghanam\OneDrive\projects\Greeny-Life\.venv\Lib\site-packages\transformers\models\sam3_lite_text"
"C:\Users\Ghanam\OneDrive\projects\Greeny-Life\.venv\Lib\site-packages\transformers\models\sam3_tracker\modeling_sam3_tracker.py","modeling_sam3_tracker.py",".py","52692","7/25/2026 1:35:02 PM","C:\Users\Ghanam\OneDrive\projects\Greeny-Life\.venv\Lib\site-packages\transformers\models\sam3_tracker"
"C:\Users\Ghanam\OneDrive\projects\Greeny-Life\.venv\Lib\site-packages\transformers\models\sam3_tracker\modular_sam3_tracker.py","modular_sam3_tracker.py",".py","8116","7/25/2026 1:35:02 PM","C:\Users\Ghanam\OneDrive\projects\Greeny-Life\.venv\Lib\site-packages\transformers\models\sam3_tracker"
"C:\Users\Ghanam\OneDrive\projects\Greeny-Life\.venv\Lib\site-packages\transformers\models\sam3_tracker\processing_sam3_tracker.py","processing_sam3_tracker.py",".py","23144","7/25/2026 1:35:02 PM","C:\Users\Ghanam\OneDrive\projects\Greeny-Life\.venv\Lib\site-packages\transformers\models\sam3_tracker"
"C:\Users\Ghanam\OneDrive\projects\Greeny-Life\.venv\Lib\site-packages\transformers\models\sam3_tracker_video\modeling_sam3_tracker_video.py","modeling_sam3_tracker_video.py",".py","135056","7/25/2026 1:35:02 PM","C:\Users\Ghanam\OneDrive\projects\Greeny-Life\.venv\Lib\site-packages\transformers\models\sam3_tracker_video"
"C:\Users\Ghanam\OneDrive\projects\Greeny-Life\.venv\Lib\site-packages\transformers\models\sam3_tracker_video\modular_sam3_tracker_video.py","modular_sam3_tracker_video.py",".py","21204","7/25/2026 1:35:02 PM","C:\Users\Ghanam\OneDrive\projects\Greeny-Life\.venv\Lib\site-packages\transformers\models\sam3_tracker_video"
"C:\Users\Ghanam\OneDrive\projects\Greeny-Life\.venv\Lib\site-packages\transformers\models\sam3_tracker_video\processing_sam3_tracker_video.py","processing_sam3_tracker_video.py",".py","37541","7/25/2026 1:35:02 PM","C:\Users\Ghanam\OneDrive\projects\Greeny-Life\.venv\Lib\site-packages\transformers\models\sam3_tracker_video"
"C:\Users\Ghanam\OneDrive\projects\Greeny-Life\.venv\Lib\site-packages\transformers\models\sam3_video\modeling_sam3_video.py","modeling_sam3_video.py",".py","92973","7/25/2026 1:35:02 PM","C:\Users\Ghanam\OneDrive\projects\Greeny-Life\.venv\Lib\site-packages\transformers\models\sam3_video"
"C:\Users\Ghanam\OneDrive\projects\Greeny-Life\.venv\Lib\site-packages\transformers\models\sam3_video\processing_sam3_video.py","processing_sam3_video.py",".py","17822","7/25/2026 1:35:02 PM","C:\Users\Ghanam\OneDrive\projects\Greeny-Life\.venv\Lib\site-packages\transformers\models\sam3_video"
"C:\Users\Ghanam\OneDrive\projects\Greeny-Life\.venv\Lib\site-packages\transformers\models\sam_hq\modeling_sam_hq.py","modeling_sam_hq.py",".py","68933","7/25/2026 1:35:02 PM","C:\Users\Ghanam\OneDrive\projects\Greeny-Life\.venv\Lib\site-packages\transformers\models\sam_hq"
"C:\Users\Ghanam\OneDrive\projects\Greeny-Life\.venv\Lib\site-packages\transformers\models\sam_hq\modular_sam_hq.py","modular_sam_hq.py",".py","28014","7/25/2026 1:35:02 PM","C:\Users\Ghanam\OneDrive\projects\Greeny-Life\.venv\Lib\site-packages\transformers\models\sam_hq"
"C:\Users\Ghanam\OneDrive\projects\Greeny-Life\.venv\Lib\site-packages\transformers\models\sam_hq\processing_sam_hq.py","processing_sam_hq.py",".py","13391","7/25/2026 1:35:02 PM","C:\Users\Ghanam\OneDrive\projects\Greeny-Life\.venv\Lib\site-packages\transformers\models\sam_hq"
"C:\Users\Ghanam\OneDrive\projects\Greeny-Life\.venv\Lib\site-packages\transformers\models\sapiens2\image_processing_sapiens2.py","image_processing_sapiens2.py",".py","45352","7/25/2026 1:35:02 PM","C:\Users\Ghanam\OneDrive\projects\Greeny-Life\.venv\Lib\site-packages\transformers\models\sapiens2"
"C:\Users\Ghanam\OneDrive\projects\Greeny-Life\.venv\Lib\site-packages\transformers\models\sapiens2\modeling_sapiens2.py","modeling_sapiens2.py",".py","61065","7/25/2026 1:35:02 PM","C:\Users\Ghanam\OneDrive\projects\Greeny-Life\.venv\Lib\site-packages\transformers\models\sapiens2"
"C:\Users\Ghanam\OneDrive\projects\Greeny-Life\.venv\Lib\site-packages\transformers\models\sapiens2\modular_sapiens2.py","modular_sapiens2.py",".py","89021","7/25/2026 1:35:02 PM","C:\Users\Ghanam\OneDrive\projects\Greeny-Life\.venv\Lib\site-packages\transformers\models\sapiens2"
"C:\Users\Ghanam\OneDrive\projects\Greeny-Life\.venv\Lib\site-packages\transformers\models\seamless_m4t\modeling_seamless_m4t.py","modeling_seamless_m4t.py",".py","183971","7/25/2026 1:35:02 PM","C:\Users\Ghanam\OneDrive\projects\Greeny-Life\.venv\Lib\site-packages\transformers\models\seamless_m4t"
"C:\Users\Ghanam\OneDrive\projects\Greeny-Life\.venv\Lib\site-packages\transformers\models\seamless_m4t\processing_seamless_m4t.py","processing_seamless_m4t.py",".py","3119","7/25/2026 1:35:02 PM","C:\Users\Ghanam\OneDrive\projects\Greeny-Life\.venv\Lib\site-packages\transformers\models\seamless_m4t"
"C:\Users\Ghanam\OneDrive\projects\Greeny-Life\.venv\Lib\site-packages\transformers\models\seamless_m4t\tokenization_seamless_m4t.py","tokenization_seamless_m4t.py",".py","18201","7/25/2026 1:35:02 PM","C:\Users\Ghanam\OneDrive\projects\Greeny-Life\.venv\Lib\site-packages\transformers\models\seamless_m4t"
"C:\Users\Ghanam\OneDrive\projects\Greeny-Life\.venv\Lib\site-packages\transformers\models\seamless_m4t_v2\modeling_seamless_m4t_v2.py","modeling_seamless_m4t_v2.py",".py","202150","7/25/2026 1:35:02 PM","C:\Users\Ghanam\OneDrive\projects\Greeny-Life\.venv\Lib\site-packages\transformers\models\seamless_m4t_v2"
"C:\Users\Ghanam\OneDrive\projects\Greeny-Life\.venv\Lib\site-packages\transformers\models\segformer\image_processing_pil_segformer.py","image_processing_pil_segformer.py",".py","10323","7/25/2026 1:35:02 PM","C:\Users\Ghanam\OneDrive\projects\Greeny-Life\.venv\Lib\site-packages\transformers\models\segformer"
"C:\Users\Ghanam\OneDrive\projects\Greeny-Life\.venv\Lib\site-packages\transformers\models\segformer\image_processing_segformer.py","image_processing_segformer.py",".py","11693","7/25/2026 1:35:02 PM","C:\Users\Ghanam\OneDrive\projects\Greeny-Life\.venv\Lib\site-packages\transformers\models\segformer"
"C:\Users\Ghanam\OneDrive\projects\Greeny-Life\.venv\Lib\site-packages\transformers\models\segformer\modeling_segformer.py","modeling_segformer.py",".py","26735","7/25/2026 1:35:02 PM","C:\Users\Ghanam\OneDrive\projects\Greeny-Life\.venv\Lib\site-packages\transformers\models\segformer"
"C:\Users\Ghanam\OneDrive\projects\Greeny-Life\.venv\Lib\site-packages\transformers\models\segformer\modular_segformer.py","modular_segformer.py",".py","32173","7/25/2026 1:35:02 PM","C:\Users\Ghanam\OneDrive\projects\Greeny-Life\.venv\Lib\site-packages\transformers\models\segformer"
"C:\Users\Ghanam\OneDrive\projects\Greeny-Life\.venv\Lib\site-packages\transformers\models\seggpt\image_processing_pil_seggpt.py","image_processing_pil_seggpt.py",".py","14158","7/25/2026 1:35:02 PM","C:\Users\Ghanam\OneDrive\projects\Greeny-Life\.venv\Lib\site-packages\transformers\models\seggpt"
"C:\Users\Ghanam\OneDrive\projects\Greeny-Life\.venv\Lib\site-packages\transformers\models\seggpt\image_processing_seggpt.py","image_processing_seggpt.py",".py","15641","7/25/2026 1:35:02 PM","C:\Users\Ghanam\OneDrive\projects\Greeny-Life\.venv\Lib\site-packages\transformers\models\seggpt"
"C:\Users\Ghanam\OneDrive\projects\Greeny-Life\.venv\Lib\site-packages\transformers\models\seggpt\modeling_seggpt.py","modeling_seggpt.py",".py","43098","7/25/2026 1:35:02 PM","C:\Users\Ghanam\OneDrive\projects\Greeny-Life\.venv\Lib\site-packages\transformers\models\seggpt"
"C:\Users\Ghanam\OneDrive\projects\Greeny-Life\.venv\Lib\site-packages\transformers\models\sew\modeling_sew.py","modeling_sew.py",".py","45677","7/25/2026 1:35:02 PM","C:\Users\Ghanam\OneDrive\projects\Greeny-Life\.venv\Lib\site-packages\transformers\models\sew"
"C:\Users\Ghanam\OneDrive\projects\Greeny-Life\.venv\Lib\site-packages\transformers\models\sew_d\modeling_sew_d.py","modeling_sew_d.py",".py","67077","7/25/2026 1:35:02 PM","C:\Users\Ghanam\OneDrive\projects\Greeny-Life\.venv\Lib\site-packages\transformers\models\sew_d"
"C:\Users\Ghanam\OneDrive\projects\Greeny-Life\.venv\Lib\site-packages\transformers\models\shieldgemma2\modeling_shieldgemma2.py","modeling_shieldgemma2.py",".py","5546","7/25/2026 1:35:02 PM","C:\Users\Ghanam\OneDrive\projects\Greeny-Life\.venv\Lib\site-packages\transformers\models\shieldgemma2"
"C:\Users\Ghanam\OneDrive\projects\Greeny-Life\.venv\Lib\site-packages\transformers\models\shieldgemma2\processing_shieldgemma2.py","processing_shieldgemma2.py",".py","8428","7/25/2026 1:35:02 PM","C:\Users\Ghanam\OneDrive\projects\Greeny-Life\.venv\Lib\site-packages\transformers\models\shieldgemma2"
"C:\Users\Ghanam\OneDrive\projects\Greeny-Life\.venv\Lib\site-packages\transformers\models\siglip\image_processing_pil_siglip.py","image_processing_pil_siglip.py",".py","1288","7/25/2026 1:35:02 PM","C:\Users\Ghanam\OneDrive\projects\Greeny-Life\.venv\Lib\site-packages\transformers\models\siglip"
"C:\Users\Ghanam\OneDrive\projects\Greeny-Life\.venv\Lib\site-packages\transformers\models\siglip\image_processing_siglip.py","image_processing_siglip.py",".py","1298","7/25/2026 1:35:02 PM","C:\Users\Ghanam\OneDrive\projects\Greeny-Life\.venv\Lib\site-packages\transformers\models\siglip"
"C:\Users\Ghanam\OneDrive\projects\Greeny-Life\.venv\Lib\site-packages\transformers\models\siglip\modeling_siglip.py","modeling_siglip.py",".py","35972","7/25/2026 1:35:02 PM","C:\Users\Ghanam\OneDrive\projects\Greeny-Life\.venv\Lib\site-packages\transformers\models\siglip"
"C:\Users\Ghanam\OneDrive\projects\Greeny-Life\.venv\Lib\site-packages\transformers\models\siglip\processing_siglip.py","processing_siglip.py",".py","915","7/25/2026 1:35:02 PM","C:\Users\Ghanam\OneDrive\projects\Greeny-Life\.venv\Lib\site-packages\transformers\models\siglip"
"C:\Users\Ghanam\OneDrive\projects\Greeny-Life\.venv\Lib\site-packages\transformers\models\siglip\tokenization_siglip.py","tokenization_siglip.py",".py","14286","7/25/2026 1:35:02 PM","C:\Users\Ghanam\OneDrive\projects\Greeny-Life\.venv\Lib\site-packages\transformers\models\siglip"
"C:\Users\Ghanam\OneDrive\projects\Greeny-Life\.venv\Lib\site-packages\transformers\models\siglip2\image_processing_pil_siglip2.py","image_processing_pil_siglip2.py",".py","7790","7/25/2026 1:35:02 PM","C:\Users\Ghanam\OneDrive\projects\Greeny-Life\.venv\Lib\site-packages\transformers\models\siglip2"
"C:\Users\Ghanam\OneDrive\projects\Greeny-Life\.venv\Lib\site-packages\transformers\models\siglip2\image_processing_siglip2.py","image_processing_siglip2.py",".py","7659","7/25/2026 1:35:02 PM","C:\Users\Ghanam\OneDrive\projects\Greeny-Life\.venv\Lib\site-packages\transformers\models\siglip2"
"C:\Users\Ghanam\OneDrive\projects\Greeny-Life\.venv\Lib\site-packages\transformers\models\siglip2\modeling_siglip2.py","modeling_siglip2.py",".py","41256","7/25/2026 1:35:02 PM","C:\Users\Ghanam\OneDrive\projects\Greeny-Life\.venv\Lib\site-packages\transformers\models\siglip2"
"C:\Users\Ghanam\OneDrive\projects\Greeny-Life\.venv\Lib\site-packages\transformers\models\siglip2\modular_siglip2.py","modular_siglip2.py",".py","23068","7/25/2026 1:35:02 PM","C:\Users\Ghanam\OneDrive\projects\Greeny-Life\.venv\Lib\site-packages\transformers\models\siglip2"
"C:\Users\Ghanam\OneDrive\projects\Greeny-Life\.venv\Lib\site-packages\transformers\models\siglip2\processing_siglip2.py","processing_siglip2.py",".py","1315","7/25/2026 1:35:02 PM","C:\Users\Ghanam\OneDrive\projects\Greeny-Life\.venv\Lib\site-packages\transformers\models\siglip2"
"C:\Users\Ghanam\OneDrive\projects\Greeny-Life\.venv\Lib\site-packages\transformers\models\slanext\image_processing_slanext.py","image_processing_slanext.py",".py","12559","7/25/2026 1:35:02 PM","C:\Users\Ghanam\OneDrive\projects\Greeny-Life\.venv\Lib\site-packages\transformers\models\slanext"
"C:\Users\Ghanam\OneDrive\projects\Greeny-Life\.venv\Lib\site-packages\transformers\models\slanext\modular_slanext.py","modular_slanext.py",".py","23474","7/25/2026 1:35:02 PM","C:\Users\Ghanam\OneDrive\projects\Greeny-Life\.venv\Lib\site-packages\transformers\models\slanext"
"C:\Users\Ghanam\OneDrive\projects\Greeny-Life\.venv\Lib\site-packages\transformers\models\smolvlm\image_processing_pil_smolvlm.py","image_processing_pil_smolvlm.py",".py","19501","7/25/2026 1:35:02 PM","C:\Users\Ghanam\OneDrive\projects\Greeny-Life\.venv\Lib\site-packages\transformers\models\smolvlm"
"C:\Users\Ghanam\OneDrive\projects\Greeny-Life\.venv\Lib\site-packages\transformers\models\smolvlm\image_processing_smolvlm.py","image_processing_smolvlm.py",".py","23734","7/25/2026 1:35:02 PM","C:\Users\Ghanam\OneDrive\projects\Greeny-Life\.venv\Lib\site-packages\transformers\models\smolvlm"
"C:\Users\Ghanam\OneDrive\projects\Greeny-Life\.venv\Lib\site-packages\transformers\models\smolvlm\modeling_smolvlm.py","modeling_smolvlm.py",".py","36907","7/25/2026 1:35:02 PM","C:\Users\Ghanam\OneDrive\projects\Greeny-Life\.venv\Lib\site-packages\transformers\models\smolvlm"
"C:\Users\Ghanam\OneDrive\projects\Greeny-Life\.venv\Lib\site-packages\transformers\models\smolvlm\modular_smolvlm.py","modular_smolvlm.py",".py","14536","7/25/2026 1:35:02 PM","C:\Users\Ghanam\OneDrive\projects\Greeny-Life\.venv\Lib\site-packages\transformers\models\smolvlm"
"C:\Users\Ghanam\OneDrive\projects\Greeny-Life\.venv\Lib\site-packages\transformers\models\smolvlm\processing_smolvlm.py","processing_smolvlm.py",".py","16308","7/25/2026 1:35:02 PM","C:\Users\Ghanam\OneDrive\projects\Greeny-Life\.venv\Lib\site-packages\transformers\models\smolvlm"
"C:\Users\Ghanam\OneDrive\projects\Greeny-Life\.venv\Lib\site-packages\transformers\models\smolvlm\video_processing_smolvlm.py","video_processing_smolvlm.py",".py","14535","7/25/2026 1:35:02 PM","C:\Users\Ghanam\OneDrive\projects\Greeny-Life\.venv\Lib\site-packages\transformers\models\smolvlm"
"C:\Users\Ghanam\OneDrive\projects\Greeny-Life\.venv\Lib\site-packages\transformers\models\speecht5\configuration_speecht5.py","configuration_speecht5.py",".py","15216","7/25/2026 1:35:03 PM","C:\Users\Ghanam\OneDrive\projects\Greeny-Life\.venv\Lib\site-packages\transformers\models\speecht5"
"C:\Users\Ghanam\OneDrive\projects\Greeny-Life\.venv\Lib\site-packages\transformers\models\speecht5\modeling_speecht5.py","modeling_speecht5.py",".py","137995","7/25/2026 1:35:03 PM","C:\Users\Ghanam\OneDrive\projects\Greeny-Life\.venv\Lib\site-packages\transformers\models\speecht5"
"C:\Users\Ghanam\OneDrive\projects\Greeny-Life\.venv\Lib\site-packages\transformers\models\speecht5\processing_speecht5.py","processing_speecht5.py",".py","5373","7/25/2026 1:35:03 PM","C:\Users\Ghanam\OneDrive\projects\Greeny-Life\.venv\Lib\site-packages\transformers\models\speecht5"
"C:\Users\Ghanam\OneDrive\projects\Greeny-Life\.venv\Lib\site-packages\transformers\models\speecht5\tokenization_speecht5.py","tokenization_speecht5.py",".py","6688","7/25/2026 1:35:03 PM","C:\Users\Ghanam\OneDrive\projects\Greeny-Life\.venv\Lib\site-packages\transformers\models\speecht5"
"C:\Users\Ghanam\OneDrive\projects\Greeny-Life\.venv\Lib\site-packages\transformers\models\speech_encoder_decoder\modeling_speech_encoder_decoder.py","modeling_speech_encoder_decoder.py",".py","24596","7/25/2026 1:35:02 PM","C:\Users\Ghanam\OneDrive\projects\Greeny-Life\.venv\Lib\site-packages\transformers\models\speech_encoder_decoder"
"C:\Users\Ghanam\OneDrive\projects\Greeny-Life\.venv\Lib\site-packages\transformers\models\speech_to_text\modeling_speech_to_text.py","modeling_speech_to_text.py",".py","40487","7/25/2026 1:35:03 PM","C:\Users\Ghanam\OneDrive\projects\Greeny-Life\.venv\Lib\site-packages\transformers\models\speech_to_text"
"C:\Users\Ghanam\OneDrive\projects\Greeny-Life\.venv\Lib\site-packages\transformers\models\speech_to_text\processing_speech_to_text.py","processing_speech_to_text.py",".py","1770","7/25/2026 1:35:03 PM","C:\Users\Ghanam\OneDrive\projects\Greeny-Life\.venv\Lib\site-packages\transformers\models\speech_to_text"
"C:\Users\Ghanam\OneDrive\projects\Greeny-Life\.venv\Lib\site-packages\transformers\models\speech_to_text\tokenization_speech_to_text.py","tokenization_speech_to_text.py",".py","11480","7/25/2026 1:35:03 PM","C:\Users\Ghanam\OneDrive\projects\Greeny-Life\.venv\Lib\site-packages\transformers\models\speech_to_text"
"C:\Users\Ghanam\OneDrive\projects\Greeny-Life\.venv\Lib\site-packages\transformers\models\splinter\tokenization_splinter.py","tokenization_splinter.py",".py","6692","7/25/2026 1:35:03 PM","C:\Users\Ghanam\OneDrive\projects\Greeny-Life\.venv\Lib\site-packages\transformers\models\splinter"
"C:\Users\Ghanam\OneDrive\projects\Greeny-Life\.venv\Lib\site-packages\transformers\models\superglue\image_processing_pil_superglue.py","image_processing_pil_superglue.py",".py","11707","7/25/2026 1:35:03 PM","C:\Users\Ghanam\OneDrive\projects\Greeny-Life\.venv\Lib\site-packages\transformers\models\superglue"
"C:\Users\Ghanam\OneDrive\projects\Greeny-Life\.venv\Lib\site-packages\transformers\models\superglue\image_processing_superglue.py","image_processing_superglue.py",".py","12824","7/25/2026 1:35:03 PM","C:\Users\Ghanam\OneDrive\projects\Greeny-Life\.venv\Lib\site-packages\transformers\models\superglue"
"C:\Users\Ghanam\OneDrive\projects\Greeny-Life\.venv\Lib\site-packages\transformers\models\superglue\modeling_superglue.py","modeling_superglue.py",".py","32573","7/25/2026 1:35:03 PM","C:\Users\Ghanam\OneDrive\projects\Greeny-Life\.venv\Lib\site-packages\transformers\models\superglue"
"C:\Users\Ghanam\OneDrive\projects\Greeny-Life\.venv\Lib\site-packages\transformers\models\superpoint\image_processing_pil_superpoint.py","image_processing_pil_superpoint.py",".py","6544","7/25/2026 1:35:03 PM","C:\Users\Ghanam\OneDrive\projects\Greeny-Life\.venv\Lib\site-packages\transformers\models\superpoint"
"C:\Users\Ghanam\OneDrive\projects\Greeny-Life\.venv\Lib\site-packages\transformers\models\superpoint\image_processing_superpoint.py","image_processing_superpoint.py",".py","6842","7/25/2026 1:35:03 PM","C:\Users\Ghanam\OneDrive\projects\Greeny-Life\.venv\Lib\site-packages\transformers\models\superpoint"
"C:\Users\Ghanam\OneDrive\projects\Greeny-Life\.venv\Lib\site-packages\transformers\models\superpoint\modeling_superpoint.py","modeling_superpoint.py",".py","19486","7/25/2026 1:35:03 PM","C:\Users\Ghanam\OneDrive\projects\Greeny-Life\.venv\Lib\site-packages\transformers\models\superpoint"
"C:\Users\Ghanam\OneDrive\projects\Greeny-Life\.venv\Lib\site-packages\transformers\models\swin\modeling_swin.py","modeling_swin.py",".py","50373","7/25/2026 1:35:03 PM","C:\Users\Ghanam\OneDrive\projects\Greeny-Life\.venv\Lib\site-packages\transformers\models\swin"
"C:\Users\Ghanam\OneDrive\projects\Greeny-Life\.venv\Lib\site-packages\transformers\models\swin\modular_swin.py","modular_swin.py",".py","48137","7/25/2026 1:35:03 PM","C:\Users\Ghanam\OneDrive\projects\Greeny-Life\.venv\Lib\site-packages\transformers\models\swin"
"C:\Users\Ghanam\OneDrive\projects\Greeny-Life\.venv\Lib\site-packages\transformers\models\swin2sr\image_processing_pil_swin2sr.py","image_processing_pil_swin2sr.py",".py","3884","7/25/2026 1:35:03 PM","C:\Users\Ghanam\OneDrive\projects\Greeny-Life\.venv\Lib\site-packages\transformers\models\swin2sr"
"C:\Users\Ghanam\OneDrive\projects\Greeny-Life\.venv\Lib\site-packages\transformers\models\swin2sr\image_processing_swin2sr.py","image_processing_swin2sr.py",".py","4087","7/25/2026 1:35:03 PM","C:\Users\Ghanam\OneDrive\projects\Greeny-Life\.venv\Lib\site-packages\transformers\models\swin2sr"
"C:\Users\Ghanam\OneDrive\projects\Greeny-Life\.venv\Lib\site-packages\transformers\models\swin2sr\modeling_swin2sr.py","modeling_swin2sr.py",".py","45020","7/25/2026 1:35:03 PM","C:\Users\Ghanam\OneDrive\projects\Greeny-Life\.venv\Lib\site-packages\transformers\models\swin2sr"
"C:\Users\Ghanam\OneDrive\projects\Greeny-Life\.venv\Lib\site-packages\transformers\models\swinv2\modeling_swinv2.py","modeling_swinv2.py",".py","56016","7/25/2026 1:35:03 PM","C:\Users\Ghanam\OneDrive\projects\Greeny-Life\.venv\Lib\site-packages\transformers\models\swinv2"
"C:\Users\Ghanam\OneDrive\projects\Greeny-Life\.venv\Lib\site-packages\transformers\models\t5\tokenization_t5.py","tokenization_t5.py",".py","6540","7/25/2026 1:35:03 PM","C:\Users\Ghanam\OneDrive\projects\Greeny-Life\.venv\Lib\site-packages\transformers\models\t5"
"C:\Users\Ghanam\OneDrive\projects\Greeny-Life\.venv\Lib\site-packages\transformers\models\t5gemma2\modeling_t5gemma2.py","modeling_t5gemma2.py",".py","68135","7/25/2026 1:35:03 PM","C:\Users\Ghanam\OneDrive\projects\Greeny-Life\.venv\Lib\site-packages\transformers\models\t5gemma2"
"C:\Users\Ghanam\OneDrive\projects\Greeny-Life\.venv\Lib\site-packages\transformers\models\t5gemma2\modular_t5gemma2.py","modular_t5gemma2.py",".py","55778","7/25/2026 1:35:03 PM","C:\Users\Ghanam\OneDrive\projects\Greeny-Life\.venv\Lib\site-packages\transformers\models\t5gemma2"
"C:\Users\Ghanam\OneDrive\projects\Greeny-Life\.venv\Lib\site-packages\transformers\models\table_transformer\modeling_table_transformer.py","modeling_table_transformer.py",".py","58735","7/25/2026 1:35:03 PM","C:\Users\Ghanam\OneDrive\projects\Greeny-Life\.venv\Lib\site-packages\transformers\models\table_transformer"
"C:\Users\Ghanam\OneDrive\projects\Greeny-Life\.venv\Lib\site-packages\transformers\models\textnet\image_processing_pil_textnet.py","image_processing_pil_textnet.py",".py","4718","7/25/2026 1:35:03 PM","C:\Users\Ghanam\OneDrive\projects\Greeny-Life\.venv\Lib\site-packages\transformers\models\textnet"
"C:\Users\Ghanam\OneDrive\projects\Greeny-Life\.venv\Lib\site-packages\transformers\models\textnet\image_processing_textnet.py","image_processing_textnet.py",".py","5398","7/25/2026 1:35:03 PM","C:\Users\Ghanam\OneDrive\projects\Greeny-Life\.venv\Lib\site-packages\transformers\models\textnet"
"C:\Users\Ghanam\OneDrive\projects\Greeny-Life\.venv\Lib\site-packages\transformers\models\textnet\modeling_textnet.py","modeling_textnet.py",".py","15270","7/25/2026 1:35:03 PM","C:\Users\Ghanam\OneDrive\projects\Greeny-Life\.venv\Lib\site-packages\transformers\models\textnet"
"C:\Users\Ghanam\OneDrive\projects\Greeny-Life\.venv\Lib\site-packages\transformers\models\timesformer\modeling_timesformer.py","modeling_timesformer.py",".py","31611","7/25/2026 1:35:03 PM","C:\Users\Ghanam\OneDrive\projects\Greeny-Life\.venv\Lib\site-packages\transformers\models\timesformer"
"C:\Users\Ghanam\OneDrive\projects\Greeny-Life\.venv\Lib\site-packages\transformers\models\timesformer\video_processing_timesformer.py","video_processing_timesformer.py",".py","1533","7/25/2026 1:35:03 PM","C:\Users\Ghanam\OneDrive\projects\Greeny-Life\.venv\Lib\site-packages\transformers\models\timesformer"
"C:\Users\Ghanam\OneDrive\projects\Greeny-Life\.venv\Lib\site-packages\transformers\models\timm_wrapper\image_processing_timm_wrapper.py","image_processing_timm_wrapper.py",".py","5298","7/25/2026 1:35:03 PM","C:\Users\Ghanam\OneDrive\projects\Greeny-Life\.venv\Lib\site-packages\transformers\models\timm_wrapper"
"C:\Users\Ghanam\OneDrive\projects\Greeny-Life\.venv\Lib\site-packages\transformers\models\timm_wrapper\modeling_timm_wrapper.py","modeling_timm_wrapper.py",".py","16765","7/25/2026 1:35:03 PM","C:\Users\Ghanam\OneDrive\projects\Greeny-Life\.venv\Lib\site-packages\transformers\models\timm_wrapper"
"C:\Users\Ghanam\OneDrive\projects\Greeny-Life\.venv\Lib\site-packages\transformers\models\tipsv2\image_processing_tipsv2.py","image_processing_tipsv2.py",".py","1867","7/25/2026 1:35:03 PM","C:\Users\Ghanam\OneDrive\projects\Greeny-Life\.venv\Lib\site-packages\transformers\models\tipsv2"
"C:\Users\Ghanam\OneDrive\projects\Greeny-Life\.venv\Lib\site-packages\transformers\models\tipsv2\modeling_tipsv2.py","modeling_tipsv2.py",".py","49217","7/25/2026 1:35:03 PM","C:\Users\Ghanam\OneDrive\projects\Greeny-Life\.venv\Lib\site-packages\transformers\models\tipsv2"
"C:\Users\Ghanam\OneDrive\projects\Greeny-Life\.venv\Lib\site-packages\transformers\models\tipsv2\modular_tipsv2.py","modular_tipsv2.py",".py","33376","7/25/2026 1:35:03 PM","C:\Users\Ghanam\OneDrive\projects\Greeny-Life\.venv\Lib\site-packages\transformers\models\tipsv2"
"C:\Users\Ghanam\OneDrive\projects\Greeny-Life\.venv\Lib\site-packages\transformers\models\tipsv2\processing_tipsv2.py","processing_tipsv2.py",".py","2022","7/25/2026 1:35:03 PM","C:\Users\Ghanam\OneDrive\projects\Greeny-Life\.venv\Lib\site-packages\transformers\models\tipsv2"
"C:\Users\Ghanam\OneDrive\projects\Greeny-Life\.venv\Lib\site-packages\transformers\models\tipsv2_dpt\image_processing_tipsv2_dpt.py","image_processing_tipsv2_dpt.py",".py","8555","7/25/2026 1:35:03 PM","C:\Users\Ghanam\OneDrive\projects\Greeny-Life\.venv\Lib\site-packages\transformers\models\tipsv2_dpt"
"C:\Users\Ghanam\OneDrive\projects\Greeny-Life\.venv\Lib\site-packages\transformers\models\tipsv2_dpt\modeling_tipsv2_dpt.py","modeling_tipsv2_dpt.py",".py","30375","7/25/2026 1:35:03 PM","C:\Users\Ghanam\OneDrive\projects\Greeny-Life\.venv\Lib\site-packages\transformers\models\tipsv2_dpt"
"C:\Users\Ghanam\OneDrive\projects\Greeny-Life\.venv\Lib\site-packages\transformers\models\tipsv2_dpt\modular_tipsv2_dpt.py","modular_tipsv2_dpt.py",".py","32498","7/25/2026 1:35:03 PM","C:\Users\Ghanam\OneDrive\projects\Greeny-Life\.venv\Lib\site-packages\transformers\models\tipsv2_dpt"
"C:\Users\Ghanam\OneDrive\projects\Greeny-Life\.venv\Lib\site-packages\transformers\models\trocr\modeling_trocr.py","modeling_trocr.py",".py","34316","7/25/2026 1:35:03 PM","C:\Users\Ghanam\OneDrive\projects\Greeny-Life\.venv\Lib\site-packages\transformers\models\trocr"
"C:\Users\Ghanam\OneDrive\projects\Greeny-Life\.venv\Lib\site-packages\transformers\models\trocr\processing_trocr.py","processing_trocr.py",".py","2376","7/25/2026 1:35:03 PM","C:\Users\Ghanam\OneDrive\projects\Greeny-Life\.venv\Lib\site-packages\transformers\models\trocr"
"C:\Users\Ghanam\OneDrive\projects\Greeny-Life\.venv\Lib\site-packages\transformers\models\tvp\image_processing_pil_tvp.py","image_processing_pil_tvp.py",".py","9385","7/25/2026 1:35:03 PM","C:\Users\Ghanam\OneDrive\projects\Greeny-Life\.venv\Lib\site-packages\transformers\models\tvp"
"C:\Users\Ghanam\OneDrive\projects\Greeny-Life\.venv\Lib\site-packages\transformers\models\tvp\image_processing_tvp.py","image_processing_tvp.py",".py","8502","7/25/2026 1:35:03 PM","C:\Users\Ghanam\OneDrive\projects\Greeny-Life\.venv\Lib\site-packages\transformers\models\tvp"
"C:\Users\Ghanam\OneDrive\projects\Greeny-Life\.venv\Lib\site-packages\transformers\models\tvp\modeling_tvp.py","modeling_tvp.py",".py","37526","7/25/2026 1:35:03 PM","C:\Users\Ghanam\OneDrive\projects\Greeny-Life\.venv\Lib\site-packages\transformers\models\tvp"
"C:\Users\Ghanam\OneDrive\projects\Greeny-Life\.venv\Lib\site-packages\transformers\models\tvp\processing_tvp.py","processing_tvp.py",".py","1973","7/25/2026 1:35:03 PM","C:\Users\Ghanam\OneDrive\projects\Greeny-Life\.venv\Lib\site-packages\transformers\models\tvp"
"C:\Users\Ghanam\OneDrive\projects\Greeny-Life\.venv\Lib\site-packages\transformers\models\udop\modeling_udop.py","modeling_udop.py",".py","78234","7/25/2026 1:35:03 PM","C:\Users\Ghanam\OneDrive\projects\Greeny-Life\.venv\Lib\site-packages\transformers\models\udop"
"C:\Users\Ghanam\OneDrive\projects\Greeny-Life\.venv\Lib\site-packages\transformers\models\udop\processing_udop.py","processing_udop.py",".py","7148","7/25/2026 1:35:03 PM","C:\Users\Ghanam\OneDrive\projects\Greeny-Life\.venv\Lib\site-packages\transformers\models\udop"
"C:\Users\Ghanam\OneDrive\projects\Greeny-Life\.venv\Lib\site-packages\transformers\models\udop\tokenization_udop.py","tokenization_udop.py",".py","49668","7/25/2026 1:35:03 PM","C:\Users\Ghanam\OneDrive\projects\Greeny-Life\.venv\Lib\site-packages\transformers\models\udop"
"C:\Users\Ghanam\OneDrive\projects\Greeny-Life\.venv\Lib\site-packages\transformers\models\unispeech\modeling_unispeech.py","modeling_unispeech.py",".py","59905","7/25/2026 1:35:03 PM","C:\Users\Ghanam\OneDrive\projects\Greeny-Life\.venv\Lib\site-packages\transformers\models\unispeech"
"C:\Users\Ghanam\OneDrive\projects\Greeny-Life\.venv\Lib\site-packages\transformers\models\unispeech_sat\modeling_unispeech_sat.py","modeling_unispeech_sat.py",".py","72937","7/25/2026 1:35:03 PM","C:\Users\Ghanam\OneDrive\projects\Greeny-Life\.venv\Lib\site-packages\transformers\models\unispeech_sat"
"C:\Users\Ghanam\OneDrive\projects\Greeny-Life\.venv\Lib\site-packages\transformers\models\upernet\modeling_upernet.py","modeling_upernet.py",".py","14151","7/25/2026 1:35:03 PM","C:\Users\Ghanam\OneDrive\projects\Greeny-Life\.venv\Lib\site-packages\transformers\models\upernet"
"C:\Users\Ghanam\OneDrive\projects\Greeny-Life\.venv\Lib\site-packages\transformers\models\uvdoc\image_processing_uvdoc.py","image_processing_uvdoc.py",".py","6608","7/25/2026 1:35:03 PM","C:\Users\Ghanam\OneDrive\projects\Greeny-Life\.venv\Lib\site-packages\transformers\models\uvdoc"
"C:\Users\Ghanam\OneDrive\projects\Greeny-Life\.venv\Lib\site-packages\transformers\models\uvdoc\modular_uvdoc.py","modular_uvdoc.py",".py","21818","7/25/2026 1:35:03 PM","C:\Users\Ghanam\OneDrive\projects\Greeny-Life\.venv\Lib\site-packages\transformers\models\uvdoc"
"C:\Users\Ghanam\OneDrive\projects\Greeny-Life\.venv\Lib\site-packages\transformers\models\vibevoice_asr\modeling_vibevoice_asr.py","modeling_vibevoice_asr.py",".py","23231","7/25/2026 1:35:03 PM","C:\Users\Ghanam\OneDrive\projects\Greeny-Life\.venv\Lib\site-packages\transformers\models\vibevoice_asr"
"C:\Users\Ghanam\OneDrive\projects\Greeny-Life\.venv\Lib\site-packages\transformers\models\vibevoice_asr\modular_vibevoice_asr.py","modular_vibevoice_asr.py",".py","20924","7/25/2026 1:35:03 PM","C:\Users\Ghanam\OneDrive\projects\Greeny-Life\.venv\Lib\site-packages\transformers\models\vibevoice_asr"
"C:\Users\Ghanam\OneDrive\projects\Greeny-Life\.venv\Lib\site-packages\transformers\models\vibevoice_asr\processing_vibevoice_asr.py","processing_vibevoice_asr.py",".py","15664","7/25/2026 1:35:03 PM","C:\Users\Ghanam\OneDrive\projects\Greeny-Life\.venv\Lib\site-packages\transformers\models\vibevoice_asr"
"C:\Users\Ghanam\OneDrive\projects\Greeny-Life\.venv\Lib\site-packages\transformers\models\videomae\image_processing_pil_videomae.py","image_processing_pil_videomae.py",".py","3542","7/25/2026 1:35:03 PM","C:\Users\Ghanam\OneDrive\projects\Greeny-Life\.venv\Lib\site-packages\transformers\models\videomae"
"C:\Users\Ghanam\OneDrive\projects\Greeny-Life\.venv\Lib\site-packages\transformers\models\videomae\image_processing_videomae.py","image_processing_videomae.py",".py","4512","7/25/2026 1:35:03 PM","C:\Users\Ghanam\OneDrive\projects\Greeny-Life\.venv\Lib\site-packages\transformers\models\videomae"
"C:\Users\Ghanam\OneDrive\projects\Greeny-Life\.venv\Lib\site-packages\transformers\models\videomae\modeling_videomae.py","modeling_videomae.py",".py","30786","7/25/2026 1:35:03 PM","C:\Users\Ghanam\OneDrive\projects\Greeny-Life\.venv\Lib\site-packages\transformers\models\videomae"
"C:\Users\Ghanam\OneDrive\projects\Greeny-Life\.venv\Lib\site-packages\transformers\models\videomae\video_processing_videomae.py","video_processing_videomae.py",".py","1582","7/25/2026 1:35:03 PM","C:\Users\Ghanam\OneDrive\projects\Greeny-Life\.venv\Lib\site-packages\transformers\models\videomae"
"C:\Users\Ghanam\OneDrive\projects\Greeny-Life\.venv\Lib\site-packages\transformers\models\videomt\modeling_videomt.py","modeling_videomt.py",".py","54432","7/25/2026 1:35:03 PM","C:\Users\Ghanam\OneDrive\projects\Greeny-Life\.venv\Lib\site-packages\transformers\models\videomt"
"C:\Users\Ghanam\OneDrive\projects\Greeny-Life\.venv\Lib\site-packages\transformers\models\videomt\modular_videomt.py","modular_videomt.py",".py","10906","7/25/2026 1:35:03 PM","C:\Users\Ghanam\OneDrive\projects\Greeny-Life\.venv\Lib\site-packages\transformers\models\videomt"
"C:\Users\Ghanam\OneDrive\projects\Greeny-Life\.venv\Lib\site-packages\transformers\models\videomt\video_processing_videomt.py","video_processing_videomt.py",".py","16505","7/25/2026 1:35:03 PM","C:\Users\Ghanam\OneDrive\projects\Greeny-Life\.venv\Lib\site-packages\transformers\models\videomt"
"C:\Users\Ghanam\OneDrive\projects\Greeny-Life\.venv\Lib\site-packages\transformers\models\videoprism\modeling_videoprism.py","modeling_videoprism.py",".py","41898","7/25/2026 1:35:03 PM","C:\Users\Ghanam\OneDrive\projects\Greeny-Life\.venv\Lib\site-packages\transformers\models\videoprism"
"C:\Users\Ghanam\OneDrive\projects\Greeny-Life\.venv\Lib\site-packages\transformers\models\videoprism\modular_videoprism.py","modular_videoprism.py",".py","40029","7/25/2026 1:35:03 PM","C:\Users\Ghanam\OneDrive\projects\Greeny-Life\.venv\Lib\site-packages\transformers\models\videoprism"
"C:\Users\Ghanam\OneDrive\projects\Greeny-Life\.venv\Lib\site-packages\transformers\models\videoprism\processing_videoprism.py","processing_videoprism.py",".py","2197","7/25/2026 1:35:03 PM","C:\Users\Ghanam\OneDrive\projects\Greeny-Life\.venv\Lib\site-packages\transformers\models\videoprism"
"C:\Users\Ghanam\OneDrive\projects\Greeny-Life\.venv\Lib\site-packages\transformers\models\videoprism\tokenization_videoprism.py","tokenization_videoprism.py",".py","5400","7/25/2026 1:35:03 PM","C:\Users\Ghanam\OneDrive\projects\Greeny-Life\.venv\Lib\site-packages\transformers\models\videoprism"
"C:\Users\Ghanam\OneDrive\projects\Greeny-Life\.venv\Lib\site-packages\transformers\models\video_llama_3\image_processing_pil_video_llama_3.py","image_processing_pil_video_llama_3.py",".py","10762","7/25/2026 1:35:03 PM","C:\Users\Ghanam\OneDrive\projects\Greeny-Life\.venv\Lib\site-packages\transformers\models\video_llama_3"
"C:\Users\Ghanam\OneDrive\projects\Greeny-Life\.venv\Lib\site-packages\transformers\models\video_llama_3\image_processing_video_llama_3.py","image_processing_video_llama_3.py",".py","11497","7/25/2026 1:35:03 PM","C:\Users\Ghanam\OneDrive\projects\Greeny-Life\.venv\Lib\site-packages\transformers\models\video_llama_3"
"C:\Users\Ghanam\OneDrive\projects\Greeny-Life\.venv\Lib\site-packages\transformers\models\video_llama_3\modeling_video_llama_3.py","modeling_video_llama_3.py",".py","48091","7/25/2026 1:35:03 PM","C:\Users\Ghanam\OneDrive\projects\Greeny-Life\.venv\Lib\site-packages\transformers\models\video_llama_3"
"C:\Users\Ghanam\OneDrive\projects\Greeny-Life\.venv\Lib\site-packages\transformers\models\video_llama_3\modular_video_llama_3.py","modular_video_llama_3.py",".py","60820","7/25/2026 1:35:03 PM","C:\Users\Ghanam\OneDrive\projects\Greeny-Life\.venv\Lib\site-packages\transformers\models\video_llama_3"
"C:\Users\Ghanam\OneDrive\projects\Greeny-Life\.venv\Lib\site-packages\transformers\models\video_llama_3\processing_video_llama_3.py","processing_video_llama_3.py",".py","7761","7/25/2026 1:35:03 PM","C:\Users\Ghanam\OneDrive\projects\Greeny-Life\.venv\Lib\site-packages\transformers\models\video_llama_3"
"C:\Users\Ghanam\OneDrive\projects\Greeny-Life\.venv\Lib\site-packages\transformers\models\video_llama_3\video_processing_video_llama_3.py","video_processing_video_llama_3.py",".py","18152","7/25/2026 1:35:03 PM","C:\Users\Ghanam\OneDrive\projects\Greeny-Life\.venv\Lib\site-packages\transformers\models\video_llama_3"
"C:\Users\Ghanam\OneDrive\projects\Greeny-Life\.venv\Lib\site-packages\transformers\models\video_llava\image_processing_video_llava.py","image_processing_video_llava.py",".py","16825","7/25/2026 1:35:03 PM","C:\Users\Ghanam\OneDrive\projects\Greeny-Life\.venv\Lib\site-packages\transformers\models\video_llava"
"C:\Users\Ghanam\OneDrive\projects\Greeny-Life\.venv\Lib\site-packages\transformers\models\video_llava\modeling_video_llava.py","modeling_video_llava.py",".py","27682","7/25/2026 1:35:03 PM","C:\Users\Ghanam\OneDrive\projects\Greeny-Life\.venv\Lib\site-packages\transformers\models\video_llava"
"C:\Users\Ghanam\OneDrive\projects\Greeny-Life\.venv\Lib\site-packages\transformers\models\video_llava\processing_video_llava.py","processing_video_llava.py",".py","7450","7/25/2026 1:35:03 PM","C:\Users\Ghanam\OneDrive\projects\Greeny-Life\.venv\Lib\site-packages\transformers\models\video_llava"
"C:\Users\Ghanam\OneDrive\projects\Greeny-Life\.venv\Lib\site-packages\transformers\models\video_llava\video_processing_video_llava.py","video_processing_video_llava.py",".py","1320","7/25/2026 1:35:03 PM","C:\Users\Ghanam\OneDrive\projects\Greeny-Life\.venv\Lib\site-packages\transformers\models\video_llava"
"C:\Users\Ghanam\OneDrive\projects\Greeny-Life\.venv\Lib\site-packages\transformers\models\vilt\image_processing_pil_vilt.py","image_processing_pil_vilt.py",".py","8355","7/25/2026 1:35:03 PM","C:\Users\Ghanam\OneDrive\projects\Greeny-Life\.venv\Lib\site-packages\transformers\models\vilt"
"C:\Users\Ghanam\OneDrive\projects\Greeny-Life\.venv\Lib\site-packages\transformers\models\vilt\image_processing_vilt.py","image_processing_vilt.py",".py","8911","7/25/2026 1:35:03 PM","C:\Users\Ghanam\OneDrive\projects\Greeny-Life\.venv\Lib\site-packages\transformers\models\vilt"
"C:\Users\Ghanam\OneDrive\projects\Greeny-Life\.venv\Lib\site-packages\transformers\models\vilt\modeling_vilt.py","modeling_vilt.py",".py","53875","7/25/2026 1:35:03 PM","C:\Users\Ghanam\OneDrive\projects\Greeny-Life\.venv\Lib\site-packages\transformers\models\vilt"
"C:\Users\Ghanam\OneDrive\projects\Greeny-Life\.venv\Lib\site-packages\transformers\models\vilt\processing_vilt.py","processing_vilt.py",".py","1408","7/25/2026 1:35:03 PM","C:\Users\Ghanam\OneDrive\projects\Greeny-Life\.venv\Lib\site-packages\transformers\models\vilt"
"C:\Users\Ghanam\OneDrive\projects\Greeny-Life\.venv\Lib\site-packages\transformers\models\vipllava\modeling_vipllava.py","modeling_vipllava.py",".py","18963","7/25/2026 1:35:03 PM","C:\Users\Ghanam\OneDrive\projects\Greeny-Life\.venv\Lib\site-packages\transformers\models\vipllava"
"C:\Users\Ghanam\OneDrive\projects\Greeny-Life\.venv\Lib\site-packages\transformers\models\vipllava\modular_vipllava.py","modular_vipllava.py",".py","11880","7/25/2026 1:35:03 PM","C:\Users\Ghanam\OneDrive\projects\Greeny-Life\.venv\Lib\site-packages\transformers\models\vipllava"
"C:\Users\Ghanam\OneDrive\projects\Greeny-Life\.venv\Lib\site-packages\transformers\models\vision_encoder_decoder\modeling_vision_encoder_decoder.py","modeling_vision_encoder_decoder.py",".py","21907","7/25/2026 1:35:03 PM","C:\Users\Ghanam\OneDrive\projects\Greeny-Life\.venv\Lib\site-packages\transformers\models\vision_encoder_decoder"
"C:\Users\Ghanam\OneDrive\projects\Greeny-Life\.venv\Lib\site-packages\transformers\models\vision_text_dual_encoder\modeling_vision_text_dual_encoder.py","modeling_vision_text_dual_encoder.py",".py","17591","7/25/2026 1:35:03 PM","C:\Users\Ghanam\OneDrive\projects\Greeny-Life\.venv\Lib\site-packages\transformers\models\vision_text_dual_encoder"
"C:\Users\Ghanam\OneDrive\projects\Greeny-Life\.venv\Lib\site-packages\transformers\models\vision_text_dual_encoder\processing_vision_text_dual_encoder.py","processing_vision_text_dual_encoder.py",".py","1082","7/25/2026 1:35:03 PM","C:\Users\Ghanam\OneDrive\projects\Greeny-Life\.venv\Lib\site-packages\transformers\models\vision_text_dual_encoder"
"C:\Users\Ghanam\OneDrive\projects\Greeny-Life\.venv\Lib\site-packages\transformers\models\vit\image_processing_pil_vit.py","image_processing_pil_vit.py",".py","1102","7/25/2026 1:35:03 PM","C:\Users\Ghanam\OneDrive\projects\Greeny-Life\.venv\Lib\site-packages\transformers\models\vit"
"C:\Users\Ghanam\OneDrive\projects\Greeny-Life\.venv\Lib\site-packages\transformers\models\vit\image_processing_vit.py","image_processing_vit.py",".py","1112","7/25/2026 1:35:03 PM","C:\Users\Ghanam\OneDrive\projects\Greeny-Life\.venv\Lib\site-packages\transformers\models\vit"
"C:\Users\Ghanam\OneDrive\projects\Greeny-Life\.venv\Lib\site-packages\transformers\models\vit\modeling_vit.py","modeling_vit.py",".py","23560","7/25/2026 1:35:03 PM","C:\Users\Ghanam\OneDrive\projects\Greeny-Life\.venv\Lib\site-packages\transformers\models\vit"
"C:\Users\Ghanam\OneDrive\projects\Greeny-Life\.venv\Lib\site-packages\transformers\models\vitmatte\image_processing_pil_vitmatte.py","image_processing_pil_vitmatte.py",".py","5636","7/25/2026 1:35:03 PM","C:\Users\Ghanam\OneDrive\projects\Greeny-Life\.venv\Lib\site-packages\transformers\models\vitmatte"
"C:\Users\Ghanam\OneDrive\projects\Greeny-Life\.venv\Lib\site-packages\transformers\models\vitmatte\image_processing_vitmatte.py","image_processing_vitmatte.py",".py","5794","7/25/2026 1:35:03 PM","C:\Users\Ghanam\OneDrive\projects\Greeny-Life\.venv\Lib\site-packages\transformers\models\vitmatte"
"C:\Users\Ghanam\OneDrive\projects\Greeny-Life\.venv\Lib\site-packages\transformers\models\vitmatte\modeling_vitmatte.py","modeling_vitmatte.py",".py","10900","7/25/2026 1:35:03 PM","C:\Users\Ghanam\OneDrive\projects\Greeny-Life\.venv\Lib\site-packages\transformers\models\vitmatte"
"C:\Users\Ghanam\OneDrive\projects\Greeny-Life\.venv\Lib\site-packages\transformers\models\vitpose\image_processing_pil_vitpose.py","image_processing_pil_vitpose.py",".py","22523","7/25/2026 1:35:03 PM","C:\Users\Ghanam\OneDrive\projects\Greeny-Life\.venv\Lib\site-packages\transformers\models\vitpose"
"C:\Users\Ghanam\OneDrive\projects\Greeny-Life\.venv\Lib\site-packages\transformers\models\vitpose\image_processing_vitpose.py","image_processing_vitpose.py",".py","22244","7/25/2026 1:35:03 PM","C:\Users\Ghanam\OneDrive\projects\Greeny-Life\.venv\Lib\site-packages\transformers\models\vitpose"
"C:\Users\Ghanam\OneDrive\projects\Greeny-Life\.venv\Lib\site-packages\transformers\models\vitpose\modeling_vitpose.py","modeling_vitpose.py",".py","11568","7/25/2026 1:35:03 PM","C:\Users\Ghanam\OneDrive\projects\Greeny-Life\.venv\Lib\site-packages\transformers\models\vitpose"
"C:\Users\Ghanam\OneDrive\projects\Greeny-Life\.venv\Lib\site-packages\transformers\models\vit_mae\modeling_vit_mae.py","modeling_vit_mae.py",".py","35751","7/25/2026 1:35:03 PM","C:\Users\Ghanam\OneDrive\projects\Greeny-Life\.venv\Lib\site-packages\transformers\models\vit_mae"
"C:\Users\Ghanam\OneDrive\projects\Greeny-Life\.venv\Lib\site-packages\transformers\models\vit_mae\modular_vit_mae.py","modular_vit_mae.py",".py","26311","7/25/2026 1:35:03 PM","C:\Users\Ghanam\OneDrive\projects\Greeny-Life\.venv\Lib\site-packages\transformers\models\vit_mae"
"C:\Users\Ghanam\OneDrive\projects\Greeny-Life\.venv\Lib\site-packages\transformers\models\vit_msn\modeling_vit_msn.py","modeling_vit_msn.py",".py","19269","7/25/2026 1:35:03 PM","C:\Users\Ghanam\OneDrive\projects\Greeny-Life\.venv\Lib\site-packages\transformers\models\vit_msn"
"C:\Users\Ghanam\OneDrive\projects\Greeny-Life\.venv\Lib\site-packages\transformers\models\vit_msn\modular_vit_msn.py","modular_vit_msn.py",".py","7917","7/25/2026 1:35:03 PM","C:\Users\Ghanam\OneDrive\projects\Greeny-Life\.venv\Lib\site-packages\transformers\models\vit_msn"
"C:\Users\Ghanam\OneDrive\projects\Greeny-Life\.venv\Lib\site-packages\transformers\models\vivit\image_processing_vivit.py","image_processing_vivit.py",".py","18645","7/25/2026 1:35:03 PM","C:\Users\Ghanam\OneDrive\projects\Greeny-Life\.venv\Lib\site-packages\transformers\models\vivit"
"C:\Users\Ghanam\OneDrive\projects\Greeny-Life\.venv\Lib\site-packages\transformers\models\vivit\modeling_vivit.py","modeling_vivit.py",".py","24030","7/25/2026 1:35:03 PM","C:\Users\Ghanam\OneDrive\projects\Greeny-Life\.venv\Lib\site-packages\transformers\models\vivit"
"C:\Users\Ghanam\OneDrive\projects\Greeny-Life\.venv\Lib\site-packages\transformers\models\vivit\modular_vivit.py","modular_vivit.py",".py","15642","7/25/2026 1:35:03 PM","C:\Users\Ghanam\OneDrive\projects\Greeny-Life\.venv\Lib\site-packages\transformers\models\vivit"
"C:\Users\Ghanam\OneDrive\projects\Greeny-Life\.venv\Lib\site-packages\transformers\models\vivit\video_processing_vivit.py","video_processing_vivit.py",".py","1943","7/25/2026 1:35:03 PM","C:\Users\Ghanam\OneDrive\projects\Greeny-Life\.venv\Lib\site-packages\transformers\models\vivit"
"C:\Users\Ghanam\OneDrive\projects\Greeny-Life\.venv\Lib\site-packages\transformers\models\vjepa2\modeling_vjepa2.py","modeling_vjepa2.py",".py","41523","7/25/2026 1:35:03 PM","C:\Users\Ghanam\OneDrive\projects\Greeny-Life\.venv\Lib\site-packages\transformers\models\vjepa2"
"C:\Users\Ghanam\OneDrive\projects\Greeny-Life\.venv\Lib\site-packages\transformers\models\vjepa2\video_processing_vjepa2.py","video_processing_vjepa2.py",".py","1739","7/25/2026 1:35:03 PM","C:\Users\Ghanam\OneDrive\projects\Greeny-Life\.venv\Lib\site-packages\transformers\models\vjepa2"
"C:\Users\Ghanam\OneDrive\projects\Greeny-Life\.venv\Lib\site-packages\transformers\models\voxtral\modeling_voxtral.py","modeling_voxtral.py",".py","24774","7/25/2026 1:35:03 PM","C:\Users\Ghanam\OneDrive\projects\Greeny-Life\.venv\Lib\site-packages\transformers\models\voxtral"
"C:\Users\Ghanam\OneDrive\projects\Greeny-Life\.venv\Lib\site-packages\transformers\models\voxtral\modular_voxtral.py","modular_voxtral.py",".py","15014","7/25/2026 1:35:03 PM","C:\Users\Ghanam\OneDrive\projects\Greeny-Life\.venv\Lib\site-packages\transformers\models\voxtral"
"C:\Users\Ghanam\OneDrive\projects\Greeny-Life\.venv\Lib\site-packages\transformers\models\voxtral\processing_voxtral.py","processing_voxtral.py",".py","18353","7/25/2026 1:35:03 PM","C:\Users\Ghanam\OneDrive\projects\Greeny-Life\.venv\Lib\site-packages\transformers\models\voxtral"
"C:\Users\Ghanam\OneDrive\projects\Greeny-Life\.venv\Lib\site-packages\transformers\models\voxtral_realtime\modeling_voxtral_realtime.py","modeling_voxtral_realtime.py",".py","56868","7/25/2026 1:35:03 PM","C:\Users\Ghanam\OneDrive\projects\Greeny-Life\.venv\Lib\site-packages\transformers\models\voxtral_realtime"
"C:\Users\Ghanam\OneDrive\projects\Greeny-Life\.venv\Lib\site-packages\transformers\models\voxtral_realtime\modular_voxtral_realtime.py","modular_voxtral_realtime.py",".py","38618","7/25/2026 1:35:03 PM","C:\Users\Ghanam\OneDrive\projects\Greeny-Life\.venv\Lib\site-packages\transformers\models\voxtral_realtime"
"C:\Users\Ghanam\OneDrive\projects\Greeny-Life\.venv\Lib\site-packages\transformers\models\voxtral_realtime\processing_voxtral_realtime.py","processing_voxtral_realtime.py",".py","10094","7/25/2026 1:35:03 PM","C:\Users\Ghanam\OneDrive\projects\Greeny-Life\.venv\Lib\site-packages\transformers\models\voxtral_realtime"
"C:\Users\Ghanam\OneDrive\projects\Greeny-Life\.venv\Lib\site-packages\transformers\models\wav2vec2\modeling_wav2vec2.py","modeling_wav2vec2.py",".py","91713","7/25/2026 1:35:03 PM","C:\Users\Ghanam\OneDrive\projects\Greeny-Life\.venv\Lib\site-packages\transformers\models\wav2vec2"
"C:\Users\Ghanam\OneDrive\projects\Greeny-Life\.venv\Lib\site-packages\transformers\models\wav2vec2\processing_wav2vec2.py","processing_wav2vec2.py",".py","4105","7/25/2026 1:35:03 PM","C:\Users\Ghanam\OneDrive\projects\Greeny-Life\.venv\Lib\site-packages\transformers\models\wav2vec2"
"C:\Users\Ghanam\OneDrive\projects\Greeny-Life\.venv\Lib\site-packages\transformers\models\wav2vec2_bert\configuration_wav2vec2_bert.py","configuration_wav2vec2_bert.py",".py","11824","7/25/2026 1:35:03 PM","C:\Users\Ghanam\OneDrive\projects\Greeny-Life\.venv\Lib\site-packages\transformers\models\wav2vec2_bert"
"C:\Users\Ghanam\OneDrive\projects\Greeny-Life\.venv\Lib\site-packages\transformers\models\wav2vec2_bert\processing_wav2vec2_bert.py","processing_wav2vec2_bert.py",".py","4230","7/25/2026 1:35:03 PM","C:\Users\Ghanam\OneDrive\projects\Greeny-Life\.venv\Lib\site-packages\transformers\models\wav2vec2_bert"
"C:\Users\Ghanam\OneDrive\projects\Greeny-Life\.venv\Lib\site-packages\transformers\models\wav2vec2_conformer\modeling_wav2vec2_conformer.py","modeling_wav2vec2_conformer.py",".py","85392","7/25/2026 1:35:03 PM","C:\Users\Ghanam\OneDrive\projects\Greeny-Life\.venv\Lib\site-packages\transformers\models\wav2vec2_conformer"
"C:\Users\Ghanam\OneDrive\projects\Greeny-Life\.venv\Lib\site-packages\transformers\models\wav2vec2_with_lm\processing_wav2vec2_with_lm.py","processing_wav2vec2_with_lm.py",".py","27463","7/25/2026 1:35:03 PM","C:\Users\Ghanam\OneDrive\projects\Greeny-Life\.venv\Lib\site-packages\transformers\models\wav2vec2_with_lm"
"C:\Users\Ghanam\OneDrive\projects\Greeny-Life\.venv\Lib\site-packages\transformers\models\wavlm\modeling_wavlm.py","modeling_wavlm.py",".py","69766","7/25/2026 1:35:03 PM","C:\Users\Ghanam\OneDrive\projects\Greeny-Life\.venv\Lib\site-packages\transformers\models\wavlm"
"C:\Users\Ghanam\OneDrive\projects\Greeny-Life\.venv\Lib\site-packages\transformers\models\whisper\configuration_whisper.py","configuration_whisper.py",".py","8252","7/25/2026 1:35:03 PM","C:\Users\Ghanam\OneDrive\projects\Greeny-Life\.venv\Lib\site-packages\transformers\models\whisper"
"C:\Users\Ghanam\OneDrive\projects\Greeny-Life\.venv\Lib\site-packages\transformers\models\whisper\generation_whisper.py","generation_whisper.py",".py","109268","7/25/2026 1:35:03 PM","C:\Users\Ghanam\OneDrive\projects\Greeny-Life\.venv\Lib\site-packages\transformers\models\whisper"
"C:\Users\Ghanam\OneDrive\projects\Greeny-Life\.venv\Lib\site-packages\transformers\models\whisper\modeling_whisper.py","modeling_whisper.py",".py","58774","7/25/2026 1:35:03 PM","C:\Users\Ghanam\OneDrive\projects\Greeny-Life\.venv\Lib\site-packages\transformers\models\whisper"
"C:\Users\Ghanam\OneDrive\projects\Greeny-Life\.venv\Lib\site-packages\transformers\models\whisper\processing_whisper.py","processing_whisper.py",".py","2101","7/25/2026 1:35:03 PM","C:\Users\Ghanam\OneDrive\projects\Greeny-Life\.venv\Lib\site-packages\transformers\models\whisper"
"C:\Users\Ghanam\OneDrive\projects\Greeny-Life\.venv\Lib\site-packages\transformers\models\whisper\tokenization_whisper.py","tokenization_whisper.py",".py","57946","7/25/2026 1:35:03 PM","C:\Users\Ghanam\OneDrive\projects\Greeny-Life\.venv\Lib\site-packages\transformers\models\whisper"
"C:\Users\Ghanam\OneDrive\projects\Greeny-Life\.venv\Lib\site-packages\transformers\models\xglm\tokenization_xglm.py","tokenization_xglm.py",".py","5310","7/25/2026 1:35:03 PM","C:\Users\Ghanam\OneDrive\projects\Greeny-Life\.venv\Lib\site-packages\transformers\models\xglm"
"C:\Users\Ghanam\OneDrive\projects\Greeny-Life\.venv\Lib\site-packages\transformers\models\xlm_roberta\tokenization_xlm_roberta.py","tokenization_xlm_roberta.py",".py","4797","7/25/2026 1:35:03 PM","C:\Users\Ghanam\OneDrive\projects\Greeny-Life\.venv\Lib\site-packages\transformers\models\xlm_roberta"
"C:\Users\Ghanam\OneDrive\projects\Greeny-Life\.venv\Lib\site-packages\transformers\models\xlnet\tokenization_xlnet.py","tokenization_xlnet.py",".py","7765","7/25/2026 1:35:03 PM","C:\Users\Ghanam\OneDrive\projects\Greeny-Life\.venv\Lib\site-packages\transformers\models\xlnet"
"C:\Users\Ghanam\OneDrive\projects\Greeny-Life\.venv\Lib\site-packages\transformers\models\x_clip\modeling_x_clip.py","modeling_x_clip.py",".py","49785","7/25/2026 1:35:03 PM","C:\Users\Ghanam\OneDrive\projects\Greeny-Life\.venv\Lib\site-packages\transformers\models\x_clip"
"C:\Users\Ghanam\OneDrive\projects\Greeny-Life\.venv\Lib\site-packages\transformers\models\x_clip\modular_x_clip.py","modular_x_clip.py",".py","31870","7/25/2026 1:35:03 PM","C:\Users\Ghanam\OneDrive\projects\Greeny-Life\.venv\Lib\site-packages\transformers\models\x_clip"
"C:\Users\Ghanam\OneDrive\projects\Greeny-Life\.venv\Lib\site-packages\transformers\models\x_clip\processing_x_clip.py","processing_x_clip.py",".py","1350","7/25/2026 1:35:03 PM","C:\Users\Ghanam\OneDrive\projects\Greeny-Life\.venv\Lib\site-packages\transformers\models\x_clip"
"C:\Users\Ghanam\OneDrive\projects\Greeny-Life\.venv\Lib\site-packages\transformers\models\yolos\image_processing_pil_yolos.py","image_processing_pil_yolos.py",".py","31696","7/25/2026 1:35:03 PM","C:\Users\Ghanam\OneDrive\projects\Greeny-Life\.venv\Lib\site-packages\transformers\models\yolos"
"C:\Users\Ghanam\OneDrive\projects\Greeny-Life\.venv\Lib\site-packages\transformers\models\yolos\image_processing_yolos.py","image_processing_yolos.py",".py","30972","7/25/2026 1:35:03 PM","C:\Users\Ghanam\OneDrive\projects\Greeny-Life\.venv\Lib\site-packages\transformers\models\yolos"
"C:\Users\Ghanam\OneDrive\projects\Greeny-Life\.venv\Lib\site-packages\transformers\models\yolos\modeling_yolos.py","modeling_yolos.py",".py","27847","7/25/2026 1:35:03 PM","C:\Users\Ghanam\OneDrive\projects\Greeny-Life\.venv\Lib\site-packages\transformers\models\yolos"
"C:\Users\Ghanam\OneDrive\projects\Greeny-Life\.venv\Lib\site-packages\transformers\models\yolos\modular_yolos.py","modular_yolos.py",".py","13228","7/25/2026 1:35:03 PM","C:\Users\Ghanam\OneDrive\projects\Greeny-Life\.venv\Lib\site-packages\transformers\models\yolos"
"C:\Users\Ghanam\OneDrive\projects\Greeny-Life\.venv\Lib\site-packages\transformers\models\zoedepth\image_processing_pil_zoedepth.py","image_processing_pil_zoedepth.py",".py","14682","7/25/2026 1:35:03 PM","C:\Users\Ghanam\OneDrive\projects\Greeny-Life\.venv\Lib\site-packages\transformers\models\zoedepth"
"C:\Users\Ghanam\OneDrive\projects\Greeny-Life\.venv\Lib\site-packages\transformers\models\zoedepth\image_processing_zoedepth.py","image_processing_zoedepth.py",".py","14539","7/25/2026 1:35:03 PM","C:\Users\Ghanam\OneDrive\projects\Greeny-Life\.venv\Lib\site-packages\transformers\models\zoedepth"
"C:\Users\Ghanam\OneDrive\projects\Greeny-Life\.venv\Lib\site-packages\transformers\models\zoedepth\modeling_zoedepth.py","modeling_zoedepth.py",".py","54325","7/25/2026 1:35:03 PM","C:\Users\Ghanam\OneDrive\projects\Greeny-Life\.venv\Lib\site-packages\transformers\models\zoedepth"
"C:\Users\Ghanam\OneDrive\projects\Greeny-Life\.venv\Lib\site-packages\transformers\pipelines\any_to_any.py","any_to_any.py",".py","26353","7/25/2026 1:35:03 PM","C:\Users\Ghanam\OneDrive\projects\Greeny-Life\.venv\Lib\site-packages\transformers\pipelines"
"C:\Users\Ghanam\OneDrive\projects\Greeny-Life\.venv\Lib\site-packages\transformers\pipelines\audio_classification.py","audio_classification.py",".py","11091","7/25/2026 1:35:03 PM","C:\Users\Ghanam\OneDrive\projects\Greeny-Life\.venv\Lib\site-packages\transformers\pipelines"
"C:\Users\Ghanam\OneDrive\projects\Greeny-Life\.venv\Lib\site-packages\transformers\pipelines\automatic_speech_recognition.py","automatic_speech_recognition.py",".py","36011","7/25/2026 1:35:03 PM","C:\Users\Ghanam\OneDrive\projects\Greeny-Life\.venv\Lib\site-packages\transformers\pipelines"
"C:\Users\Ghanam\OneDrive\projects\Greeny-Life\.venv\Lib\site-packages\transformers\pipelines\base.py","base.py",".py","59010","7/25/2026 1:35:03 PM","C:\Users\Ghanam\OneDrive\projects\Greeny-Life\.venv\Lib\site-packages\transformers\pipelines"
"C:\Users\Ghanam\OneDrive\projects\Greeny-Life\.venv\Lib\site-packages\transformers\pipelines\depth_estimation.py","depth_estimation.py",".py","6115","7/25/2026 1:35:03 PM","C:\Users\Ghanam\OneDrive\projects\Greeny-Life\.venv\Lib\site-packages\transformers\pipelines"
"C:\Users\Ghanam\OneDrive\projects\Greeny-Life\.venv\Lib\site-packages\transformers\pipelines\document_question_answering.py","document_question_answering.py",".py","29474","7/25/2026 1:35:03 PM","C:\Users\Ghanam\OneDrive\projects\Greeny-Life\.venv\Lib\site-packages\transformers\pipelines"
"C:\Users\Ghanam\OneDrive\projects\Greeny-Life\.venv\Lib\site-packages\transformers\pipelines\feature_extraction.py","feature_extraction.py",".py","3406","7/25/2026 1:35:03 PM","C:\Users\Ghanam\OneDrive\projects\Greeny-Life\.venv\Lib\site-packages\transformers\pipelines"
"C:\Users\Ghanam\OneDrive\projects\Greeny-Life\.venv\Lib\site-packages\transformers\pipelines\fill_mask.py","fill_mask.py",".py","11064","7/25/2026 1:35:03 PM","C:\Users\Ghanam\OneDrive\projects\Greeny-Life\.venv\Lib\site-packages\transformers\pipelines"
"C:\Users\Ghanam\OneDrive\projects\Greeny-Life\.venv\Lib\site-packages\transformers\pipelines\image_classification.py","image_classification.py",".py","9946","7/25/2026 1:35:03 PM","C:\Users\Ghanam\OneDrive\projects\Greeny-Life\.venv\Lib\site-packages\transformers\pipelines"
"C:\Users\Ghanam\OneDrive\projects\Greeny-Life\.venv\Lib\site-packages\transformers\pipelines\image_feature_extraction.py","image_feature_extraction.py",".py","4794","7/25/2026 1:35:03 PM","C:\Users\Ghanam\OneDrive\projects\Greeny-Life\.venv\Lib\site-packages\transformers\pipelines"
"C:\Users\Ghanam\OneDrive\projects\Greeny-Life\.venv\Lib\site-packages\transformers\pipelines\image_segmentation.py","image_segmentation.py",".py","9748","7/25/2026 1:35:03 PM","C:\Users\Ghanam\OneDrive\projects\Greeny-Life\.venv\Lib\site-packages\transformers\pipelines"
"C:\Users\Ghanam\OneDrive\projects\Greeny-Life\.venv\Lib\site-packages\transformers\pipelines\image_text_to_text.py","image_text_to_text.py",".py","23445","7/25/2026 1:35:03 PM","C:\Users\Ghanam\OneDrive\projects\Greeny-Life\.venv\Lib\site-packages\transformers\pipelines"
"C:\Users\Ghanam\OneDrive\projects\Greeny-Life\.venv\Lib\site-packages\transformers\pipelines\keypoint_matching.py","keypoint_matching.py",".py","7056","7/25/2026 1:35:03 PM","C:\Users\Ghanam\OneDrive\projects\Greeny-Life\.venv\Lib\site-packages\transformers\pipelines"
"C:\Users\Ghanam\OneDrive\projects\Greeny-Life\.venv\Lib\site-packages\transformers\pipelines\mask_generation.py","mask_generation.py",".py","15328","7/25/2026 1:35:03 PM","C:\Users\Ghanam\OneDrive\projects\Greeny-Life\.venv\Lib\site-packages\transformers\pipelines"
"C:\Users\Ghanam\OneDrive\projects\Greeny-Life\.venv\Lib\site-packages\transformers\pipelines\object_detection.py","object_detection.py",".py","8346","7/25/2026 1:35:03 PM","C:\Users\Ghanam\OneDrive\projects\Greeny-Life\.venv\Lib\site-packages\transformers\pipelines"
"C:\Users\Ghanam\OneDrive\projects\Greeny-Life\.venv\Lib\site-packages\transformers\pipelines\table_question_answering.py","table_question_answering.py",".py","17171","7/25/2026 1:35:03 PM","C:\Users\Ghanam\OneDrive\projects\Greeny-Life\.venv\Lib\site-packages\transformers\pipelines"
"C:\Users\Ghanam\OneDrive\projects\Greeny-Life\.venv\Lib\site-packages\transformers\pipelines\text_classification.py","text_classification.py",".py","9975","7/25/2026 1:35:03 PM","C:\Users\Ghanam\OneDrive\projects\Greeny-Life\.venv\Lib\site-packages\transformers\pipelines"
"C:\Users\Ghanam\OneDrive\projects\Greeny-Life\.venv\Lib\site-packages\transformers\pipelines\text_generation.py","text_generation.py",".py","26011","7/25/2026 1:35:03 PM","C:\Users\Ghanam\OneDrive\projects\Greeny-Life\.venv\Lib\site-packages\transformers\pipelines"
"C:\Users\Ghanam\OneDrive\projects\Greeny-Life\.venv\Lib\site-packages\transformers\pipelines\text_to_audio.py","text_to_audio.py",".py","13209","7/25/2026 1:35:03 PM","C:\Users\Ghanam\OneDrive\projects\Greeny-Life\.venv\Lib\site-packages\transformers\pipelines"
"C:\Users\Ghanam\OneDrive\projects\Greeny-Life\.venv\Lib\site-packages\transformers\pipelines\token_classification.py","token_classification.py",".py","28638","7/25/2026 1:35:03 PM","C:\Users\Ghanam\OneDrive\projects\Greeny-Life\.venv\Lib\site-packages\transformers\pipelines"
"C:\Users\Ghanam\OneDrive\projects\Greeny-Life\.venv\Lib\site-packages\transformers\pipelines\video_classification.py","video_classification.py",".py","8970","7/25/2026 1:35:03 PM","C:\Users\Ghanam\OneDrive\projects\Greeny-Life\.venv\Lib\site-packages\transformers\pipelines"
"C:\Users\Ghanam\OneDrive\projects\Greeny-Life\.venv\Lib\site-packages\transformers\pipelines\zero_shot_audio_classification.py","zero_shot_audio_classification.py",".py","6687","7/25/2026 1:35:03 PM","C:\Users\Ghanam\OneDrive\projects\Greeny-Life\.venv\Lib\site-packages\transformers\pipelines"
"C:\Users\Ghanam\OneDrive\projects\Greeny-Life\.venv\Lib\site-packages\transformers\pipelines\zero_shot_classification.py","zero_shot_classification.py",".py","11976","7/25/2026 1:35:03 PM","C:\Users\Ghanam\OneDrive\projects\Greeny-Life\.venv\Lib\site-packages\transformers\pipelines"
"C:\Users\Ghanam\OneDrive\projects\Greeny-Life\.venv\Lib\site-packages\transformers\pipelines\zero_shot_image_classification.py","zero_shot_image_classification.py",".py","7644","7/25/2026 1:35:03 PM","C:\Users\Ghanam\OneDrive\projects\Greeny-Life\.venv\Lib\site-packages\transformers\pipelines"
"C:\Users\Ghanam\OneDrive\projects\Greeny-Life\.venv\Lib\site-packages\transformers\pipelines\zero_shot_object_detection.py","zero_shot_object_detection.py",".py","10393","7/25/2026 1:35:03 PM","C:\Users\Ghanam\OneDrive\projects\Greeny-Life\.venv\Lib\site-packages\transformers\pipelines"
"C:\Users\Ghanam\OneDrive\projects\Greeny-Life\.venv\Lib\site-packages\transformers\pipelines\__init__.py","__init__.py",".py","69138","7/25/2026 1:35:03 PM","C:\Users\Ghanam\OneDrive\projects\Greeny-Life\.venv\Lib\site-packages\transformers\pipelines"
"C:\Users\Ghanam\OneDrive\projects\Greeny-Life\.venv\Lib\site-packages\transformers\quantizers\auto.py","auto.py",".py","15029","7/25/2026 1:35:03 PM","C:\Users\Ghanam\OneDrive\projects\Greeny-Life\.venv\Lib\site-packages\transformers\quantizers"
"C:\Users\Ghanam\OneDrive\projects\Greeny-Life\.venv\Lib\site-packages\transformers\quantizers\quantizer_higgs.py","quantizer_higgs.py",".py","7485","7/25/2026 1:35:03 PM","C:\Users\Ghanam\OneDrive\projects\Greeny-Life\.venv\Lib\site-packages\transformers\quantizers"
"C:\Users\Ghanam\OneDrive\projects\Greeny-Life\.venv\Lib\site-packages\transformers\utils\attention_visualizer.py","attention_visualizer.py",".py","10165","7/25/2026 1:35:03 PM","C:\Users\Ghanam\OneDrive\projects\Greeny-Life\.venv\Lib\site-packages\transformers\utils"
"C:\Users\Ghanam\OneDrive\projects\Greeny-Life\.venv\Lib\site-packages\transformers\utils\auto_docstring.py","auto_docstring.py",".py","166754","7/25/2026 1:35:03 PM","C:\Users\Ghanam\OneDrive\projects\Greeny-Life\.venv\Lib\site-packages\transformers\utils"
"C:\Users\Ghanam\OneDrive\projects\Greeny-Life\.venv\Lib\site-packages\transformers\utils\chat_template_utils.py","chat_template_utils.py",".py","26143","7/25/2026 1:35:03 PM","C:\Users\Ghanam\OneDrive\projects\Greeny-Life\.venv\Lib\site-packages\transformers\utils"
"C:\Users\Ghanam\OneDrive\projects\Greeny-Life\.venv\Lib\site-packages\transformers\utils\doc.py","doc.py",".py","36848","7/25/2026 1:35:03 PM","C:\Users\Ghanam\OneDrive\projects\Greeny-Life\.venv\Lib\site-packages\transformers\utils"
"C:\Users\Ghanam\OneDrive\projects\Greeny-Life\.venv\Lib\site-packages\transformers\utils\dummy_essentia_and_librosa_and_pretty_midi_and_scipy_and_torch_objects.py","dummy_essentia_and_librosa_and_pretty_midi_and_scipy_and_torch_objects.py",".py","902","7/25/2026 1:35:03 PM","C:\Users\Ghanam\OneDrive\projects\Greeny-Life\.venv\Lib\site-packages\transformers\utils"
"C:\Users\Ghanam\OneDrive\projects\Greeny-Life\.venv\Lib\site-packages\transformers\utils\dummy_pt_objects.py","dummy_pt_objects.py",".py","11926","7/25/2026 1:35:03 PM","C:\Users\Ghanam\OneDrive\projects\Greeny-Life\.venv\Lib\site-packages\transformers\utils"
"C:\Users\Ghanam\OneDrive\projects\Greeny-Life\.venv\Lib\site-packages\transformers\utils\dummy_timm_and_torchvision_objects.py","dummy_timm_and_torchvision_objects.py",".py","324","7/25/2026 1:35:03 PM","C:\Users\Ghanam\OneDrive\projects\Greeny-Life\.venv\Lib\site-packages\transformers\utils"
"C:\Users\Ghanam\OneDrive\projects\Greeny-Life\.venv\Lib\site-packages\transformers\utils\dummy_torchaudio_objects.py","dummy_torchaudio_objects.py",".py","847","7/25/2026 1:35:03 PM","C:\Users\Ghanam\OneDrive\projects\Greeny-Life\.venv\Lib\site-packages\transformers\utils"
"C:\Users\Ghanam\OneDrive\projects\Greeny-Life\.venv\Lib\site-packages\transformers\utils\dummy_torchvision_objects.py","dummy_torchvision_objects.py",".py","475","7/25/2026 1:35:03 PM","C:\Users\Ghanam\OneDrive\projects\Greeny-Life\.venv\Lib\site-packages\transformers\utils"
"C:\Users\Ghanam\OneDrive\projects\Greeny-Life\.venv\Lib\site-packages\transformers\utils\dummy_vision_objects.py","dummy_vision_objects.py",".py","630","7/25/2026 1:35:03 PM","C:\Users\Ghanam\OneDrive\projects\Greeny-Life\.venv\Lib\site-packages\transformers\utils"
"C:\Users\Ghanam\OneDrive\projects\Greeny-Life\.venv\Lib\site-packages\transformers\utils\generic.py","generic.py",".py","40859","7/25/2026 1:35:03 PM","C:\Users\Ghanam\OneDrive\projects\Greeny-Life\.venv\Lib\site-packages\transformers\utils"
"C:\Users\Ghanam\OneDrive\projects\Greeny-Life\.venv\Lib\site-packages\transformers\utils\hub.py","hub.py",".py","39871","7/25/2026 1:35:03 PM","C:\Users\Ghanam\OneDrive\projects\Greeny-Life\.venv\Lib\site-packages\transformers\utils"
"C:\Users\Ghanam\OneDrive\projects\Greeny-Life\.venv\Lib\site-packages\transformers\utils\import_utils.py","import_utils.py",".py","119440","7/25/2026 1:35:03 PM","C:\Users\Ghanam\OneDrive\projects\Greeny-Life\.venv\Lib\site-packages\transformers\utils"
"C:\Users\Ghanam\OneDrive\projects\Greeny-Life\.venv\Lib\site-packages\transformers\utils\sentencepiece_model_pb2_new.py","sentencepiece_model_pb2_new.py",".py","6598","7/25/2026 1:35:03 PM","C:\Users\Ghanam\OneDrive\projects\Greeny-Life\.venv\Lib\site-packages\transformers\utils"
"C:\Users\Ghanam\OneDrive\projects\Greeny-Life\.venv\Lib\site-packages\transformers\utils\__init__.py","__init__.py",".py","9849","7/25/2026 1:35:03 PM","C:\Users\Ghanam\OneDrive\projects\Greeny-Life\.venv\Lib\site-packages\transformers\utils"
"C:\Users\Ghanam\OneDrive\projects\Greeny-Life\.venv\Lib\site-packages\transformers-5.14.1.dist-info\METADATA","METADATA","","32989","7/25/2026 1:35:03 PM","C:\Users\Ghanam\OneDrive\projects\Greeny-Life\.venv\Lib\site-packages\transformers-5.14.1.dist-info"
"C:\Users\Ghanam\OneDrive\projects\Greeny-Life\.venv\Lib\site-packages\transformers-5.14.1.dist-info\RECORD","RECORD","","478645","7/25/2026 1:35:34 PM","C:\Users\Ghanam\OneDrive\projects\Greeny-Life\.venv\Lib\site-packages\transformers-5.14.1.dist-info"
"C:\Users\Ghanam\OneDrive\projects\Greeny-Life\.venv\Lib\site-packages\typer\colors.py","colors.py",".py","430","7/24/2026 9:09:51 PM","C:\Users\Ghanam\OneDrive\projects\Greeny-Life\.venv\Lib\site-packages\typer"
"C:\Users\Ghanam\OneDrive\projects\Greeny-Life\.venv\Lib\site-packages\typer\core.py","core.py",".py","42840","7/24/2026 9:09:51 PM","C:\Users\Ghanam\OneDrive\projects\Greeny-Life\.venv\Lib\site-packages\typer"
"C:\Users\Ghanam\OneDrive\projects\Greeny-Life\.venv\Lib\site-packages\typer\rich_utils.py","rich_utils.py",".py","26147","7/24/2026 9:09:51 PM","C:\Users\Ghanam\OneDrive\projects\Greeny-Life\.venv\Lib\site-packages\typer"
"C:\Users\Ghanam\OneDrive\projects\Greeny-Life\.venv\Lib\site-packages\typer\_completion_shared.py","_completion_shared.py",".py","9188","7/24/2026 9:09:51 PM","C:\Users\Ghanam\OneDrive\projects\Greeny-Life\.venv\Lib\site-packages\typer"
"C:\Users\Ghanam\OneDrive\projects\Greeny-Life\.venv\Lib\site-packages\typer\_click\termui.py","termui.py",".py","13703","7/24/2026 9:09:51 PM","C:\Users\Ghanam\OneDrive\projects\Greeny-Life\.venv\Lib\site-packages\typer\_click"
"C:\Users\Ghanam\OneDrive\projects\Greeny-Life\.venv\Lib\site-packages\typer-0.27.0.dist-info\METADATA","METADATA","","15992","7/24/2026 9:09:51 PM","C:\Users\Ghanam\OneDrive\projects\Greeny-Life\.venv\Lib\site-packages\typer-0.27.0.dist-info"
"C:\Users\Ghanam\OneDrive\projects\Greeny-Life\.venv\Lib\site-packages\typer-0.27.0.dist-info\RECORD","RECORD","","4871","7/24/2026 9:09:52 PM","C:\Users\Ghanam\OneDrive\projects\Greeny-Life\.venv\Lib\site-packages\typer-0.27.0.dist-info"
"C:\Users\Ghanam\OneDrive\projects\Greeny-Life\.venv\Lib\site-packages\typing_inspection-0.4.2.dist-info\METADATA","METADATA","","2552","7/24/2026 9:09:50 PM","C:\Users\Ghanam\OneDrive\projects\Greeny-Life\.venv\Lib\site-packages\typing_inspection-0.4.2.dist-info"
"C:\Users\Ghanam\OneDrive\projects\Greeny-Life\.venv\Lib\site-packages\tzdata\zoneinfo\zone1970.tab","zone1970.tab",".tab","17596","7/25/2026 1:30:21 PM","C:\Users\Ghanam\OneDrive\projects\Greeny-Life\.venv\Lib\site-packages\tzdata\zoneinfo"
"C:\Users\Ghanam\OneDrive\projects\Greeny-Life\.venv\Lib\site-packages\urllib3\connection.py","connection.py",".py","42786","7/24/2026 7:46:02 PM","C:\Users\Ghanam\OneDrive\projects\Greeny-Life\.venv\Lib\site-packages\urllib3"
"C:\Users\Ghanam\OneDrive\projects\Greeny-Life\.venv\Lib\site-packages\urllib3\connectionpool.py","connectionpool.py",".py","44164","7/24/2026 7:46:02 PM","C:\Users\Ghanam\OneDrive\projects\Greeny-Life\.venv\Lib\site-packages\urllib3"
"C:\Users\Ghanam\OneDrive\projects\Greeny-Life\.venv\Lib\site-packages\urllib3\_request_methods.py","_request_methods.py",".py","9931","7/24/2026 7:46:02 PM","C:\Users\Ghanam\OneDrive\projects\Greeny-Life\.venv\Lib\site-packages\urllib3"
"C:\Users\Ghanam\OneDrive\projects\Greeny-Life\.venv\Lib\site-packages\urllib3\__init__.py","__init__.py",".py","6979","7/24/2026 7:46:02 PM","C:\Users\Ghanam\OneDrive\projects\Greeny-Life\.venv\Lib\site-packages\urllib3"
"C:\Users\Ghanam\OneDrive\projects\Greeny-Life\.venv\Lib\site-packages\urllib3\contrib\emscripten\fetch.py","fetch.py",".py","23520","7/24/2026 7:46:02 PM","C:\Users\Ghanam\OneDrive\projects\Greeny-Life\.venv\Lib\site-packages\urllib3\contrib\emscripten"
"C:\Users\Ghanam\OneDrive\projects\Greeny-Life\.venv\Lib\site-packages\urllib3\http2\connection.py","connection.py",".py","12578","7/24/2026 7:46:02 PM","C:\Users\Ghanam\OneDrive\projects\Greeny-Life\.venv\Lib\site-packages\urllib3\http2"
"C:\Users\Ghanam\OneDrive\projects\Greeny-Life\.venv\Lib\site-packages\urllib3\util\request.py","request.py",".py","8363","7/24/2026 7:46:02 PM","C:\Users\Ghanam\OneDrive\projects\Greeny-Life\.venv\Lib\site-packages\urllib3\util"
"C:\Users\Ghanam\OneDrive\projects\Greeny-Life\.venv\Lib\site-packages\urllib3-2.7.0.dist-info\METADATA","METADATA","","6852","7/24/2026 7:46:02 PM","C:\Users\Ghanam\OneDrive\projects\Greeny-Life\.venv\Lib\site-packages\urllib3-2.7.0.dist-info"
"C:\Users\Ghanam\OneDrive\projects\Greeny-Life\.venv\Lib\site-packages\yaml\emitter.py","emitter.py",".py","43006","7/24/2026 7:46:02 PM","C:\Users\Ghanam\OneDrive\projects\Greeny-Life\.venv\Lib\site-packages\yaml"
"C:\Users\Ghanam\OneDrive\projects\Greeny-Life\.venv\Lib\site-packages\yaml\_yaml.cp314-win_amd64.pyd","_yaml.cp314-win_amd64.pyd",".pyd","258560","7/24/2026 7:46:02 PM","C:\Users\Ghanam\OneDrive\projects\Greeny-Life\.venv\Lib\site-packages\yaml"
"C:\Users\Ghanam\OneDrive\projects\Greeny-Life\.venv\share\man\man1\bandit.1","bandit.1",".1","6545","7/24/2026 7:46:02 PM","C:\Users\Ghanam\OneDrive\projects\Greeny-Life\.venv\share\man\man1"
"C:\Users\Ghanam\OneDrive\projects\Greeny-Life\app\api\workflow\route.ts","route.ts",".ts","1971","7/25/2026 12:27:41 AM","C:\Users\Ghanam\OneDrive\projects\Greeny-Life\app\api\workflow"
"C:\Users\Ghanam\OneDrive\projects\Greeny-Life\application\customer\workflows\customer-workflow.ts","customer-workflow.ts",".ts","0","7/30/2026 1:30:14 PM","C:\Users\Ghanam\OneDrive\projects\Greeny-Life\application\customer\workflows"
"C:\Users\Ghanam\OneDrive\projects\Greeny-Life\application\inventory\workflows\inventory-workflow.ts","inventory-workflow.ts",".ts","0","7/30/2026 1:30:14 PM","C:\Users\Ghanam\OneDrive\projects\Greeny-Life\application\inventory\workflows"
"C:\Users\Ghanam\OneDrive\projects\Greeny-Life\application\logistics\workflows\logistics-workflow.ts","logistics-workflow.ts",".ts","0","7/30/2026 1:30:14 PM","C:\Users\Ghanam\OneDrive\projects\Greeny-Life\application\logistics\workflows"
"C:\Users\Ghanam\OneDrive\projects\Greeny-Life\application\product\workflows\product-workflow.ts","product-workflow.ts",".ts","0","7/30/2026 1:30:14 PM","C:\Users\Ghanam\OneDrive\projects\Greeny-Life\application\product\workflows"
"C:\Users\Ghanam\OneDrive\projects\Greeny-Life\application\quality\workflows\quality-workflow.ts","quality-workflow.ts",".ts","0","7/30/2026 1:30:14 PM","C:\Users\Ghanam\OneDrive\projects\Greeny-Life\application\quality\workflows"
"C:\Users\Ghanam\OneDrive\projects\Greeny-Life\application\supplier\workflows\supplier-workflow.ts","supplier-workflow.ts",".ts","0","7/30/2026 1:30:14 PM","C:\Users\Ghanam\OneDrive\projects\Greeny-Life\application\supplier\workflows"
"C:\Users\Ghanam\OneDrive\projects\Greeny-Life\archive\duplicates\architecture.manifest.json","architecture.manifest.json",".json","1171","7/26/2026 2:52:10 PM","C:\Users\Ghanam\OneDrive\projects\Greeny-Life\archive\duplicates"
"C:\Users\Ghanam\OneDrive\projects\Greeny-Life\archive\duplicates\asset_classification_report_v2.json","asset_classification_report_v2.json",".json","80585","8/4/2026 10:16:01 PM","C:\Users\Ghanam\OneDrive\projects\Greeny-Life\archive\duplicates"
"C:\Users\Ghanam\OneDrive\projects\Greeny-Life\archive\duplicates\audit-engine.ts","audit-engine.ts",".ts","4836","7/24/2026 2:03:32 PM","C:\Users\Ghanam\OneDrive\projects\Greeny-Life\archive\duplicates"
"C:\Users\Ghanam\OneDrive\projects\Greeny-Life\archive\duplicates\classification_report_v2.json","classification_report_v2.json",".json","160790","8/4/2026 10:16:01 PM","C:\Users\Ghanam\OneDrive\projects\Greeny-Life\archive\duplicates"
"C:\Users\Ghanam\OneDrive\projects\Greeny-Life\archive\duplicates\controlled-runtime-orchestrator.ts","controlled-runtime-orchestrator.ts",".ts","1767","7/26/2026 3:49:27 PM","C:\Users\Ghanam\OneDrive\projects\Greeny-Life\archive\duplicates"
"C:\Users\Ghanam\OneDrive\projects\Greeny-Life\archive\duplicates\customer-specification-registry-v1.json","customer-specification-registry-v1.json",".json","299309","7/31/2026 1:22:08 PM","C:\Users\Ghanam\OneDrive\projects\Greeny-Life\archive\duplicates"
"C:\Users\Ghanam\OneDrive\projects\Greeny-Life\archive\duplicates\data-integrity-engine.ts","data-integrity-engine.ts",".ts","11442","7/26/2026 1:45:17 PM","C:\Users\Ghanam\OneDrive\projects\Greeny-Life\archive\duplicates"
"C:\Users\Ghanam\OneDrive\projects\Greeny-Life\archive\duplicates\eos-assets-registry-v1.json","eos-assets-registry-v1.json",".json","81452","7/31/2026 11:18:24 AM","C:\Users\Ghanam\OneDrive\projects\Greeny-Life\archive\duplicates"
"C:\Users\Ghanam\OneDrive\projects\Greeny-Life\archive\duplicates\eos-business-contract-discovery.json","eos-business-contract-discovery.json",".json","28719","7/30/2026 8:20:21 PM","C:\Users\Ghanam\OneDrive\projects\Greeny-Life\archive\duplicates"
"C:\Users\Ghanam\OneDrive\projects\Greeny-Life\archive\duplicates\eos-deep-asset-discovery-v1.json","eos-deep-asset-discovery-v1.json",".json","167992","7/31/2026 11:45:48 AM","C:\Users\Ghanam\OneDrive\projects\Greeny-Life\archive\duplicates"
"C:\Users\Ghanam\OneDrive\projects\Greeny-Life\archive\duplicates\eos-domain-activation-blueprint-v1.json","eos-domain-activation-blueprint-v1.json",".json","3860","7/30/2026 8:50:42 PM","C:\Users\Ghanam\OneDrive\projects\Greeny-Life\archive\duplicates"
"C:\Users\Ghanam\OneDrive\projects\Greeny-Life\archive\duplicates\eos-enterprise-architecture-final.json","eos-enterprise-architecture-final.json",".json","2469","7/30/2026 7:49:58 PM","C:\Users\Ghanam\OneDrive\projects\Greeny-Life\archive\duplicates"
"C:\Users\Ghanam\OneDrive\projects\Greeny-Life\archive\duplicates\eos-execution-truth-map.json","eos-execution-truth-map.json",".json","8691","7/30/2026 8:37:44 PM","C:\Users\Ghanam\OneDrive\projects\Greeny-Life\archive\duplicates"
"C:\Users\Ghanam\OneDrive\projects\Greeny-Life\archive\duplicates\eos-gldos-architecture-alignment.json","eos-gldos-architecture-alignment.json",".json","1865","7/30/2026 7:48:06 PM","C:\Users\Ghanam\OneDrive\projects\Greeny-Life\archive\duplicates"
"C:\Users\Ghanam\OneDrive\projects\Greeny-Life\archive\duplicates\eos-intelligent-domain-ownership-graph.json","eos-intelligent-domain-ownership-graph.json",".json","5358","7/30/2026 8:32:54 PM","C:\Users\Ghanam\OneDrive\projects\Greeny-Life\archive\duplicates"
"C:\Users\Ghanam\OneDrive\projects\Greeny-Life\archive\duplicates\eos-knowledge-registry-v1.json","eos-knowledge-registry-v1.json",".json","11386","7/31/2026 11:18:24 AM","C:\Users\Ghanam\OneDrive\projects\Greeny-Life\archive\duplicates"
"C:\Users\Ghanam\OneDrive\projects\Greeny-Life\archive\duplicates\eos-real-execution-path-map.json","eos-real-execution-path-map.json",".json","6438","7/30/2026 8:35:12 PM","C:\Users\Ghanam\OneDrive\projects\Greeny-Life\archive\duplicates"
"C:\Users\Ghanam\OneDrive\projects\Greeny-Life\archive\duplicates\eos-roadmap-readiness.json","eos-roadmap-readiness.json",".json","2587","7/30/2026 7:50:16 PM","C:\Users\Ghanam\OneDrive\projects\Greeny-Life\archive\duplicates"
"C:\Users\Ghanam\OneDrive\projects\Greeny-Life\archive\duplicates\execution-contract.json","execution-contract.json",".json","976","7/26/2026 2:52:19 PM","C:\Users\Ghanam\OneDrive\projects\Greeny-Life\archive\duplicates"
"C:\Users\Ghanam\OneDrive\projects\Greeny-Life\archive\duplicates\final-visual-system-report-v1.json","final-visual-system-report-v1.json",".json","231","7/31/2026 12:23:24 AM","C:\Users\Ghanam\OneDrive\projects\Greeny-Life\archive\duplicates"
"C:\Users\Ghanam\OneDrive\projects\Greeny-Life\archive\duplicates\final_audit.json","final_audit.json",".json","83941","8/4/2026 9:56:15 PM","C:\Users\Ghanam\OneDrive\projects\Greeny-Life\archive\duplicates"
"C:\Users\Ghanam\OneDrive\projects\Greeny-Life\archive\duplicates\health-reporter.ts","health-reporter.ts",".ts","1235","7/23/2026 4:33:19 PM","C:\Users\Ghanam\OneDrive\projects\Greeny-Life\archive\duplicates"
"C:\Users\Ghanam\OneDrive\projects\Greeny-Life\archive\duplicates\intelligence-test.ts","intelligence-test.ts",".ts","1741","7/23/2026 8:38:51 PM","C:\Users\Ghanam\OneDrive\projects\Greeny-Life\archive\duplicates"
"C:\Users\Ghanam\OneDrive\projects\Greeny-Life\archive\duplicates\keep-assets-files-v1.json","keep-assets-files-v1.json",".json","116784","7/31/2026 11:14:37 AM","C:\Users\Ghanam\OneDrive\projects\Greeny-Life\archive\duplicates"
"C:\Users\Ghanam\OneDrive\projects\Greeny-Life\archive\duplicates\keep-core-files-v1.json","keep-core-files-v1.json",".json","299457","7/31/2026 11:14:37 AM","C:\Users\Ghanam\OneDrive\projects\Greeny-Life\archive\duplicates"
"C:\Users\Ghanam\OneDrive\projects\Greeny-Life\archive\duplicates\legacy_brand.md","legacy_brand.md",".md","4235","7/13/2026 4:22:16 PM","C:\Users\Ghanam\OneDrive\projects\Greeny-Life\archive\duplicates"
"C:\Users\Ghanam\OneDrive\projects\Greeny-Life\archive\duplicates\migrated_brand.md","migrated_brand.md",".md","4235","7/19/2026 4:18:13 PM","C:\Users\Ghanam\OneDrive\projects\Greeny-Life\archive\duplicates"
"C:\Users\Ghanam\OneDrive\projects\Greeny-Life\archive\duplicates\normalized-business-registry.json","normalized-business-registry.json",".json","55511","7/30/2026 11:32:05 PM","C:\Users\Ghanam\OneDrive\projects\Greeny-Life\archive\duplicates"
"C:\Users\Ghanam\OneDrive\projects\Greeny-Life\archive\duplicates\packaging-gels-registry-v1.json","packaging-gels-registry-v1.json",".json","160544","7/31/2026 1:19:47 PM","C:\Users\Ghanam\OneDrive\projects\Greeny-Life\archive\duplicates"
"C:\Users\Ghanam\OneDrive\projects\Greeny-Life\archive\duplicates\product-schema-map.ts","product-schema-map.ts",".ts","5349","7/23/2026 10:50:37 PM","C:\Users\Ghanam\OneDrive\projects\Greeny-Life\archive\duplicates"
"C:\Users\Ghanam\OneDrive\projects\Greeny-Life\archive\duplicates\report-writer.ts","report-writer.ts",".ts","6607","7/23/2026 9:41:43 PM","C:\Users\Ghanam\OneDrive\projects\Greeny-Life\archive\duplicates"
"C:\Users\Ghanam\OneDrive\projects\Greeny-Life\archive\duplicates\route.ts","route.ts",".ts","1971","7/25/2026 12:27:41 AM","C:\Users\Ghanam\OneDrive\projects\Greeny-Life\archive\duplicates"
"C:\Users\Ghanam\OneDrive\projects\Greeny-Life\archive\duplicates\SYSTEM_ARCHITECTURE.md","SYSTEM_ARCHITECTURE.md",".md","4235","7/13/2026 4:22:16 PM","C:\Users\Ghanam\OneDrive\projects\Greeny-Life\archive\duplicates"
"C:\Users\Ghanam\OneDrive\projects\Greeny-Life\archive\duplicates\typescript-asset-inventory.json","typescript-asset-inventory.json",".json","4199","7/30/2026 7:57:04 PM","C:\Users\Ghanam\OneDrive\projects\Greeny-Life\archive\duplicates"
"C:\Users\Ghanam\OneDrive\projects\Greeny-Life\archive\duplicates\workflowEngine.ts","workflowEngine.ts",".ts","3212","7/25/2026 12:27:22 AM","C:\Users\Ghanam\OneDrive\projects\Greeny-Life\archive\duplicates"
"C:\Users\Ghanam\OneDrive\projects\Greeny-Life\archive\historical\app\views\about.html","about.html",".html","2706","7/13/2026 6:16:57 PM","C:\Users\Ghanam\OneDrive\projects\Greeny-Life\archive\historical\app\views"
"C:\Users\Ghanam\OneDrive\projects\Greeny-Life\archive\historical\intelligence\api-application-connection-analysis.json","api-application-connection-analysis.json",".json","930","7/30/2026 8:10:51 PM","C:\Users\Ghanam\OneDrive\projects\Greeny-Life\archive\historical\intelligence"
"C:\Users\Ghanam\OneDrive\projects\Greeny-Life\archive\historical\intelligence\eos-api-event-discovery.json","eos-api-event-discovery.json",".json","1453","7/30/2026 8:05:39 PM","C:\Users\Ghanam\OneDrive\projects\Greeny-Life\archive\historical\intelligence"
"C:\Users\Ghanam\OneDrive\projects\Greeny-Life\archive\historical\intelligence\eos-api-runtime-trace.json","eos-api-runtime-trace.json",".json","8087","7/30/2026 8:25:16 PM","C:\Users\Ghanam\OneDrive\projects\Greeny-Life\archive\historical\intelligence"
"C:\Users\Ghanam\OneDrive\projects\Greeny-Life\archive\historical\intelligence\eos-application-activation-readiness.json","eos-application-activation-readiness.json",".json","8621","7/30/2026 8:23:53 PM","C:\Users\Ghanam\OneDrive\projects\Greeny-Life\archive\historical\intelligence"
"C:\Users\Ghanam\OneDrive\projects\Greeny-Life\archive\historical\intelligence\eos-business-flow-execution-proof.json","eos-business-flow-execution-proof.json",".json","1970","7/30/2026 8:47:38 PM","C:\Users\Ghanam\OneDrive\projects\Greeny-Life\archive\historical\intelligence"
"C:\Users\Ghanam\OneDrive\projects\Greeny-Life\archive\historical\intelligence\eos-deep-business-logic-discovery.json","eos-deep-business-logic-discovery.json",".json","5077","7/30/2026 8:28:23 PM","C:\Users\Ghanam\OneDrive\projects\Greeny-Life\archive\historical\intelligence"
"C:\Users\Ghanam\OneDrive\projects\Greeny-Life\archive\historical\intelligence\eos-enterprise-operating-model-v1.json","eos-enterprise-operating-model-v1.json",".json","3952","7/30/2026 8:53:52 PM","C:\Users\Ghanam\OneDrive\projects\Greeny-Life\archive\historical\intelligence"
"C:\Users\Ghanam\OneDrive\projects\Greeny-Life\archive\historical\intelligence\eos-real-business-flow-reconstruction.json","eos-real-business-flow-reconstruction.json",".json","4397","7/30/2026 8:45:34 PM","C:\Users\Ghanam\OneDrive\projects\Greeny-Life\archive\historical\intelligence"
"C:\Users\Ghanam\OneDrive\projects\Greeny-Life\archive\historical\intelligence\eos-real-logic-ownership-map.json","eos-real-logic-ownership-map.json",".json","3580","7/30/2026 8:31:29 PM","C:\Users\Ghanam\OneDrive\projects\Greeny-Life\archive\historical\intelligence"
"C:\Users\Ghanam\OneDrive\projects\Greeny-Life\archive\historical\intelligence\eos-runtime-alignment-map.json","eos-runtime-alignment-map.json",".json","1391","7/30/2026 8:04:39 PM","C:\Users\Ghanam\OneDrive\projects\Greeny-Life\archive\historical\intelligence"
"C:\Users\Ghanam\OneDrive\projects\Greeny-Life\archive\historical\intelligence\eos-service-boundary-map-v1.json","eos-service-boundary-map-v1.json",".json","4163","7/30/2026 8:54:53 PM","C:\Users\Ghanam\OneDrive\projects\Greeny-Life\archive\historical\intelligence"
"C:\Users\Ghanam\OneDrive\projects\Greeny-Life\archive\historical\intelligence\existing-api-pattern-extraction.json","existing-api-pattern-extraction.json",".json","1069","7/30/2026 8:09:15 PM","C:\Users\Ghanam\OneDrive\projects\Greeny-Life\archive\historical\intelligence"
"C:\Users\Ghanam\OneDrive\projects\Greeny-Life\archive\historical\intelligence\final-structure-audit.json","final-structure-audit.json",".json","1412","7/30/2026 7:33:40 PM","C:\Users\Ghanam\OneDrive\projects\Greeny-Life\archive\historical\intelligence"
"C:\Users\Ghanam\OneDrive\projects\Greeny-Life\archive\historical\intelligence\final-structure-check.json","final-structure-check.json",".json","1220","7/30/2026 7:38:11 PM","C:\Users\Ghanam\OneDrive\projects\Greeny-Life\archive\historical\intelligence"
"C:\Users\Ghanam\OneDrive\projects\Greeny-Life\archive\historical\intelligence\review-folder-analysis.json","review-folder-analysis.json",".json","1589","7/30/2026 7:35:43 PM","C:\Users\Ghanam\OneDrive\projects\Greeny-Life\archive\historical\intelligence"
"C:\Users\Ghanam\OneDrive\projects\Greeny-Life\archive\historical\intelligence\typescript-asset-inventory.json","typescript-asset-inventory.json",".json","4199","7/30/2026 7:57:04 PM","C:\Users\Ghanam\OneDrive\projects\Greeny-Life\archive\historical\intelligence"
"C:\Users\Ghanam\OneDrive\projects\Greeny-Life\archive\historical\intelligence\workflow-engine-alignment-validation.json","workflow-engine-alignment-validation.json",".json","1014","7/30/2026 8:01:53 PM","C:\Users\Ghanam\OneDrive\projects\Greeny-Life\archive\historical\intelligence"
"C:\Users\Ghanam\OneDrive\projects\Greeny-Life\archive\historical\intelligence\intelligence\project-memory.json","project-memory.json",".json","592","7/23/2026 4:24:51 PM","C:\Users\Ghanam\OneDrive\projects\Greeny-Life\archive\historical\intelligence\intelligence"
"C:\Users\Ghanam\OneDrive\projects\Greeny-Life\archive\historical\intelligence\intelligence\core\engine-registry.ts","engine-registry.ts",".ts","1217","7/23/2026 8:11:27 PM","C:\Users\Ghanam\OneDrive\projects\Greeny-Life\archive\historical\intelligence\intelligence\core"
"C:\Users\Ghanam\OneDrive\projects\Greeny-Life\archive\historical\KNOWLEDGE-BASE\INDEX\project-manifest.csv","project-manifest.csv",".csv","106199","8/3/2026 7:33:58 PM","C:\Users\Ghanam\OneDrive\projects\Greeny-Life\archive\historical\KNOWLEDGE-BASE\INDEX"
"C:\Users\Ghanam\OneDrive\projects\Greeny-Life\archive\historical\KNOWLEDGE-BASE\Legacy-Reference\data-legacy\product.schema.json","product.schema.json",".json","782","7/13/2026 4:22:16 PM","C:\Users\Ghanam\OneDrive\projects\Greeny-Life\archive\historical\KNOWLEDGE-BASE\Legacy-Reference\data-legacy"
"C:\Users\Ghanam\OneDrive\projects\Greeny-Life\archive\historical\scripts\integrity-check.js","integrity-check.js",".js","973","7/19/2026 2:46:31 PM","C:\Users\Ghanam\OneDrive\projects\Greeny-Life\archive\historical\scripts"
"C:\Users\Ghanam\OneDrive\projects\Greeny-Life\archive\historical\scripts\system_analyzer.py","system_analyzer.py",".py","2835","7/25/2026 1:57:44 AM","C:\Users\Ghanam\OneDrive\projects\Greeny-Life\archive\historical\scripts"
"C:\Users\Ghanam\OneDrive\projects\Greeny-Life\archive\historical\__tests__\workflowEngine.test.ts","workflowEngine.test.ts",".ts","2287","7/25/2026 12:34:07 AM","C:\Users\Ghanam\OneDrive\projects\Greeny-Life\archive\historical\__tests__"
"C:\Users\Ghanam\OneDrive\projects\Greeny-Life\archive\old_folders\GREENY-LIFE-EOS\governance\canonical-file-map-v1.json","canonical-file-map-v1.json",".json","2526","7/31/2026 11:10:12 AM","C:\Users\Ghanam\OneDrive\projects\Greeny-Life\archive\old_folders\GREENY-LIFE-EOS\governance"
"C:\Users\Ghanam\OneDrive\projects\Greeny-Life\archive\old_folders\GREENY-LIFE-EOS\governance\domain-merge-plan-v1.json","domain-merge-plan-v1.json",".json","3728","7/31/2026 11:10:12 AM","C:\Users\Ghanam\OneDrive\projects\Greeny-Life\archive\old_folders\GREENY-LIFE-EOS\governance"
"C:\Users\Ghanam\OneDrive\projects\Greeny-Life\archive\old_folders\GREENY-LIFE-EOS\governance\eos-consolidation-report-v1.json","eos-consolidation-report-v1.json",".json","226","7/31/2026 11:07:22 AM","C:\Users\Ghanam\OneDrive\projects\Greeny-Life\archive\old_folders\GREENY-LIFE-EOS\governance"
"C:\Users\Ghanam\OneDrive\projects\Greeny-Life\archive\old_folders\GREENY-LIFE-EOS\governance\eos-duplicate-review-v1.json","eos-duplicate-review-v1.json",".json","243751","7/31/2026 11:07:23 AM","C:\Users\Ghanam\OneDrive\projects\Greeny-Life\archive\old_folders\GREENY-LIFE-EOS\governance"
"C:\Users\Ghanam\OneDrive\projects\Greeny-Life\archive\old_folders\GREENY-LIFE-EOS-FINAL\10_GOVERNANCE\eos-final-system-map-v1.json","eos-final-system-map-v1.json",".json","736081","7/31/2026 11:17:00 AM","C:\Users\Ghanam\OneDrive\projects\Greeny-Life\archive\old_folders\GREENY-LIFE-EOS-FINAL\10_GOVERNANCE"
"C:\Users\Ghanam\OneDrive\projects\Greeny-Life\archive\old_folders\GREENY-LIFE-EOS-FINAL\10_GOVERNANCE\eos-product-master-reconciliation-report-v1.json","eos-product-master-reconciliation-report-v1.json",".json","304","7/31/2026 11:20:37 AM","C:\Users\Ghanam\OneDrive\projects\Greeny-Life\archive\old_folders\GREENY-LIFE-EOS-FINAL\10_GOVERNANCE"
"C:\Users\Ghanam\OneDrive\projects\Greeny-Life\archive\old_folders\GREENY-LIFE-EOS-FINAL\10_GOVERNANCE\final-merge-report-v2.json","final-merge-report-v2.json",".json","262","7/31/2026 11:17:00 AM","C:\Users\Ghanam\OneDrive\projects\Greeny-Life\archive\old_folders\GREENY-LIFE-EOS-FINAL\10_GOVERNANCE"
"C:\Users\Ghanam\OneDrive\projects\Greeny-Life\archive\old_folders\GREENY-LIFE-EOS-FINAL\10_GOVERNANCE\product-asset-link-map-v1.json","product-asset-link-map-v1.json",".json","132425","7/31/2026 11:20:37 AM","C:\Users\Ghanam\OneDrive\projects\Greeny-Life\archive\old_folders\GREENY-LIFE-EOS-FINAL\10_GOVERNANCE"
"C:\Users\Ghanam\OneDrive\projects\Greeny-Life\archive\old_folders\GREENY-LIFE-EOS-PRODUCTION\ai-decision-engine-report-v1.json","ai-decision-engine-report-v1.json",".json","558","7/30/2026 11:13:19 PM","C:\Users\Ghanam\OneDrive\projects\Greeny-Life\archive\old_folders\GREENY-LIFE-EOS-PRODUCTION"
"C:\Users\Ghanam\OneDrive\projects\Greeny-Life\archive\old_folders\GREENY-LIFE-EOS-PRODUCTION\ai-intelligence-engine-report-v1.json","ai-intelligence-engine-report-v1.json",".json","450","7/30/2026 11:02:37 PM","C:\Users\Ghanam\OneDrive\projects\Greeny-Life\archive\old_folders\GREENY-LIFE-EOS-PRODUCTION"
"C:\Users\Ghanam\OneDrive\projects\Greeny-Life\archive\old_folders\GREENY-LIFE-EOS-PRODUCTION\api-engine-report-v1.json","api-engine-report-v1.json",".json","549","7/30/2026 10:56:24 PM","C:\Users\Ghanam\OneDrive\projects\Greeny-Life\archive\old_folders\GREENY-LIFE-EOS-PRODUCTION"
"C:\Users\Ghanam\OneDrive\projects\Greeny-Life\archive\old_folders\GREENY-LIFE-EOS-PRODUCTION\auth-runtime-engine-report-v1.json","auth-runtime-engine-report-v1.json",".json","492","7/30/2026 10:59:11 PM","C:\Users\Ghanam\OneDrive\projects\Greeny-Life\archive\old_folders\GREENY-LIFE-EOS-PRODUCTION"
"C:\Users\Ghanam\OneDrive\projects\Greeny-Life\archive\old_folders\GREENY-LIFE-EOS-PRODUCTION\business-flow-map-v1.json","business-flow-map-v1.json",".json","531","7/30/2026 10:52:44 PM","C:\Users\Ghanam\OneDrive\projects\Greeny-Life\archive\old_folders\GREENY-LIFE-EOS-PRODUCTION"
"C:\Users\Ghanam\OneDrive\projects\Greeny-Life\archive\old_folders\GREENY-LIFE-EOS-PRODUCTION\enterprise-automation-report-v1.json","enterprise-automation-report-v1.json",".json","508","7/30/2026 11:03:31 PM","C:\Users\Ghanam\OneDrive\projects\Greeny-Life\archive\old_folders\GREENY-LIFE-EOS-PRODUCTION"
"C:\Users\Ghanam\OneDrive\projects\Greeny-Life\archive\old_folders\GREENY-LIFE-EOS-PRODUCTION\enterprise-integration-report-v1.json","enterprise-integration-report-v1.json",".json","466","7/30/2026 11:00:27 PM","C:\Users\Ghanam\OneDrive\projects\Greeny-Life\archive\old_folders\GREENY-LIFE-EOS-PRODUCTION"
"C:\Users\Ghanam\OneDrive\projects\Greeny-Life\archive\old_folders\GREENY-LIFE-EOS-PRODUCTION\global-export-os-report-v1.json","global-export-os-report-v1.json",".json","512","7/30/2026 11:05:05 PM","C:\Users\Ghanam\OneDrive\projects\Greeny-Life\archive\old_folders\GREENY-LIFE-EOS-PRODUCTION"
"C:\Users\Ghanam\OneDrive\projects\Greeny-Life\archive\old_folders\GREENY-LIFE-EOS-PRODUCTION\global-market-intelligence-report-v1.json","global-market-intelligence-report-v1.json",".json","554","7/30/2026 11:08:35 PM","C:\Users\Ghanam\OneDrive\projects\Greeny-Life\archive\old_folders\GREENY-LIFE-EOS-PRODUCTION"
"C:\Users\Ghanam\OneDrive\projects\Greeny-Life\archive\old_folders\GREENY-LIFE-EOS-PRODUCTION\global-partner-network-report-v1.json","global-partner-network-report-v1.json",".json","616","7/30/2026 11:07:02 PM","C:\Users\Ghanam\OneDrive\projects\Greeny-Life\archive\old_folders\GREENY-LIFE-EOS-PRODUCTION"
"C:\Users\Ghanam\OneDrive\projects\Greeny-Life\archive\old_folders\GREENY-LIFE-EOS-PRODUCTION\production-manifest-v1.json","production-manifest-v1.json",".json","647","7/30/2026 10:47:49 PM","C:\Users\Ghanam\OneDrive\projects\Greeny-Life\archive\old_folders\GREENY-LIFE-EOS-PRODUCTION"
"C:\Users\Ghanam\OneDrive\projects\Greeny-Life\archive\old_folders\GREENY-LIFE-EOS-PRODUCTION\production-readiness-report-v1.json","production-readiness-report-v1.json",".json","3251","7/30/2026 11:18:06 PM","C:\Users\Ghanam\OneDrive\projects\Greeny-Life\archive\old_folders\GREENY-LIFE-EOS-PRODUCTION"
"C:\Users\Ghanam\OneDrive\projects\Greeny-Life\archive\old_folders\GREENY-LIFE-EOS-PRODUCTION\real-operation-report-v1.json","real-operation-report-v1.json",".json","394","7/30/2026 11:19:22 PM","C:\Users\Ghanam\OneDrive\projects\Greeny-Life\archive\old_folders\GREENY-LIFE-EOS-PRODUCTION"
"C:\Users\Ghanam\OneDrive\projects\Greeny-Life\archive\old_folders\GREENY-LIFE-EOS-PRODUCTION\runtime-governance-report-v1.json","runtime-governance-report-v1.json",".json","590","7/30/2026 11:15:54 PM","C:\Users\Ghanam\OneDrive\projects\Greeny-Life\archive\old_folders\GREENY-LIFE-EOS-PRODUCTION"
"C:\Users\Ghanam\OneDrive\projects\Greeny-Life\archive\old_folders\GREENY-LIFE-EOS-PRODUCTION\activation\master-template-link-v1\master-template-activation-report.json","master-template-activation-report.json",".json","369","7/30/2026 11:45:52 PM","C:\Users\Ghanam\OneDrive\projects\Greeny-Life\archive\old_folders\GREENY-LIFE-EOS-PRODUCTION\activation\master-template-link-v1"
"C:\Users\Ghanam\OneDrive\projects\Greeny-Life\archive\old_folders\GREENY-LIFE-EOS-PRODUCTION\ai\ai-automation-workflow-v1\ai-alerts-engine-v1.json","ai-alerts-engine-v1.json",".json","271","7/31/2026 10:58:13 AM","C:\Users\Ghanam\OneDrive\projects\Greeny-Life\archive\old_folders\GREENY-LIFE-EOS-PRODUCTION\ai\ai-automation-workflow-v1"
"C:\Users\Ghanam\OneDrive\projects\Greeny-Life\archive\old_folders\GREENY-LIFE-EOS-PRODUCTION\ai\ai-automation-workflow-v1\ai-recommendation-engine-v1.json","ai-recommendation-engine-v1.json",".json","370","7/31/2026 10:58:13 AM","C:\Users\Ghanam\OneDrive\projects\Greeny-Life\archive\old_folders\GREENY-LIFE-EOS-PRODUCTION\ai\ai-automation-workflow-v1"
"C:\Users\Ghanam\OneDrive\projects\Greeny-Life\archive\old_folders\GREENY-LIFE-EOS-PRODUCTION\ai\ai-automation-workflow-v1\automation-report-v1.json","automation-report-v1.json",".json","143","7/31/2026 10:58:16 AM","C:\Users\Ghanam\OneDrive\projects\Greeny-Life\archive\old_folders\GREENY-LIFE-EOS-PRODUCTION\ai\ai-automation-workflow-v1"
"C:\Users\Ghanam\OneDrive\projects\Greeny-Life\archive\old_folders\GREENY-LIFE-EOS-PRODUCTION\ai\ai-automation-workflow-v1\crm-automation-v1.json","crm-automation-v1.json",".json","294","7/31/2026 10:58:12 AM","C:\Users\Ghanam\OneDrive\projects\Greeny-Life\archive\old_folders\GREENY-LIFE-EOS-PRODUCTION\ai\ai-automation-workflow-v1"
"C:\Users\Ghanam\OneDrive\projects\Greeny-Life\archive\old_folders\GREENY-LIFE-EOS-PRODUCTION\ai\ai-automation-workflow-v1\export-automation-v1.json","export-automation-v1.json",".json","356","7/31/2026 10:58:12 AM","C:\Users\Ghanam\OneDrive\projects\Greeny-Life\archive\old_folders\GREENY-LIFE-EOS-PRODUCTION\ai\ai-automation-workflow-v1"
"C:\Users\Ghanam\OneDrive\projects\Greeny-Life\archive\old_folders\GREENY-LIFE-EOS-PRODUCTION\ai\ai-automation-workflow-v1\inventory-automation-v1.json","inventory-automation-v1.json",".json","304","7/31/2026 10:58:11 AM","C:\Users\Ghanam\OneDrive\projects\Greeny-Life\archive\old_folders\GREENY-LIFE-EOS-PRODUCTION\ai\ai-automation-workflow-v1"
"C:\Users\Ghanam\OneDrive\projects\Greeny-Life\archive\old_folders\GREENY-LIFE-EOS-PRODUCTION\ai\ai-automation-workflow-v1\order-automation-v1.json","order-automation-v1.json",".json","362","7/31/2026 10:58:10 AM","C:\Users\Ghanam\OneDrive\projects\Greeny-Life\archive\old_folders\GREENY-LIFE-EOS-PRODUCTION\ai\ai-automation-workflow-v1"
"C:\Users\Ghanam\OneDrive\projects\Greeny-Life\archive\old_folders\GREENY-LIFE-EOS-PRODUCTION\ai\ai-automation-workflow-v1\supplier-automation-v1.json","supplier-automation-v1.json",".json","318","7/31/2026 10:58:11 AM","C:\Users\Ghanam\OneDrive\projects\Greeny-Life\archive\old_folders\GREENY-LIFE-EOS-PRODUCTION\ai\ai-automation-workflow-v1"
"C:\Users\Ghanam\OneDrive\projects\Greeny-Life\archive\old_folders\GREENY-LIFE-EOS-PRODUCTION\ai\ai-automation-workflow-v1\task-management-engine-v1.json","task-management-engine-v1.json",".json","295","7/31/2026 10:58:15 AM","C:\Users\Ghanam\OneDrive\projects\Greeny-Life\archive\old_folders\GREENY-LIFE-EOS-PRODUCTION\ai\ai-automation-workflow-v1"
"C:\Users\Ghanam\OneDrive\projects\Greeny-Life\archive\old_folders\GREENY-LIFE-EOS-PRODUCTION\ai\ai-automation-workflow-v1\workflow-engine-v1.json","workflow-engine-v1.json",".json","464","7/31/2026 10:58:10 AM","C:\Users\Ghanam\OneDrive\projects\Greeny-Life\archive\old_folders\GREENY-LIFE-EOS-PRODUCTION\ai\ai-automation-workflow-v1"
"C:\Users\Ghanam\OneDrive\projects\Greeny-Life\archive\old_folders\GREENY-LIFE-EOS-PRODUCTION\analytics\analytics-business-intelligence-v1\analytics-bi-report-v1.json","analytics-bi-report-v1.json",".json","152","7/31/2026 11:01:06 AM","C:\Users\Ghanam\OneDrive\projects\Greeny-Life\archive\old_folders\GREENY-LIFE-EOS-PRODUCTION\analytics\analytics-business-intelligence-v1"
"C:\Users\Ghanam\OneDrive\projects\Greeny-Life\archive\old_folders\GREENY-LIFE-EOS-PRODUCTION\analytics\analytics-business-intelligence-v1\customer-analytics-v1.json","customer-analytics-v1.json",".json","275","7/31/2026 11:01:04 AM","C:\Users\Ghanam\OneDrive\projects\Greeny-Life\archive\old_folders\GREENY-LIFE-EOS-PRODUCTION\analytics\analytics-business-intelligence-v1"
"C:\Users\Ghanam\OneDrive\projects\Greeny-Life\archive\old_folders\GREENY-LIFE-EOS-PRODUCTION\analytics\analytics-business-intelligence-v1\executive-bi-dashboard-v1.json","executive-bi-dashboard-v1.json",".json","266","7/31/2026 11:01:05 AM","C:\Users\Ghanam\OneDrive\projects\Greeny-Life\archive\old_folders\GREENY-LIFE-EOS-PRODUCTION\analytics\analytics-business-intelligence-v1"
"C:\Users\Ghanam\OneDrive\projects\Greeny-Life\archive\old_folders\GREENY-LIFE-EOS-PRODUCTION\analytics\analytics-business-intelligence-v1\export-performance-analytics-v1.json","export-performance-analytics-v1.json",".json","325","7/31/2026 11:01:03 AM","C:\Users\Ghanam\OneDrive\projects\Greeny-Life\archive\old_folders\GREENY-LIFE-EOS-PRODUCTION\analytics\analytics-business-intelligence-v1"
"C:\Users\Ghanam\OneDrive\projects\Greeny-Life\archive\old_folders\GREENY-LIFE-EOS-PRODUCTION\analytics\analytics-business-intelligence-v1\financial-analytics-v1.json","financial-analytics-v1.json",".json","299","7/31/2026 11:01:05 AM","C:\Users\Ghanam\OneDrive\projects\Greeny-Life\archive\old_folders\GREENY-LIFE-EOS-PRODUCTION\analytics\analytics-business-intelligence-v1"
"C:\Users\Ghanam\OneDrive\projects\Greeny-Life\archive\old_folders\GREENY-LIFE-EOS-PRODUCTION\analytics\analytics-business-intelligence-v1\inventory-analytics-v1.json","inventory-analytics-v1.json",".json","320","7/31/2026 11:01:04 AM","C:\Users\Ghanam\OneDrive\projects\Greeny-Life\archive\old_folders\GREENY-LIFE-EOS-PRODUCTION\analytics\analytics-business-intelligence-v1"
"C:\Users\Ghanam\OneDrive\projects\Greeny-Life\archive\old_folders\GREENY-LIFE-EOS-PRODUCTION\analytics\analytics-business-intelligence-v1\kpi-dashboard-engine-v1.json","kpi-dashboard-engine-v1.json",".json","377","7/31/2026 11:01:02 AM","C:\Users\Ghanam\OneDrive\projects\Greeny-Life\archive\old_folders\GREENY-LIFE-EOS-PRODUCTION\analytics\analytics-business-intelligence-v1"
"C:\Users\Ghanam\OneDrive\projects\Greeny-Life\archive\old_folders\GREENY-LIFE-EOS-PRODUCTION\analytics\analytics-business-intelligence-v1\predictive-analytics-engine-v1.json","predictive-analytics-engine-v1.json",".json","288","7/31/2026 11:01:05 AM","C:\Users\Ghanam\OneDrive\projects\Greeny-Life\archive\old_folders\GREENY-LIFE-EOS-PRODUCTION\analytics\analytics-business-intelligence-v1"
"C:\Users\Ghanam\OneDrive\projects\Greeny-Life\archive\old_folders\GREENY-LIFE-EOS-PRODUCTION\analytics\analytics-business-intelligence-v1\sales-analytics-v1.json","sales-analytics-v1.json",".json","306","7/31/2026 11:01:02 AM","C:\Users\Ghanam\OneDrive\projects\Greeny-Life\archive\old_folders\GREENY-LIFE-EOS-PRODUCTION\analytics\analytics-business-intelligence-v1"
"C:\Users\Ghanam\OneDrive\projects\Greeny-Life\archive\old_folders\GREENY-LIFE-EOS-PRODUCTION\analytics\analytics-business-intelligence-v1\supplier-performance-analytics-v1.json","supplier-performance-analytics-v1.json",".json","291","7/31/2026 11:01:04 AM","C:\Users\Ghanam\OneDrive\projects\Greeny-Life\archive\old_folders\GREENY-LIFE-EOS-PRODUCTION\analytics\analytics-business-intelligence-v1"
"C:\Users\Ghanam\OneDrive\projects\Greeny-Life\archive\old_folders\GREENY-LIFE-EOS-PRODUCTION\core\database-api-layer-v1\backend-service-registry-v1.json","backend-service-registry-v1.json",".json","669","7/31/2026 10:50:19 AM","C:\Users\Ghanam\OneDrive\projects\Greeny-Life\archive\old_folders\GREENY-LIFE-EOS-PRODUCTION\core\database-api-layer-v1"
"C:\Users\Ghanam\OneDrive\projects\Greeny-Life\archive\old_folders\GREENY-LIFE-EOS-PRODUCTION\core\unified-operating-core-v1\unified-core-report-v1.json","unified-core-report-v1.json",".json","209","7/31/2026 10:48:08 AM","C:\Users\Ghanam\OneDrive\projects\Greeny-Life\archive\old_folders\GREENY-LIFE-EOS-PRODUCTION\core\unified-operating-core-v1"
"C:\Users\Ghanam\OneDrive\projects\Greeny-Life\archive\old_folders\GREENY-LIFE-EOS-PRODUCTION\database\database-engine-report-v1.json","database-engine-report-v1.json",".json","500","7/30/2026 10:50:16 PM","C:\Users\Ghanam\OneDrive\projects\Greeny-Life\archive\old_folders\GREENY-LIFE-EOS-PRODUCTION\database"
"C:\Users\Ghanam\OneDrive\projects\Greeny-Life\archive\old_folders\GREENY-LIFE-EOS-PRODUCTION\enterprise-control-center-v1\enterprise-control-center-report-v1.json","enterprise-control-center-report-v1.json",".json","514","7/31/2026 12:28:15 AM","C:\Users\Ghanam\OneDrive\projects\Greeny-Life\archive\old_folders\GREENY-LIFE-EOS-PRODUCTION\enterprise-control-center-v1"
"C:\Users\Ghanam\OneDrive\projects\Greeny-Life\archive\old_folders\GREENY-LIFE-EOS-PRODUCTION\erp\erp-integration-layer-v1\erp-integration-report-v1.json","erp-integration-report-v1.json",".json","415","7/31/2026 10:45:46 AM","C:\Users\Ghanam\OneDrive\projects\Greeny-Life\archive\old_folders\GREENY-LIFE-EOS-PRODUCTION\erp\erp-integration-layer-v1"
"C:\Users\Ghanam\OneDrive\projects\Greeny-Life\archive\old_folders\GREENY-LIFE-EOS-PRODUCTION\erp\erp-integration-layer-v1\export-orders-management-v1.json","export-orders-management-v1.json",".json","6039","7/31/2026 10:45:45 AM","C:\Users\Ghanam\OneDrive\projects\Greeny-Life\archive\old_folders\GREENY-LIFE-EOS-PRODUCTION\erp\erp-integration-layer-v1"
"C:\Users\Ghanam\OneDrive\projects\Greeny-Life\archive\old_folders\GREENY-LIFE-EOS-PRODUCTION\frontend\frontend-core-v1\frontend-api-binding-v1.json","frontend-api-binding-v1.json",".json","540","7/31/2026 10:54:26 AM","C:\Users\Ghanam\OneDrive\projects\Greeny-Life\archive\old_folders\GREENY-LIFE-EOS-PRODUCTION\frontend\frontend-core-v1"
"C:\Users\Ghanam\OneDrive\projects\Greeny-Life\archive\old_folders\GREENY-LIFE-EOS-PRODUCTION\operations\first-export-order.json","first-export-order.json",".json","570","7/30/2026 11:19:21 PM","C:\Users\Ghanam\OneDrive\projects\Greeny-Life\archive\old_folders\GREENY-LIFE-EOS-PRODUCTION\operations"
"C:\Users\Ghanam\OneDrive\projects\Greeny-Life\archive\old_folders\GREENY-LIFE-EOS-PRODUCTION\operations\export-operating-flow-v1\export-operating-flow-report-v1.json","export-operating-flow-report-v1.json",".json","408","7/31/2026 12:25:02 AM","C:\Users\Ghanam\OneDrive\projects\Greeny-Life\archive\old_folders\GREENY-LIFE-EOS-PRODUCTION\operations\export-operating-flow-v1"
"C:\Users\Ghanam\OneDrive\projects\Greeny-Life\archive\old_folders\GREENY-LIFE-EOS-PRODUCTION\operations\export-transactions\export-engine-report-v1.json","export-engine-report-v1.json",".json","210","7/30/2026 11:35:06 PM","C:\Users\Ghanam\OneDrive\projects\Greeny-Life\archive\old_folders\GREENY-LIFE-EOS-PRODUCTION\operations\export-transactions"
"C:\Users\Ghanam\OneDrive\projects\Greeny-Life\archive\old_folders\GREENY-LIFE-EOS-PRODUCTION\operations\export-transactions\export-transaction-GL-EXP-2026-0001.json","export-transaction-GL-EXP-2026-0001.json",".json","1441","7/30/2026 11:35:06 PM","C:\Users\Ghanam\OneDrive\projects\Greeny-Life\archive\old_folders\GREENY-LIFE-EOS-PRODUCTION\operations\export-transactions"
"C:\Users\Ghanam\OneDrive\projects\Greeny-Life\archive\old_folders\GREENY-LIFE-EOS-PRODUCTION\operations\live-business-data\live-business-registry-v1.json","live-business-registry-v1.json",".json","1448","7/30/2026 11:30:27 PM","C:\Users\Ghanam\OneDrive\projects\Greeny-Life\archive\old_folders\GREENY-LIFE-EOS-PRODUCTION\operations\live-business-data"
"C:\Users\Ghanam\OneDrive\projects\Greeny-Life\archive\old_folders\GREENY-LIFE-EOS-PRODUCTION\operations\live-execution-v1\live-business-execution-report.json","live-business-execution-report.json",".json","1963","7/30/2026 11:33:16 PM","C:\Users\Ghanam\OneDrive\projects\Greeny-Life\archive\old_folders\GREENY-LIFE-EOS-PRODUCTION\operations\live-execution-v1"
"C:\Users\Ghanam\OneDrive\projects\Greeny-Life\archive\old_folders\GREENY-LIFE-EOS-PRODUCTION\operations\live-execution-v1\live-data-connector-report.json","live-data-connector-report.json",".json","490","7/30/2026 11:34:15 PM","C:\Users\Ghanam\OneDrive\projects\Greeny-Life\archive\old_folders\GREENY-LIFE-EOS-PRODUCTION\operations\live-execution-v1"
"C:\Users\Ghanam\OneDrive\projects\Greeny-Life\archive\old_folders\GREENY-LIFE-EOS-PRODUCTION\platform\ai-decision-engine\ai-ceo-assistant\assistant.json","assistant.json",".json","188","7/30/2026 11:13:17 PM","C:\Users\Ghanam\OneDrive\projects\Greeny-Life\archive\old_folders\GREENY-LIFE-EOS-PRODUCTION\platform\ai-decision-engine\ai-ceo-assistant"
"C:\Users\Ghanam\OneDrive\projects\Greeny-Life\archive\old_folders\GREENY-LIFE-EOS-PRODUCTION\platform\ai-decision-engine\business-rule-ai\rules-ai.json","rules-ai.json",".json","165","7/30/2026 11:13:19 PM","C:\Users\Ghanam\OneDrive\projects\Greeny-Life\archive\old_folders\GREENY-LIFE-EOS-PRODUCTION\platform\ai-decision-engine\business-rule-ai"
"C:\Users\Ghanam\OneDrive\projects\Greeny-Life\archive\old_folders\GREENY-LIFE-EOS-PRODUCTION\platform\ai-decision-engine\executive-report-generator\reports.json","reports.json",".json","183","7/30/2026 11:13:19 PM","C:\Users\Ghanam\OneDrive\projects\Greeny-Life\archive\old_folders\GREENY-LIFE-EOS-PRODUCTION\platform\ai-decision-engine\executive-report-generator"
"C:\Users\Ghanam\OneDrive\projects\Greeny-Life\archive\old_folders\GREENY-LIFE-EOS-PRODUCTION\platform\ai-decision-engine\export-decision-engine\decision-model.json","decision-model.json",".json","267","7/30/2026 11:13:17 PM","C:\Users\Ghanam\OneDrive\projects\Greeny-Life\archive\old_folders\GREENY-LIFE-EOS-PRODUCTION\platform\ai-decision-engine\export-decision-engine"
"C:\Users\Ghanam\OneDrive\projects\Greeny-Life\archive\old_folders\GREENY-LIFE-EOS-PRODUCTION\platform\ai-decision-engine\market-selection-ai\market-ai.json","market-ai.json",".json","154","7/30/2026 11:13:18 PM","C:\Users\Ghanam\OneDrive\projects\Greeny-Life\archive\old_folders\GREENY-LIFE-EOS-PRODUCTION\platform\ai-decision-engine\market-selection-ai"
"C:\Users\Ghanam\OneDrive\projects\Greeny-Life\archive\old_folders\GREENY-LIFE-EOS-PRODUCTION\platform\ai-decision-engine\pricing-decision-ai\pricing-ai.json","pricing-ai.json",".json","156","7/30/2026 11:13:18 PM","C:\Users\Ghanam\OneDrive\projects\Greeny-Life\archive\old_folders\GREENY-LIFE-EOS-PRODUCTION\platform\ai-decision-engine\pricing-decision-ai"
"C:\Users\Ghanam\OneDrive\projects\Greeny-Life\archive\old_folders\GREENY-LIFE-EOS-PRODUCTION\platform\ai-decision-engine\risk-prediction-engine\risk-model.json","risk-model.json",".json","178","7/30/2026 11:13:18 PM","C:\Users\Ghanam\OneDrive\projects\Greeny-Life\archive\old_folders\GREENY-LIFE-EOS-PRODUCTION\platform\ai-decision-engine\risk-prediction-engine"
"C:\Users\Ghanam\OneDrive\projects\Greeny-Life\archive\old_folders\GREENY-LIFE-EOS-PRODUCTION\platform\ai-decision-engine\supplier-recommendation-engine\supplier-ai.json","supplier-ai.json",".json","190","7/30/2026 11:13:18 PM","C:\Users\Ghanam\OneDrive\projects\Greeny-Life\archive\old_folders\GREENY-LIFE-EOS-PRODUCTION\platform\ai-decision-engine\supplier-recommendation-engine"
"C:\Users\Ghanam\OneDrive\projects\Greeny-Life\archive\old_folders\GREENY-LIFE-EOS-PRODUCTION\platform\audit\audit-engine.json","audit-engine.json",".json","164","7/30/2026 10:59:11 PM","C:\Users\Ghanam\OneDrive\projects\Greeny-Life\archive\old_folders\GREENY-LIFE-EOS-PRODUCTION\platform\audit"
"C:\Users\Ghanam\OneDrive\projects\Greeny-Life\archive\old_folders\GREENY-LIFE-EOS-PRODUCTION\platform\authentication\jwt-engine.json","jwt-engine.json",".json","165","7/30/2026 10:59:09 PM","C:\Users\Ghanam\OneDrive\projects\Greeny-Life\archive\old_folders\GREENY-LIFE-EOS-PRODUCTION\platform\authentication"
"C:\Users\Ghanam\OneDrive\projects\Greeny-Life\archive\old_folders\GREENY-LIFE-EOS-PRODUCTION\platform\automation\automation-manifest.json","automation-manifest.json",".json","240","7/30/2026 11:03:28 PM","C:\Users\Ghanam\OneDrive\projects\Greeny-Life\archive\old_folders\GREENY-LIFE-EOS-PRODUCTION\platform\automation"
"C:\Users\Ghanam\OneDrive\projects\Greeny-Life\archive\old_folders\GREENY-LIFE-EOS-PRODUCTION\platform\automation\approval-engine\approval-rules.json","approval-rules.json",".json","200","7/30/2026 11:03:29 PM","C:\Users\Ghanam\OneDrive\projects\Greeny-Life\archive\old_folders\GREENY-LIFE-EOS-PRODUCTION\platform\automation\approval-engine"
"C:\Users\Ghanam\OneDrive\projects\Greeny-Life\archive\old_folders\GREENY-LIFE-EOS-PRODUCTION\platform\automation\business-rules\rules.json","rules.json",".json","293","7/30/2026 11:03:29 PM","C:\Users\Ghanam\OneDrive\projects\Greeny-Life\archive\old_folders\GREENY-LIFE-EOS-PRODUCTION\platform\automation\business-rules"
"C:\Users\Ghanam\OneDrive\projects\Greeny-Life\archive\old_folders\GREENY-LIFE-EOS-PRODUCTION\platform\automation\export-automation\export-flows.json","export-flows.json",".json","188","7/30/2026 11:03:29 PM","C:\Users\Ghanam\OneDrive\projects\Greeny-Life\archive\old_folders\GREENY-LIFE-EOS-PRODUCTION\platform\automation\export-automation"
"C:\Users\Ghanam\OneDrive\projects\Greeny-Life\archive\old_folders\GREENY-LIFE-EOS-PRODUCTION\platform\automation\notification-engine\notification-config.json","notification-config.json",".json","219","7/30/2026 11:03:29 PM","C:\Users\Ghanam\OneDrive\projects\Greeny-Life\archive\old_folders\GREENY-LIFE-EOS-PRODUCTION\platform\automation\notification-engine"
"C:\Users\Ghanam\OneDrive\projects\Greeny-Life\archive\old_folders\GREENY-LIFE-EOS-PRODUCTION\platform\automation\supplier-automation\supplier-onboarding.json","supplier-onboarding.json",".json","175","7/30/2026 11:03:30 PM","C:\Users\Ghanam\OneDrive\projects\Greeny-Life\archive\old_folders\GREENY-LIFE-EOS-PRODUCTION\platform\automation\supplier-automation"
"C:\Users\Ghanam\OneDrive\projects\Greeny-Life\archive\old_folders\GREENY-LIFE-EOS-PRODUCTION\platform\automation\workflow-automation\workflow-catalog.json","workflow-catalog.json",".json","227","7/30/2026 11:03:28 PM","C:\Users\Ghanam\OneDrive\projects\Greeny-Life\archive\old_folders\GREENY-LIFE-EOS-PRODUCTION\platform\automation\workflow-automation"
"C:\Users\Ghanam\OneDrive\projects\Greeny-Life\archive\old_folders\GREENY-LIFE-EOS-PRODUCTION\platform\export-os\compliance\compliance-engine.json","compliance-engine.json",".json","159","7/30/2026 11:05:04 PM","C:\Users\Ghanam\OneDrive\projects\Greeny-Life\archive\old_folders\GREENY-LIFE-EOS-PRODUCTION\platform\export-os\compliance"
"C:\Users\Ghanam\OneDrive\projects\Greeny-Life\archive\old_folders\GREENY-LIFE-EOS-PRODUCTION\platform\export-os\country-rules\country-rules.json","country-rules.json",".json","216","7/30/2026 11:05:05 PM","C:\Users\Ghanam\OneDrive\projects\Greeny-Life\archive\old_folders\GREENY-LIFE-EOS-PRODUCTION\platform\export-os\country-rules"
"C:\Users\Ghanam\OneDrive\projects\Greeny-Life\archive\old_folders\GREENY-LIFE-EOS-PRODUCTION\platform\export-os\customs\customs-engine.json","customs-engine.json",".json","268","7/30/2026 11:05:04 PM","C:\Users\Ghanam\OneDrive\projects\Greeny-Life\archive\old_folders\GREENY-LIFE-EOS-PRODUCTION\platform\export-os\customs"
"C:\Users\Ghanam\OneDrive\projects\Greeny-Life\archive\old_folders\GREENY-LIFE-EOS-PRODUCTION\platform\export-os\market-intelligence\market-engine.json","market-engine.json",".json","171","7/30/2026 11:05:05 PM","C:\Users\Ghanam\OneDrive\projects\Greeny-Life\archive\old_folders\GREENY-LIFE-EOS-PRODUCTION\platform\export-os\market-intelligence"
"C:\Users\Ghanam\OneDrive\projects\Greeny-Life\archive\old_folders\GREENY-LIFE-EOS-PRODUCTION\platform\export-os\shipping\shipping-engine.json","shipping-engine.json",".json","244","7/30/2026 11:05:04 PM","C:\Users\Ghanam\OneDrive\projects\Greeny-Life\archive\old_folders\GREENY-LIFE-EOS-PRODUCTION\platform\export-os\shipping"
"C:\Users\Ghanam\OneDrive\projects\Greeny-Life\archive\old_folders\GREENY-LIFE-EOS-PRODUCTION\platform\integration\analytics\analytics-engine.json","analytics-engine.json",".json","178","7/30/2026 11:00:26 PM","C:\Users\Ghanam\OneDrive\projects\Greeny-Life\archive\old_folders\GREENY-LIFE-EOS-PRODUCTION\platform\integration\analytics"
"C:\Users\Ghanam\OneDrive\projects\Greeny-Life\archive\old_folders\GREENY-LIFE-EOS-PRODUCTION\platform\integration\export-engine\export-engine.json","export-engine.json",".json","251","7/30/2026 11:00:26 PM","C:\Users\Ghanam\OneDrive\projects\Greeny-Life\archive\old_folders\GREENY-LIFE-EOS-PRODUCTION\platform\integration\export-engine"
"C:\Users\Ghanam\OneDrive\projects\Greeny-Life\archive\old_folders\GREENY-LIFE-EOS-PRODUCTION\platform\integration\master-data-sync\master-data-sync.json","master-data-sync.json",".json","186","7/30/2026 11:00:26 PM","C:\Users\Ghanam\OneDrive\projects\Greeny-Life\archive\old_folders\GREENY-LIFE-EOS-PRODUCTION\platform\integration\master-data-sync"
"C:\Users\Ghanam\OneDrive\projects\Greeny-Life\archive\old_folders\GREENY-LIFE-EOS-PRODUCTION\platform\intelligence\ai-assistant\executive-agent\agent-manifest.json","agent-manifest.json",".json","228","7/30/2026 11:02:36 PM","C:\Users\Ghanam\OneDrive\projects\Greeny-Life\archive\old_folders\GREENY-LIFE-EOS-PRODUCTION\platform\intelligence\ai-assistant\executive-agent"
"C:\Users\Ghanam\OneDrive\projects\Greeny-Life\archive\old_folders\GREENY-LIFE-EOS-PRODUCTION\platform\intelligence\export-intelligence\market-analysis\market-engine.json","market-engine.json",".json","222","7/30/2026 11:02:36 PM","C:\Users\Ghanam\OneDrive\projects\Greeny-Life\archive\old_folders\GREENY-LIFE-EOS-PRODUCTION\platform\intelligence\export-intelligence\market-analysis"
"C:\Users\Ghanam\OneDrive\projects\Greeny-Life\archive\old_folders\GREENY-LIFE-EOS-PRODUCTION\platform\intelligence\predictive-engine\demand-forecasting\forecast-model.json","forecast-model.json",".json","252","7/30/2026 11:02:35 PM","C:\Users\Ghanam\OneDrive\projects\Greeny-Life\archive\old_folders\GREENY-LIFE-EOS-PRODUCTION\platform\intelligence\predictive-engine\demand-forecasting"
"C:\Users\Ghanam\OneDrive\projects\Greeny-Life\archive\old_folders\GREENY-LIFE-EOS-PRODUCTION\platform\intelligence\quality-intelligence\quality-prediction\quality-model.json","quality-model.json",".json","210","7/30/2026 11:02:36 PM","C:\Users\Ghanam\OneDrive\projects\Greeny-Life\archive\old_folders\GREENY-LIFE-EOS-PRODUCTION\platform\intelligence\quality-intelligence\quality-prediction"
"C:\Users\Ghanam\OneDrive\projects\Greeny-Life\archive\old_folders\GREENY-LIFE-EOS-PRODUCTION\platform\intelligence\supplier-intelligence\supplier-intelligence.json","supplier-intelligence.json",".json","253","7/30/2026 11:02:35 PM","C:\Users\Ghanam\OneDrive\projects\Greeny-Life\archive\old_folders\GREENY-LIFE-EOS-PRODUCTION\platform\intelligence\supplier-intelligence"
"C:\Users\Ghanam\OneDrive\projects\Greeny-Life\archive\old_folders\GREENY-LIFE-EOS-PRODUCTION\platform\market-intelligence\ai-market-recommendation\ai-engine.json","ai-engine.json",".json","178","7/30/2026 11:08:34 PM","C:\Users\Ghanam\OneDrive\projects\Greeny-Life\archive\old_folders\GREENY-LIFE-EOS-PRODUCTION\platform\market-intelligence\ai-market-recommendation"
"C:\Users\Ghanam\OneDrive\projects\Greeny-Life\archive\old_folders\GREENY-LIFE-EOS-PRODUCTION\platform\market-intelligence\competitor-analysis\competitor-model.json","competitor-model.json",".json","161","7/30/2026 11:08:33 PM","C:\Users\Ghanam\OneDrive\projects\Greeny-Life\archive\old_folders\GREENY-LIFE-EOS-PRODUCTION\platform\market-intelligence\competitor-analysis"
"C:\Users\Ghanam\OneDrive\projects\Greeny-Life\archive\old_folders\GREENY-LIFE-EOS-PRODUCTION\platform\market-intelligence\country-intelligence\countries.json","countries.json",".json","356","7/30/2026 11:08:33 PM","C:\Users\Ghanam\OneDrive\projects\Greeny-Life\archive\old_folders\GREENY-LIFE-EOS-PRODUCTION\platform\market-intelligence\country-intelligence"
"C:\Users\Ghanam\OneDrive\projects\Greeny-Life\archive\old_folders\GREENY-LIFE-EOS-PRODUCTION\platform\market-intelligence\demand-forecasting\forecast-model.json","forecast-model.json",".json","194","7/30/2026 11:08:34 PM","C:\Users\Ghanam\OneDrive\projects\Greeny-Life\archive\old_folders\GREENY-LIFE-EOS-PRODUCTION\platform\market-intelligence\demand-forecasting"
"C:\Users\Ghanam\OneDrive\projects\Greeny-Life\archive\old_folders\GREENY-LIFE-EOS-PRODUCTION\platform\market-intelligence\export-readiness-score\readiness-model.json","readiness-model.json",".json","192","7/30/2026 11:08:34 PM","C:\Users\Ghanam\OneDrive\projects\Greeny-Life\archive\old_folders\GREENY-LIFE-EOS-PRODUCTION\platform\market-intelligence\export-readiness-score"
"C:\Users\Ghanam\OneDrive\projects\Greeny-Life\archive\old_folders\GREENY-LIFE-EOS-PRODUCTION\platform\market-intelligence\market-opportunity-engine\opportunity-model.json","opportunity-model.json",".json","193","7/30/2026 11:08:33 PM","C:\Users\Ghanam\OneDrive\projects\Greeny-Life\archive\old_folders\GREENY-LIFE-EOS-PRODUCTION\platform\market-intelligence\market-opportunity-engine"
"C:\Users\Ghanam\OneDrive\projects\Greeny-Life\archive\old_folders\GREENY-LIFE-EOS-PRODUCTION\platform\market-intelligence\pricing-intelligence\pricing-model.json","pricing-model.json",".json","193","7/30/2026 11:08:34 PM","C:\Users\Ghanam\OneDrive\projects\Greeny-Life\archive\old_folders\GREENY-LIFE-EOS-PRODUCTION\platform\market-intelligence\pricing-intelligence"
"C:\Users\Ghanam\OneDrive\projects\Greeny-Life\archive\old_folders\GREENY-LIFE-EOS-PRODUCTION\platform\mobile-web-platform-v1\authentication-flow-v1.json","authentication-flow-v1.json",".json","327","7/31/2026 10:56:21 AM","C:\Users\Ghanam\OneDrive\projects\Greeny-Life\archive\old_folders\GREENY-LIFE-EOS-PRODUCTION\platform\mobile-web-platform-v1"
"C:\Users\Ghanam\OneDrive\projects\Greeny-Life\archive\old_folders\GREENY-LIFE-EOS-PRODUCTION\platform\mobile-web-platform-v1\deployment-map-v1.json","deployment-map-v1.json",".json","477","7/31/2026 10:56:22 AM","C:\Users\Ghanam\OneDrive\projects\Greeny-Life\archive\old_folders\GREENY-LIFE-EOS-PRODUCTION\platform\mobile-web-platform-v1"
"C:\Users\Ghanam\OneDrive\projects\Greeny-Life\archive\old_folders\GREENY-LIFE-EOS-PRODUCTION\platform\mobile-web-platform-v1\notification-engine-v1.json","notification-engine-v1.json",".json","451","7/31/2026 10:56:22 AM","C:\Users\Ghanam\OneDrive\projects\Greeny-Life\archive\old_folders\GREENY-LIFE-EOS-PRODUCTION\platform\mobile-web-platform-v1"
"C:\Users\Ghanam\OneDrive\projects\Greeny-Life\archive\old_folders\GREENY-LIFE-EOS-PRODUCTION\platform\mobile-web-platform-v1\platform-report-v1.json","platform-report-v1.json",".json","242","7/31/2026 10:56:23 AM","C:\Users\Ghanam\OneDrive\projects\Greeny-Life\archive\old_folders\GREENY-LIFE-EOS-PRODUCTION\platform\mobile-web-platform-v1"
"C:\Users\Ghanam\OneDrive\projects\Greeny-Life\archive\old_folders\GREENY-LIFE-EOS-PRODUCTION\platform\partner-network\partner-contracts\contract-engine.json","contract-engine.json",".json","245","7/30/2026 11:07:01 PM","C:\Users\Ghanam\OneDrive\projects\Greeny-Life\archive\old_folders\GREENY-LIFE-EOS-PRODUCTION\platform\partner-network\partner-contracts"
"C:\Users\Ghanam\OneDrive\projects\Greeny-Life\archive\old_folders\GREENY-LIFE-EOS-PRODUCTION\platform\partner-network\partner-rating-engine\rating-model.json","rating-model.json",".json","259","7/30/2026 11:07:01 PM","C:\Users\Ghanam\OneDrive\projects\Greeny-Life\archive\old_folders\GREENY-LIFE-EOS-PRODUCTION\platform\partner-network\partner-rating-engine"
"C:\Users\Ghanam\OneDrive\projects\Greeny-Life\archive\old_folders\GREENY-LIFE-EOS-PRODUCTION\platform\partner-network\supplier-network\supplier-network-engine.json","supplier-network-engine.json",".json","155","7/30/2026 11:07:00 PM","C:\Users\Ghanam\OneDrive\projects\Greeny-Life\archive\old_folders\GREENY-LIFE-EOS-PRODUCTION\platform\partner-network\supplier-network"
"C:\Users\Ghanam\OneDrive\projects\Greeny-Life\archive\old_folders\GREENY-LIFE-EOS-PRODUCTION\platform\runtime\configuration\config.json","config.json",".json","160","7/30/2026 10:59:10 PM","C:\Users\Ghanam\OneDrive\projects\Greeny-Life\archive\old_folders\GREENY-LIFE-EOS-PRODUCTION\platform\runtime\configuration"
"C:\Users\Ghanam\OneDrive\projects\Greeny-Life\archive\old_folders\GREENY-LIFE-EOS-PRODUCTION\platform\runtime-governance\executive-control-center\dashboard.json","dashboard.json",".json","274","7/30/2026 11:15:54 PM","C:\Users\Ghanam\OneDrive\projects\Greeny-Life\archive\old_folders\GREENY-LIFE-EOS-PRODUCTION\platform\runtime-governance\executive-control-center"
"C:\Users\Ghanam\OneDrive\projects\Greeny-Life\archive\old_folders\GREENY-LIFE-EOS-PRODUCTION\platform\runtime-governance\health-monitor\health-config.json","health-config.json",".json","212","7/30/2026 11:15:53 PM","C:\Users\Ghanam\OneDrive\projects\Greeny-Life\archive\old_folders\GREENY-LIFE-EOS-PRODUCTION\platform\runtime-governance\health-monitor"
"C:\Users\Ghanam\OneDrive\projects\Greeny-Life\archive\old_folders\GREENY-LIFE-EOS-PRODUCTION\platform\runtime-governance\service-registry\services.json","services.json",".json","888","7/30/2026 11:15:52 PM","C:\Users\Ghanam\OneDrive\projects\Greeny-Life\archive\old_folders\GREENY-LIFE-EOS-PRODUCTION\platform\runtime-governance\service-registry"
"C:\Users\Ghanam\OneDrive\projects\Greeny-Life\archive\old_folders\GREENY-LIFE-EOS-PRODUCTION\platform\runtime-governance\workflow-registry\workflows.json","workflows.json",".json","214","7/30/2026 11:15:53 PM","C:\Users\Ghanam\OneDrive\projects\Greeny-Life\archive\old_folders\GREENY-LIFE-EOS-PRODUCTION\platform\runtime-governance\workflow-registry"
"C:\Users\Ghanam\OneDrive\projects\Greeny-Life\archive\old_folders\GREENY-LIFE-EOS-PRODUCTION\security\security-governance-v1\audit-log-engine-v1.json","audit-log-engine-v1.json",".json","423","7/31/2026 10:59:58 AM","C:\Users\Ghanam\OneDrive\projects\Greeny-Life\archive\old_folders\GREENY-LIFE-EOS-PRODUCTION\security\security-governance-v1"
"C:\Users\Ghanam\OneDrive\projects\Greeny-Life\archive\old_folders\GREENY-LIFE-EOS-PRODUCTION\security\security-governance-v1\authentication-security-v1.json","authentication-security-v1.json",".json","389","7/31/2026 10:59:57 AM","C:\Users\Ghanam\OneDrive\projects\Greeny-Life\archive\old_folders\GREENY-LIFE-EOS-PRODUCTION\security\security-governance-v1"
"C:\Users\Ghanam\OneDrive\projects\Greeny-Life\archive\old_folders\GREENY-LIFE-EOS-PRODUCTION\security\security-governance-v1\backup-recovery-v1.json","backup-recovery-v1.json",".json","313","7/31/2026 11:00:00 AM","C:\Users\Ghanam\OneDrive\projects\Greeny-Life\archive\old_folders\GREENY-LIFE-EOS-PRODUCTION\security\security-governance-v1"
"C:\Users\Ghanam\OneDrive\projects\Greeny-Life\archive\old_folders\GREENY-LIFE-EOS-PRODUCTION\security\security-governance-v1\compliance-engine-v1.json","compliance-engine-v1.json",".json","338","7/31/2026 10:59:59 AM","C:\Users\Ghanam\OneDrive\projects\Greeny-Life\archive\old_folders\GREENY-LIFE-EOS-PRODUCTION\security\security-governance-v1"
"C:\Users\Ghanam\OneDrive\projects\Greeny-Life\archive\old_folders\GREENY-LIFE-EOS-PRODUCTION\security\security-governance-v1\data-governance-v1.json","data-governance-v1.json",".json","514","7/31/2026 10:59:59 AM","C:\Users\Ghanam\OneDrive\projects\Greeny-Life\archive\old_folders\GREENY-LIFE-EOS-PRODUCTION\security\security-governance-v1"
"C:\Users\Ghanam\OneDrive\projects\Greeny-Life\archive\old_folders\GREENY-LIFE-EOS-PRODUCTION\security\security-governance-v1\role-access-control-v1.json","role-access-control-v1.json",".json","550","7/31/2026 10:59:58 AM","C:\Users\Ghanam\OneDrive\projects\Greeny-Life\archive\old_folders\GREENY-LIFE-EOS-PRODUCTION\security\security-governance-v1"
"C:\Users\Ghanam\OneDrive\projects\Greeny-Life\archive\old_folders\GREENY-LIFE-EOS-PRODUCTION\security\security-governance-v1\security-governance-report-v1.json","security-governance-report-v1.json",".json","140","7/31/2026 11:00:01 AM","C:\Users\Ghanam\OneDrive\projects\Greeny-Life\archive\old_folders\GREENY-LIFE-EOS-PRODUCTION\security\security-governance-v1"
"C:\Users\Ghanam\OneDrive\projects\Greeny-Life\archive\old_folders\GREENY-LIFE-EOS-PRODUCTION\security\security-governance-v1\security-monitoring-v1.json","security-monitoring-v1.json",".json","478","7/31/2026 11:00:00 AM","C:\Users\Ghanam\OneDrive\projects\Greeny-Life\archive\old_folders\GREENY-LIFE-EOS-PRODUCTION\security\security-governance-v1"
"C:\Users\Ghanam\OneDrive\projects\Greeny-Life\archive\old_folders\GREENY-LIFE-EOS-PRODUCTION\security\security-layer-v1\authentication-config-v1.json","authentication-config-v1.json",".json","381","7/31/2026 10:52:22 AM","C:\Users\Ghanam\OneDrive\projects\Greeny-Life\archive\old_folders\GREENY-LIFE-EOS-PRODUCTION\security\security-layer-v1"
"C:\Users\Ghanam\OneDrive\projects\Greeny-Life\archive\old_product_sources\archive-products.json","archive-products.json",".json","20186","7/30/2026 11:59:15 PM","C:\Users\Ghanam\OneDrive\projects\Greeny-Life\archive\old_product_sources"
"C:\Users\Ghanam\OneDrive\projects\Greeny-Life\archive\old_product_sources\final-product-master-v7.json","final-product-master-v7.json",".json","3186","7/31/2026 12:15:29 AM","C:\Users\Ghanam\OneDrive\projects\Greeny-Life\archive\old_product_sources"
"C:\Users\Ghanam\OneDrive\projects\Greeny-Life\archive\old_product_sources\master-data-cleaning-report-v1.json","master-data-cleaning-report-v1.json",".json","364251","7/31/2026 1:27:54 PM","C:\Users\Ghanam\OneDrive\projects\Greeny-Life\archive\old_product_sources"
"C:\Users\Ghanam\OneDrive\projects\Greeny-Life\archive\old_product_sources\master-registry-v1.json","master-registry-v1.json",".json","1197","7/30/2026 11:25:02 PM","C:\Users\Ghanam\OneDrive\projects\Greeny-Life\archive\old_product_sources"
"C:\Users\Ghanam\OneDrive\projects\Greeny-Life\archive\old_product_sources\removed-products.json","removed-products.json",".json","20186","7/30/2026 11:57:41 PM","C:\Users\Ghanam\OneDrive\projects\Greeny-Life\archive\old_product_sources"
"C:\Users\Ghanam\OneDrive\projects\Greeny-Life\archive\old_product_sources\review-products.json","review-products.json",".json","20186","7/31/2026 12:02:37 AM","C:\Users\Ghanam\OneDrive\projects\Greeny-Life\archive\old_product_sources"
"C:\Users\Ghanam\OneDrive\projects\Greeny-Life\canonical\brain.py","brain.py",".py","137254","8/4/2026 11:00:22 PM","C:\Users\Ghanam\OneDrive\projects\Greeny-Life\canonical"
"C:\Users\Ghanam\OneDrive\projects\Greeny-Life\canonical\classification_report_v2.json","classification_report_v2.json",".json","160790","8/4/2026 10:16:01 PM","C:\Users\Ghanam\OneDrive\projects\Greeny-Life\canonical"
"C:\Users\Ghanam\OneDrive\projects\Greeny-Life\canonical\final_audit.json","final_audit.json",".json","83941","8/4/2026 9:56:15 PM","C:\Users\Ghanam\OneDrive\projects\Greeny-Life\canonical"
"C:\Users\Ghanam\OneDrive\projects\Greeny-Life\canonical\crm\crm-automation-v1.json","crm-automation-v1.json",".json","294","7/31/2026 10:58:12 AM","C:\Users\Ghanam\OneDrive\projects\Greeny-Life\canonical\crm"
"C:\Users\Ghanam\OneDrive\projects\Greeny-Life\canonical\crm\customer-analytics-v1.json","customer-analytics-v1.json",".json","275","7/31/2026 11:01:04 AM","C:\Users\Ghanam\OneDrive\projects\Greeny-Life\canonical\crm"
"C:\Users\Ghanam\OneDrive\projects\Greeny-Life\canonical\crm\opportunity-model.json","opportunity-model.json",".json","193","7/30/2026 11:08:33 PM","C:\Users\Ghanam\OneDrive\projects\Greeny-Life\canonical\crm"
"C:\Users\Ghanam\OneDrive\projects\Greeny-Life\canonical\data\customer-specification-registry-v1.json","customer-specification-registry-v1.json",".json","299309","7/31/2026 1:22:08 PM","C:\Users\Ghanam\OneDrive\projects\Greeny-Life\canonical\data"
"C:\Users\Ghanam\OneDrive\projects\Greeny-Life\canonical\data\master_products.json","master_products.json",".json","63747","8/5/2026 10:30:25 PM","C:\Users\Ghanam\OneDrive\projects\Greeny-Life\canonical\data"
"C:\Users\Ghanam\OneDrive\projects\Greeny-Life\canonical\data\packaging-gels-registry-v1.json","packaging-gels-registry-v1.json",".json","160544","7/31/2026 1:19:47 PM","C:\Users\Ghanam\OneDrive\projects\Greeny-Life\canonical\data"
"C:\Users\Ghanam\OneDrive\projects\Greeny-Life\canonical\data\global-export-visual-system-v1\final-visual-system-report-v1.json","final-visual-system-report-v1.json",".json","231","7/31/2026 12:23:24 AM","C:\Users\Ghanam\OneDrive\projects\Greeny-Life\canonical\data\global-export-visual-system-v1"
"C:\Users\Ghanam\OneDrive\projects\Greeny-Life\canonical\data\live-normalized-v1\normalized-business-registry.json","normalized-business-registry.json",".json","55511","7/30/2026 11:32:05 PM","C:\Users\Ghanam\OneDrive\projects\Greeny-Life\canonical\data\live-normalized-v1"
"C:\Users\Ghanam\OneDrive\projects\Greeny-Life\canonical\docs\legacy_brand.md","legacy_brand.md",".md","4235","7/13/2026 4:22:16 PM","C:\Users\Ghanam\OneDrive\projects\Greeny-Life\canonical\docs"
"C:\Users\Ghanam\OneDrive\projects\Greeny-Life\canonical\docs\migrated_brand.md","migrated_brand.md",".md","4235","7/19/2026 4:18:13 PM","C:\Users\Ghanam\OneDrive\projects\Greeny-Life\canonical\docs"
"C:\Users\Ghanam\OneDrive\projects\Greeny-Life\canonical\docs\architecture\SYSTEM_ARCHITECTURE.md","SYSTEM_ARCHITECTURE.md",".md","4235","7/13/2026 4:22:16 PM","C:\Users\Ghanam\OneDrive\projects\Greeny-Life\canonical\docs\architecture"
"C:\Users\Ghanam\OneDrive\projects\Greeny-Life\canonical\docs\auto-generated\INDEX.md","INDEX.md",".md","34792","8/4/2026 9:55:54 PM","C:\Users\Ghanam\OneDrive\projects\Greeny-Life\canonical\docs\auto-generated"
"C:\Users\Ghanam\OneDrive\projects\Greeny-Life\canonical\finance\export-flows.json","export-flows.json",".json","188","7/30/2026 11:03:29 PM","C:\Users\Ghanam\OneDrive\projects\Greeny-Life\canonical\finance"
"C:\Users\Ghanam\OneDrive\projects\Greeny-Life\canonical\finance\workflows.json","workflows.json",".json","214","7/30/2026 11:15:53 PM","C:\Users\Ghanam\OneDrive\projects\Greeny-Life\canonical\finance"
"C:\Users\Ghanam\OneDrive\projects\Greeny-Life\canonical\governance\eos-assets-registry-v1.json","eos-assets-registry-v1.json",".json","81452","7/31/2026 11:18:24 AM","C:\Users\Ghanam\OneDrive\projects\Greeny-Life\canonical\governance"
"C:\Users\Ghanam\OneDrive\projects\Greeny-Life\canonical\governance\eos-deep-asset-discovery-v1.json","eos-deep-asset-discovery-v1.json",".json","167992","7/31/2026 11:45:48 AM","C:\Users\Ghanam\OneDrive\projects\Greeny-Life\canonical\governance"
"C:\Users\Ghanam\OneDrive\projects\Greeny-Life\canonical\governance\eos-knowledge-registry-v1.json","eos-knowledge-registry-v1.json",".json","11386","7/31/2026 11:18:24 AM","C:\Users\Ghanam\OneDrive\projects\Greeny-Life\canonical\governance"
"C:\Users\Ghanam\OneDrive\projects\Greeny-Life\canonical\governance\keep-assets-files-v1.json","keep-assets-files-v1.json",".json","116784","7/31/2026 11:14:37 AM","C:\Users\Ghanam\OneDrive\projects\Greeny-Life\canonical\governance"
"C:\Users\Ghanam\OneDrive\projects\Greeny-Life\canonical\governance\keep-core-files-v1.json","keep-core-files-v1.json",".json","299457","7/31/2026 11:14:37 AM","C:\Users\Ghanam\OneDrive\projects\Greeny-Life\canonical\governance"
"C:\Users\Ghanam\OneDrive\projects\Greeny-Life\canonical\intelligence\architecture.manifest.json","architecture.manifest.json",".json","1171","7/26/2026 2:52:10 PM","C:\Users\Ghanam\OneDrive\projects\Greeny-Life\canonical\intelligence"
"C:\Users\Ghanam\OneDrive\projects\Greeny-Life\canonical\intelligence\asset_classification_report_v2.json","asset_classification_report_v2.json",".json","80585","8/4/2026 10:16:01 PM","C:\Users\Ghanam\OneDrive\projects\Greeny-Life\canonical\intelligence"
"C:\Users\Ghanam\OneDrive\projects\Greeny-Life\canonical\intelligence\comprehensive_report.json","comprehensive_report.json",".json","83770","8/4/2026 9:56:15 PM","C:\Users\Ghanam\OneDrive\projects\Greeny-Life\canonical\intelligence"
"C:\Users\Ghanam\OneDrive\projects\Greeny-Life\canonical\intelligence\eos-business-contract-discovery.json","eos-business-contract-discovery.json",".json","28719","7/30/2026 8:20:21 PM","C:\Users\Ghanam\OneDrive\projects\Greeny-Life\canonical\intelligence"
"C:\Users\Ghanam\OneDrive\projects\Greeny-Life\canonical\intelligence\eos-domain-activation-blueprint-v1.json","eos-domain-activation-blueprint-v1.json",".json","3860","7/30/2026 8:50:42 PM","C:\Users\Ghanam\OneDrive\projects\Greeny-Life\canonical\intelligence"
"C:\Users\Ghanam\OneDrive\projects\Greeny-Life\canonical\intelligence\eos-enterprise-architecture-final.json","eos-enterprise-architecture-final.json",".json","2469","7/30/2026 7:49:58 PM","C:\Users\Ghanam\OneDrive\projects\Greeny-Life\canonical\intelligence"
"C:\Users\Ghanam\OneDrive\projects\Greeny-Life\canonical\intelligence\eos-execution-truth-map.json","eos-execution-truth-map.json",".json","8691","7/30/2026 8:37:44 PM","C:\Users\Ghanam\OneDrive\projects\Greeny-Life\canonical\intelligence"
"C:\Users\Ghanam\OneDrive\projects\Greeny-Life\canonical\intelligence\eos-gldos-architecture-alignment.json","eos-gldos-architecture-alignment.json",".json","1865","7/30/2026 7:48:06 PM","C:\Users\Ghanam\OneDrive\projects\Greeny-Life\canonical\intelligence"
"C:\Users\Ghanam\OneDrive\projects\Greeny-Life\canonical\intelligence\eos-intelligent-domain-ownership-graph.json","eos-intelligent-domain-ownership-graph.json",".json","5358","7/30/2026 8:32:54 PM","C:\Users\Ghanam\OneDrive\projects\Greeny-Life\canonical\intelligence"
"C:\Users\Ghanam\OneDrive\projects\Greeny-Life\canonical\intelligence\eos-real-execution-path-map.json","eos-real-execution-path-map.json",".json","6438","7/30/2026 8:35:12 PM","C:\Users\Ghanam\OneDrive\projects\Greeny-Life\canonical\intelligence"
"C:\Users\Ghanam\OneDrive\projects\Greeny-Life\canonical\intelligence\eos-roadmap-readiness.json","eos-roadmap-readiness.json",".json","2587","7/30/2026 7:50:16 PM","C:\Users\Ghanam\OneDrive\projects\Greeny-Life\canonical\intelligence"
"C:\Users\Ghanam\OneDrive\projects\Greeny-Life\canonical\intelligence\contracts\execution-contract.json","execution-contract.json",".json","976","7/26/2026 2:52:19 PM","C:\Users\Ghanam\OneDrive\projects\Greeny-Life\canonical\intelligence\contracts"
"C:\Users\Ghanam\OneDrive\projects\Greeny-Life\canonical\intelligence\intelligence\intelligence-test.ts","intelligence-test.ts",".ts","1741","7/23/2026 8:38:51 PM","C:\Users\Ghanam\OneDrive\projects\Greeny-Life\canonical\intelligence\intelligence"
"C:\Users\Ghanam\OneDrive\projects\Greeny-Life\canonical\intelligence\intelligence\core\report-writer.ts","report-writer.ts",".ts","6607","7/23/2026 9:41:43 PM","C:\Users\Ghanam\OneDrive\projects\Greeny-Life\canonical\intelligence\intelligence\core"
"C:\Users\Ghanam\OneDrive\projects\Greeny-Life\canonical\intelligence\intelligence\engines\audit-engine.ts","audit-engine.ts",".ts","4836","7/24/2026 2:03:32 PM","C:\Users\Ghanam\OneDrive\projects\Greeny-Life\canonical\intelligence\intelligence\engines"
"C:\Users\Ghanam\OneDrive\projects\Greeny-Life\canonical\intelligence\intelligence\engines\data-integrity-engine.ts","data-integrity-engine.ts",".ts","11442","7/26/2026 1:45:17 PM","C:\Users\Ghanam\OneDrive\projects\Greeny-Life\canonical\intelligence\intelligence\engines"
"C:\Users\Ghanam\OneDrive\projects\Greeny-Life\canonical\intelligence\intelligence\health\health-reporter.ts","health-reporter.ts",".ts","1235","7/23/2026 4:33:19 PM","C:\Users\Ghanam\OneDrive\projects\Greeny-Life\canonical\intelligence\intelligence\health"
"C:\Users\Ghanam\OneDrive\projects\Greeny-Life\canonical\intelligence\intelligence\schemas\product-schema-map.ts","product-schema-map.ts",".ts","5349","7/23/2026 10:50:37 PM","C:\Users\Ghanam\OneDrive\projects\Greeny-Life\canonical\intelligence\intelligence\schemas"
"C:\Users\Ghanam\OneDrive\projects\Greeny-Life\canonical\intelligence\runtime\controlled-runtime-orchestrator.ts","controlled-runtime-orchestrator.ts",".ts","1767","7/26/2026 3:49:27 PM","C:\Users\Ghanam\OneDrive\projects\Greeny-Life\canonical\intelligence\runtime"
"C:\Users\Ghanam\OneDrive\projects\Greeny-Life\canonical\inventory\inventory-analytics-v1.json","inventory-analytics-v1.json",".json","320","7/31/2026 11:01:04 AM","C:\Users\Ghanam\OneDrive\projects\Greeny-Life\canonical\inventory"
"C:\Users\Ghanam\OneDrive\projects\Greeny-Life\canonical\inventory\inventory-automation-v1.json","inventory-automation-v1.json",".json","304","7/31/2026 10:58:11 AM","C:\Users\Ghanam\OneDrive\projects\Greeny-Life\canonical\inventory"
"C:\Users\Ghanam\OneDrive\projects\Greeny-Life\canonical\legacy-data\product-asset-link-map-v1.json","product-asset-link-map-v1.json",".json","132425","7/31/2026 11:20:37 AM","C:\Users\Ghanam\OneDrive\projects\Greeny-Life\canonical\legacy-data"
"C:\Users\Ghanam\OneDrive\projects\Greeny-Life\canonical\legacy-data\typescript-asset-inventory.json","typescript-asset-inventory.json",".json","4199","7/30/2026 7:57:04 PM","C:\Users\Ghanam\OneDrive\projects\Greeny-Life\canonical\legacy-data"
"C:\Users\Ghanam\OneDrive\projects\Greeny-Life\canonical\lib\workflowEngine.ts","workflowEngine.ts",".ts","3212","7/25/2026 12:27:22 AM","C:\Users\Ghanam\OneDrive\projects\Greeny-Life\canonical\lib"
"C:\Users\Ghanam\OneDrive\projects\Greeny-Life\docs\GOVERN_STOP.md","GOVERN_STOP.md",".md","428","8/5/2026 1:29:52 PM","C:\Users\Ghanam\OneDrive\projects\Greeny-Life\docs"
"C:\Users\Ghanam\OneDrive\projects\Greeny-Life\docs\INDEX.md","INDEX.md",".md","34406","8/5/2026 10:41:16 PM","C:\Users\Ghanam\OneDrive\projects\Greeny-Life\docs"
"C:\Users\Ghanam\OneDrive\projects\Greeny-Life\docs\auto-generated\INDEX.md","INDEX.md",".md","32526","8/5/2026 3:53:34 PM","C:\Users\Ghanam\OneDrive\projects\Greeny-Life\docs\auto-generated"
"C:\Users\Ghanam\OneDrive\projects\Greeny-Life\governance\Audit-Packaging.ps1","Audit-Packaging.ps1",".ps1","7195","8/5/2026 12:54:30 AM","C:\Users\Ghanam\OneDrive\projects\Greeny-Life\governance"
"C:\Users\Ghanam\OneDrive\projects\Greeny-Life\governance\eos-canonical-truth-registry-v1.json","eos-canonical-truth-registry-v1.json",".json","3464","8/5/2026 5:46:44 PM","C:\Users\Ghanam\OneDrive\projects\Greeny-Life\governance"
"C:\Users\Ghanam\OneDrive\projects\Greeny-Life\governance\eos-canonical-truth-registry-v2.json","eos-canonical-truth-registry-v2.json",".json","3732","8/5/2026 5:57:30 PM","C:\Users\Ghanam\OneDrive\projects\Greeny-Life\governance"
"C:\Users\Ghanam\OneDrive\projects\Greeny-Life\governance\eos-canonical-truth-registry-v3.json","eos-canonical-truth-registry-v3.json",".json","3875","8/5/2026 6:02:25 PM","C:\Users\Ghanam\OneDrive\projects\Greeny-Life\governance"
"C:\Users\Ghanam\OneDrive\projects\Greeny-Life\intelligence\archive-intelligence-report.json","archive-intelligence-report.json",".json","42941","8/5/2026 2:12:58 PM","C:\Users\Ghanam\OneDrive\projects\Greeny-Life\intelligence"
"C:\Users\Ghanam\OneDrive\projects\Greeny-Life\intelligence\cleanup_report.json","cleanup_report.json",".json","19356","8/5/2026 5:16:22 PM","C:\Users\Ghanam\OneDrive\projects\Greeny-Life\intelligence"
"C:\Users\Ghanam\OneDrive\projects\Greeny-Life\intelligence\comprehensive_report.json","comprehensive_report.json",".json","86392","8/5/2026 10:41:27 PM","C:\Users\Ghanam\OneDrive\projects\Greeny-Life\intelligence"
"C:\Users\Ghanam\OneDrive\projects\Greeny-Life\intelligence\deep_packaging_audit_report.json","deep_packaging_audit_report.json",".json","26895","8/5/2026 4:41:48 PM","C:\Users\Ghanam\OneDrive\projects\Greeny-Life\intelligence"
"C:\Users\Ghanam\OneDrive\projects\Greeny-Life\intelligence\eos-domain-api-ownership.json","eos-domain-api-ownership.json",".json","1096","7/30/2026 8:06:51 PM","C:\Users\Ghanam\OneDrive\projects\Greeny-Life\intelligence"
"C:\Users\Ghanam\OneDrive\projects\Greeny-Life\intelligence\eos-domain-connection-matrix.json","eos-domain-connection-matrix.json",".json","1596","7/30/2026 8:03:49 PM","C:\Users\Ghanam\OneDrive\projects\Greeny-Life\intelligence"
"C:\Users\Ghanam\OneDrive\projects\Greeny-Life\intelligence\eos-domain-runtime-ownership-map.json","eos-domain-runtime-ownership-map.json",".json","4430","7/30/2026 8:48:57 PM","C:\Users\Ghanam\OneDrive\projects\Greeny-Life\intelligence"
"C:\Users\Ghanam\OneDrive\projects\Greeny-Life\intelligence\eos-final-enterprise-blueprint-package-v1.json","eos-final-enterprise-blueprint-package-v1.json",".json","942","7/30/2026 9:17:38 PM","C:\Users\Ghanam\OneDrive\projects\Greeny-Life\intelligence"
"C:\Users\Ghanam\OneDrive\projects\Greeny-Life\intelligence\daily_reports\daily_audit_20260805.json","daily_audit_20260805.json",".json","91648","8/5/2026 10:41:27 PM","C:\Users\Ghanam\OneDrive\projects\Greeny-Life\intelligence\daily_reports"
"C:\Users\Ghanam\OneDrive\projects\Greeny-Life\KNOWLEDGE-BASE\Architecture\architecture-files.csv","architecture-files.csv",".csv","43761","8/3/2026 12:55:20 AM","C:\Users\Ghanam\OneDrive\projects\Greeny-Life\KNOWLEDGE-BASE\Architecture"
